{"type":"FeatureCollection","features":[{"type":"Feature","properties":{"KGISSub_DivisionID":1,"Sub_DivisionName":"E12"},"geometry":{"type":"Polygon","coordinates":[[[77.6768325,13.0002957],[77.6768344,13.0002704],[77.6768602,13.0002759],[77.6771475,13.0003293],[77.677259,13.0003329],[77.6775796,13.0003433],[77.6776577,13.0003361],[77.6776628,13.0003365],[77.6783087,13.0002921],[77.6784371,13.0002981],[77.6790481,13.00035],[77.6794244,13.000345],[77.6797404,13.0003692],[77.6800449,13.0003868],[77.6802372,13.0003818],[77.6802789,13.0003807],[77.6804108,13.0003772],[77.6805209,13.0003633],[77.6808094,13.000327],[77.6808975,13.0003159],[77.6810141,13.0002627],[77.6811396,13.0001928],[77.6811833,13.0001685],[77.6811925,13.0001633],[77.6811931,13.0001628],[77.6813435,13.0000246],[77.6813879,12.999966],[77.6814422,12.9998941],[77.6818387,12.9992682],[77.6818664,12.9992244],[77.6820362,12.9989563],[77.6830442,12.9973229],[77.6831243,12.9971927],[77.6835885,12.9964428],[77.6836119,12.996405],[77.6836326,12.9963746],[77.6837416,12.996214],[77.6839101,12.9959843],[77.6847574,12.9948289],[77.6852258,12.9941916],[77.6853101,12.9940769],[77.6853118,12.9940746],[77.6853185,12.9940655],[77.6853697,12.9939957],[77.6855094,12.9942397],[77.6856976,12.9945683],[77.6857403,12.9946428],[77.6858473,12.9948296],[77.6860302,12.9950675],[77.6861192,12.995204],[77.6862199,12.9953636],[77.6864216,12.9956869],[77.6864853,12.9957891],[77.6865339,12.9958751],[77.6865784,12.9959665],[77.6866368,12.9960865],[77.6868355,12.9964997],[77.6869089,12.9966381],[77.6870947,12.9969742],[77.6871828,12.9971046],[77.6873311,12.9973018],[77.6873456,12.9973211],[77.6875093,12.9975388],[77.6877071,12.9977945],[77.6878689,12.9979618],[77.6879706,12.9980524],[77.6881463,12.9982044],[77.6885024,12.9985128],[77.6885885,12.9984198],[77.688596,12.9984117],[77.6886235,12.998382],[77.6889152,12.9981481],[77.6894749,12.9978614],[77.6896333,12.9977851],[77.689725,12.9977409],[77.6897298,12.9977386],[77.68985,12.9976806],[77.6906405,12.9972997],[77.690648,12.997296],[77.6906482,12.997296],[77.6906602,12.9972901],[77.6906873,12.9972771],[77.6907204,12.9972587],[77.6907132,12.9972395],[77.6897795,12.9951657],[77.6897027,12.9949951],[77.6893994,12.9943215],[77.6893887,12.9943141],[77.6892471,12.9942173],[77.6883348,12.9935961],[77.6881094,12.9934426],[77.6872655,12.992868],[77.6866446,12.9924452],[77.6866484,12.9924402],[77.6866483,12.9924402],[77.6865417,12.9923672],[77.6866321,12.9922465],[77.6867558,12.9920824],[77.6869655,12.9918044],[77.6872009,12.9914999],[77.6872191,12.9914759],[77.687273,12.9914051],[77.6874027,12.9912345],[77.6877989,12.9907048],[77.6880797,12.9903277],[77.6882274,12.9901355],[77.6883343,12.9899789],[77.6885346,12.9896721],[77.6887394,12.989329],[77.6890258,12.9888456],[77.6893106,12.9883599],[77.6896367,12.9878068],[77.6898735,12.9874142],[77.6899707,12.9872531],[77.6900127,12.9871834],[77.6904458,12.986468],[77.6907548,12.9859554],[77.691786,12.9842825],[77.6922273,12.9835736],[77.6923162,12.9834309],[77.6924393,12.9832332],[77.6927654,12.9827047],[77.693004,12.9823181],[77.6930451,12.9822514],[77.6932276,12.9819435],[77.6932559,12.9818957],[77.693257,12.9818941],[77.6932678,12.9818939],[77.6939486,12.9808017],[77.695184,12.9787643],[77.6989977,12.9724748],[77.7003627,12.9702386],[77.7013958,12.9685426],[77.7015474,12.9682717],[77.7018977,12.9676276],[77.7021072,12.9669546],[77.7021271,12.9668682],[77.7021516,12.9667231],[77.7021533,12.9667098],[77.7021534,12.9667085],[77.7021605,12.9666528],[77.7021686,12.9665889],[77.7021811,12.966464],[77.7021848,12.966382],[77.7021833,12.9662377],[77.7021733,12.9660699],[77.7020826,12.9651288],[77.7020122,12.9643983],[77.7019868,12.9642181],[77.7019715,12.9641092],[77.7019594,12.9640234],[77.7019043,12.9636471],[77.701584,12.9615612],[77.7015491,12.9613418],[77.7015417,12.961286],[77.7015258,12.9611656],[77.7014978,12.9609546],[77.70146,12.9606698],[77.7013467,12.9599642],[77.7012844,12.9595438],[77.7012794,12.9595101],[77.7012794,12.95951],[77.7012733,12.9594682],[77.70126,12.9593069],[77.7012454,12.9591293],[77.7012338,12.9588589],[77.7012341,12.9588455],[77.7012355,12.9587868],[77.7012359,12.9587707],[77.7012369,12.9586868],[77.7012462,12.9582854],[77.7012482,12.9582003],[77.7012371,12.9579329],[77.7012223,12.9575787],[77.701172,12.957131],[77.7011521,12.9569542],[77.7011509,12.9569434],[77.7011505,12.9569435],[77.7011301,12.9569448],[77.701058,12.9569494],[77.701031,12.9569511],[77.7007026,12.9569721],[77.6996134,12.9570554],[77.6993089,12.9570743],[77.6991441,12.9570776],[77.6990596,12.9570696],[77.6988642,12.9570404],[77.6969872,12.9567168],[77.696389,12.9566105],[77.6961444,12.9565671],[77.6950506,12.9563727],[77.6919996,12.9558383],[77.6918789,12.9558172],[77.6917506,12.9557947],[77.6917495,12.9557945],[77.691532,12.9557562],[77.6914845,12.9557478],[77.6914817,12.9557473],[77.6909353,12.955651],[77.6908544,12.9556368],[77.6906162,12.9555948],[77.6905827,12.9555889],[77.6901637,12.955515],[77.6900275,12.9554908],[77.6898239,12.9554546],[77.6896882,12.9554304],[77.6896573,12.9555192],[77.6896444,12.955556],[77.6892997,12.9559878],[77.6888943,12.956333],[77.6887941,12.9564022],[77.6887669,12.9564416],[77.6882979,12.9571213],[77.6886293,12.9584359],[77.6890079,12.9589263],[77.6887674,12.9591301],[77.6891444,12.959474],[77.6890536,12.959713],[77.689066,12.9608606],[77.6887086,12.9623471],[77.6885061,12.9626055],[77.6883607,12.9629732],[77.6882706,12.963278],[77.6883996,12.9637255],[77.6888911,12.9654317],[77.6892887,12.9659585],[77.689312,12.9660757],[77.6886236,12.9667503],[77.6885688,12.9668041],[77.6884443,12.966749],[77.6884295,12.9667425],[77.688177,12.9666309],[77.6880722,12.9665845],[77.6877328,12.9664345],[77.6876921,12.9664305],[77.6876574,12.966427],[77.687655,12.9664287],[77.6876524,12.96643],[77.6876497,12.9664309],[77.6876468,12.9664313],[77.6876439,12.9664313],[77.6873474,12.9664081],[77.68685,12.966362],[77.6867328,12.9663543],[77.6867059,12.9663526],[77.6862248,12.9663213],[77.6862119,12.9663204],[77.6860678,12.9663091],[77.6860074,12.9663044],[77.6859185,12.9662974],[77.6858094,12.9662889],[77.685649,12.9662763],[77.6855626,12.9662695],[77.6852223,12.9662416],[77.6850745,12.9662294],[77.6849846,12.9662229],[77.6846973,12.9662021],[77.6846663,12.9661999],[77.6842289,12.9661682],[77.6836048,12.9661255],[77.6835538,12.966122],[77.6834937,12.9661179],[77.683435,12.9661138],[77.6834319,12.9661134],[77.6834289,12.9661124],[77.6834262,12.9661109],[77.6834237,12.966109],[77.6834216,12.9661068],[77.6834199,12.9661042],[77.6834187,12.9661013],[77.683418,12.9660983],[77.6834178,12.9660953],[77.6834179,12.9660933],[77.6834201,12.9660728],[77.683385,12.9660734],[77.683384,12.9660734],[77.683357,12.966073],[77.6832319,12.9660707],[77.6831864,12.9660728],[77.6831268,12.9660713],[77.6830182,12.9660685],[77.6830084,12.9659473],[77.6829826,12.9657878],[77.6829673,12.9657266],[77.6829626,12.9657077],[77.6829561,12.9656815],[77.6829248,12.9655835],[77.6828547,12.9654669],[77.6825143,12.9649401],[77.6825068,12.9649273],[77.6825066,12.9649269],[77.6824927,12.9649031],[77.6824477,12.9648169],[77.6823866,12.9647163],[77.6823355,12.9646339],[77.6823233,12.9646106],[77.6822773,12.9645302],[77.682277,12.9645296],[77.6822488,12.9644807],[77.6822125,12.9643751],[77.6822068,12.9643584],[77.6822066,12.9643578],[77.6821974,12.9643309],[77.6821854,12.9642989],[77.6821768,12.9642759],[77.6821732,12.9642645],[77.6821615,12.9642281],[77.6821331,12.9641103],[77.6821326,12.9641082],[77.6821158,12.9640383],[77.6821109,12.9639884],[77.6821033,12.9639098],[77.6821011,12.9638942],[77.6821004,12.9638891],[77.682084,12.9637697],[77.6820831,12.9637632],[77.6820508,12.9634917],[77.682032,12.9634385],[77.6820276,12.9634204],[77.682026,12.9634169],[77.6820192,12.9634024],[77.681996,12.96334],[77.681943,12.963162],[77.6818534,12.9629217],[77.6818519,12.9629178],[77.6818334,12.9628683],[77.6817039,12.9624375],[77.6816698,12.9623142],[77.6816693,12.962312],[77.6816378,12.9621799],[77.6816295,12.962145],[77.6815709,12.9618223],[77.6815329,12.9616667],[77.6815255,12.9616368],[77.6815195,12.9616278],[77.6815165,12.9616234],[77.6815013,12.9615829],[77.6810528,12.9615388],[77.6797551,12.9617896],[77.6797382,12.9618017],[77.6785127,12.9622369],[77.6775168,12.96234],[77.677395,12.9622457],[77.6749668,12.9606631],[77.6733967,12.9606993],[77.673341,12.9607249],[77.6733337,12.9607268],[77.6732807,12.9607412],[77.6731289,12.9607934],[77.6730859,12.9608082],[77.6729595,12.9608509],[77.6728535,12.9608867],[77.6724181,12.9610285],[77.6723891,12.9610379],[77.672388,12.9610381],[77.6723633,12.9610434],[77.6723501,12.961045],[77.6723125,12.9610633],[77.6721276,12.9611244],[77.6720998,12.9611157],[77.6720806,12.9611114],[77.6720678,12.9611106],[77.6720591,12.9611101],[77.672004,12.9611174],[77.6719709,12.9611237],[77.6719045,12.9611414],[77.6718699,12.9611526],[77.671826,12.9611669],[77.6718114,12.9611785],[77.6718053,12.9611846],[77.6718025,12.9611923],[77.6718018,12.9611944],[77.6718005,12.9611979],[77.6717673,12.9613024],[77.6717613,12.9613213],[77.6717156,12.9613665],[77.6710963,12.9615213],[77.6710297,12.9615361],[77.6710122,12.9615407],[77.670924,12.9615644],[77.670915,12.9615668],[77.6708948,12.961574],[77.6705514,12.9616871],[77.6703556,12.9617347],[77.6703039,12.9617299],[77.6702888,12.9617287],[77.6700573,12.9616867],[77.6700254,12.9616806],[77.6699929,12.9616744],[77.66997,12.9616704],[77.6699341,12.961664],[77.6699317,12.961664],[77.6687507,12.9616532],[77.6683108,12.9616492],[77.6671029,12.9618787],[77.6670098,12.9618964],[77.6669939,12.9618969],[77.6669736,12.9618999],[77.6669599,12.961902],[77.6669249,12.9619073],[77.6668412,12.9619226],[77.6668179,12.9619276],[77.6666981,12.9619528],[77.6662551,12.9620268],[77.666255,12.9620268],[77.6659722,12.962072],[77.6658,12.9621101],[77.6657716,12.9621164],[77.6656178,12.9621566],[77.6655811,12.9621684],[77.6655317,12.9621841],[77.6655195,12.9621896],[77.6654275,12.9622308],[77.6653855,12.9622496],[77.6653602,12.962261],[77.6653482,12.9622539],[77.6653265,12.9622443],[77.66506,12.9621118],[77.6650538,12.9621084],[77.665039,12.9621001],[77.6650444,12.9621131],[77.6650473,12.9621275],[77.6650474,12.9621432],[77.6650449,12.9621577],[77.664923,12.9623494],[77.6645478,12.9629372],[77.6644876,12.9630342],[77.6638719,12.9640224],[77.6637271,12.9642549],[77.6629871,12.9653722],[77.6623711,12.9662722],[77.6621054,12.9666565],[77.6619902,12.9668231],[77.6619824,12.9668348],[77.6619849,12.9668365],[77.662193,12.966988],[77.6621932,12.9669881],[77.6624681,12.9671881],[77.6627039,12.9674379],[77.6627618,12.9682919],[77.6627755,12.9683309],[77.6630008,12.9689677],[77.6630242,12.9690337],[77.6630873,12.9692215],[77.6632556,12.9697222],[77.6634704,12.970361],[77.6635686,12.9706531],[77.6638404,12.9705847],[77.663952,12.9705735],[77.6640681,12.9705618],[77.6642035,12.9705713],[77.6642765,12.9706215],[77.6643355,12.9709316],[77.664373,12.9711632],[77.664426,12.9714907],[77.6644523,12.9717574],[77.6645186,12.9717654],[77.6647506,12.9717794],[77.6648835,12.9717947],[77.6650777,12.971837],[77.6652633,12.9718774],[77.6652761,12.9718706],[77.6653808,12.9717395],[77.6655028,12.9716039],[77.6655352,12.9715853],[77.6655705,12.9715706],[77.665603,12.9715571],[77.6656097,12.9715543],[77.6658186,12.971512],[77.6660284,12.9714682],[77.6660285,12.9714695],[77.6660538,12.9714644],[77.6663389,12.9714067],[77.6669311,12.9713062],[77.6669846,12.971315],[77.6670256,12.9713218],[77.6670781,12.9713619],[77.6673327,12.971636],[77.6677967,12.9721357],[77.6682556,12.9726299],[77.6683251,12.9727076],[77.6689516,12.9734078],[77.6693401,12.9738421],[77.6699932,12.9745628],[77.6702553,12.9748521],[77.670368,12.9747972],[77.6705913,12.974716],[77.670608,12.9747109],[77.6719528,12.9743013],[77.6737226,12.9737055],[77.6744325,12.9734833],[77.6748015,12.9733876],[77.6748079,12.9733863],[77.6749776,12.9733504],[77.6750452,12.9733361],[77.6757369,12.9731949],[77.6764727,12.9730287],[77.6769405,12.9729079],[77.677746,12.972767],[77.6777733,12.9727622],[77.6780648,12.9727112],[77.6781038,12.9727044],[77.6781764,12.9730233],[77.6782158,12.9731959],[77.678291,12.9734321],[77.6782947,12.9734434],[77.6785803,12.9743279],[77.6787459,12.9748426],[77.6787493,12.9748532],[77.6788937,12.9753017],[77.6789343,12.9754269],[77.6790347,12.975681],[77.6790501,12.975724],[77.6791263,12.9758516],[77.6791452,12.9758868],[77.6792362,12.9761582],[77.6793006,12.9763855],[77.6793384,12.9765191],[77.6793287,12.9765995],[77.6793035,12.976773],[77.6792879,12.97688],[77.6792753,12.9769791],[77.6792903,12.9771625],[77.6793114,12.9778379],[77.6793298,12.9780509],[77.6793528,12.9783168],[77.6793731,12.978486],[77.6794101,12.9787083],[77.6795262,12.979167],[77.6795951,12.9794389],[77.6796061,12.9794984],[77.6796495,12.9797342],[77.679727,12.9801552],[77.6797442,12.9802715],[77.6797812,12.9805063],[77.6798456,12.980808],[77.6799173,12.9810406],[77.6799534,12.9811487],[77.6800179,12.9813418],[77.6803247,12.9823817],[77.6803858,12.9826712],[77.6803888,12.9827599],[77.680352,12.9829138],[77.6803189,12.9829641],[77.6802758,12.9830293],[77.6802083,12.9831114],[77.6803834,12.9835162],[77.6801573,12.9836493],[77.6801186,12.9836739],[77.6800308,12.9837295],[77.6800285,12.983731],[77.6799163,12.9838021],[77.6799068,12.9837995],[77.6799065,12.9837994],[77.6798502,12.983784],[77.6792597,12.9841213],[77.6792225,12.9841565],[77.6792152,12.9841883],[77.6792151,12.9841888],[77.6792094,12.9842135],[77.6789236,12.9843969],[77.6788307,12.9844562],[77.6786349,12.9845814],[77.6782324,12.984806],[77.6777274,12.9850884],[77.6776818,12.9851143],[77.6775794,12.9852011],[77.6775611,12.9852161],[77.6775367,12.985236],[77.6774961,12.9852587],[77.6771282,12.9854647],[77.6766166,12.9857585],[77.6763411,12.9859198],[77.6761719,12.9860131],[77.676035,12.9860887],[77.6759156,12.9861485],[77.6757458,12.9862336],[77.6753998,12.9864071],[77.6752658,12.9864729],[77.6751365,12.9865295],[77.6748281,12.9866646],[77.6747418,12.986701],[77.6747406,12.9867016],[77.6743662,12.9868598],[77.6742442,12.9869113],[77.6739745,12.9870695],[77.6737878,12.9871822],[77.6737008,12.9872322],[77.6735806,12.9873013],[77.6732783,12.987475],[77.673227,12.9875065],[77.6731139,12.9875758],[77.6727004,12.9878291],[77.6725192,12.9879401],[77.6720316,12.9882388],[77.6707701,12.9890074],[77.6707671,12.9890092],[77.670765,12.9890105],[77.6707591,12.9890135],[77.6704769,12.9891564],[77.6700944,12.9894069],[77.6700239,12.989453],[77.6688234,12.9901288],[77.668463,12.9903317],[77.6678408,12.9907149],[77.6664201,12.9915524],[77.6663752,12.9915789],[77.6662968,12.9916787],[77.6654188,12.9927973],[77.6653935,12.9928296],[77.6653622,12.9928694],[77.6645393,12.9942379],[77.6644096,12.9944539],[77.6643995,12.9944708],[77.6643953,12.9944724],[77.6643814,12.9944999],[77.6643013,12.9946254],[77.6636835,12.9955941],[77.6636564,12.9956366],[77.6635719,12.9957874],[77.6631995,12.9964588],[77.6629981,12.996896],[77.6645375,12.9978471],[77.6645441,12.9978511],[77.6645441,12.9978512],[77.6645711,12.9978679],[77.6662203,12.9986416],[77.6674945,12.9990265],[77.6693005,12.9996606],[77.6702636,13.0000091],[77.6723646,13.000442],[77.6725263,13.0004536],[77.6741122,13.0005679],[77.6756366,13.0006778],[77.676663,13.0003499],[77.6768325,13.0002957]]]}},{"type":"Feature","properties":{"KGISSub_DivisionID":2,"Sub_DivisionName":"E11"},"geometry":{"type":"Polygon","coordinates":[[[77.7411503,13.0059461],[77.7411634,13.0052916],[77.7412018,13.0051153],[77.7413611,13.0044699],[77.7414864,13.0039621],[77.7416168,13.0034339],[77.7418107,13.0026481],[77.7418478,13.0021781],[77.7420112,13.000105],[77.7420222,12.9983381],[77.7420229,12.9982229],[77.7410042,12.998032],[77.739835,12.997813],[77.7359221,12.9970799],[77.7359078,12.9970772],[77.7355309,12.9970076],[77.733378,12.9966101],[77.7316238,12.9962862],[77.7330408,12.99327],[77.7333599,12.9925908],[77.7335946,12.9913783],[77.7341433,12.9885433],[77.7341433,12.988543],[77.7342889,12.9877829],[77.7343049,12.9877808],[77.7351293,12.9876602],[77.7352448,12.9876514],[77.7355814,12.9876256],[77.7358212,12.9876072],[77.736007,12.9876009],[77.736619,12.9875889],[77.736696,12.9875883],[77.7367288,12.987588],[77.7374354,12.9875824],[77.7381698,12.9875833],[77.7385944,12.9875889],[77.7388926,12.9875902],[77.7395272,12.9875908],[77.7400998,12.9875818],[77.740222,12.9875645],[77.7408124,12.9874098],[77.7408283,12.9874056],[77.7411111,12.987332],[77.7415428,12.9872203],[77.7422579,12.9870353],[77.7428757,12.9868785],[77.7433505,12.9867575],[77.7441421,12.9865656],[77.7446457,12.986442],[77.7448714,12.9863795],[77.7450248,12.9863354],[77.7453465,12.9862466],[77.7462924,12.9859231],[77.7474978,12.9854539],[77.7477756,12.9853448],[77.7478428,12.9854146],[77.7479016,12.9854601],[77.7479108,12.9854672],[77.7480003,12.9855149],[77.7480911,12.9855531],[77.7480915,12.9855533],[77.7481273,12.9855676],[77.7481821,12.9855895],[77.7485074,12.9857195],[77.7490323,12.9859038],[77.7490496,12.9859103],[77.7499729,12.9862296],[77.7506101,12.9864499],[77.7525067,12.9871762],[77.7529274,12.9873343],[77.7540498,12.9877562],[77.7540605,12.9877817],[77.7540878,12.9878469],[77.754447,12.9887031],[77.7545592,12.9889774],[77.7546865,12.9892884],[77.7547782,12.9895124],[77.7548034,12.9895667],[77.7549454,12.9898661],[77.7550905,12.9900911],[77.7551095,12.9901205],[77.7552246,12.990299],[77.7552449,12.9903261],[77.7552639,12.990351],[77.755534,12.9907039],[77.7561585,12.9915202],[77.7562437,12.9916306],[77.7571471,12.9927674],[77.7571813,12.992814],[77.7572275,12.99287],[77.7573297,12.9930136],[77.7573339,12.993022],[77.7573762,12.9931062],[77.7573978,12.9931492],[77.7573996,12.9931568],[77.7574296,12.9932859],[77.7574558,12.9933983],[77.7574761,12.9935485],[77.757523,12.9938664],[77.7576351,12.9942305],[77.7577348,12.9945117],[77.7577993,12.9946755],[77.7580152,12.9952231],[77.7581941,12.9956842],[77.7582553,12.9959238],[77.7582663,12.9959671],[77.7583489,12.9964727],[77.7583632,12.9965603],[77.7583672,12.9965845],[77.7583756,12.996636],[77.7574548,12.9968226],[77.7573122,12.9968515],[77.7565745,12.9967543],[77.7546464,12.9969976],[77.7547673,12.9971463],[77.755005,12.9979779],[77.7550432,12.9980486],[77.7557938,12.9993349],[77.7557592,12.9994588],[77.7560729,12.9996773],[77.7561115,12.9997149],[77.7562034,12.9998045],[77.7562849,12.999884],[77.7564077,13.0001615],[77.7564781,13.0003208],[77.7566491,13.0003838],[77.7569552,13.0004966],[77.7575237,13.0003913],[77.757762,13.0003472],[77.7576653,13.0008106],[77.7577123,13.0008379],[77.7578215,13.0009013],[77.7591224,13.0009024],[77.759529,13.0004574],[77.759743,13.0004485],[77.7597837,13.0005428],[77.759975,13.0009861],[77.7604161,13.0016335],[77.7618428,13.001942],[77.7626798,13.0025332],[77.7631904,13.0029572],[77.7634283,13.002521],[77.7634838,13.0026022],[77.7635037,13.0025676],[77.7655522,13.0016678],[77.7681423,13.0006272],[77.7701124,12.9998358],[77.7755715,12.9976425],[77.7743119,12.9921698],[77.7755033,12.991504],[77.7765368,12.9886192],[77.7759768,12.9882309],[77.775961,12.9877012],[77.7757354,12.9877575],[77.7752245,12.9878852],[77.775143,12.9878908],[77.7739776,12.9878782],[77.7738456,12.9877965],[77.7738517,12.9877863],[77.774118,12.9873453],[77.7733108,12.9871845],[77.7725137,12.9870257],[77.7720666,12.986926],[77.7718875,12.9868886],[77.7718265,12.9868758],[77.7717079,12.986851],[77.7716266,12.986834],[77.7711778,12.98674],[77.7710194,12.9867253],[77.7708762,12.9867119],[77.7702498,12.9866536],[77.769593,12.9867142],[77.7687879,12.9867884],[77.7685693,12.9868179],[77.7681503,12.9868745],[77.7673906,12.9869974],[77.7668526,12.9872501],[77.766483,12.9873284],[77.7664738,12.9873303],[77.7661251,12.9874042],[77.7660159,12.9874274],[77.7652395,12.9875919],[77.7649937,12.9876439],[77.7649387,12.9876725],[77.7649349,12.9876745],[77.7649042,12.9876904],[77.7646849,12.9877284],[77.7643091,12.9877933],[77.7641102,12.987821],[77.7639447,12.987844],[77.7639267,12.9878465],[77.7639068,12.9878499],[77.7636242,12.9878985],[77.7634527,12.9879302],[77.7627596,12.9880583],[77.7627521,12.9880512],[77.7626993,12.988001],[77.7626641,12.9879675],[77.7625835,12.9878909],[77.7625179,12.9878182],[77.7620246,12.987893],[77.7620034,12.9878958],[77.7619791,12.9878999],[77.7618574,12.9879201],[77.7616413,12.9879337],[77.7615876,12.9879368],[77.7614529,12.9879447],[77.7612545,12.9879388],[77.76125,12.9879387],[77.760965,12.9879395],[77.7605968,12.9879465],[77.7605674,12.9879463],[77.7605515,12.9879461],[77.7605336,12.9879451],[77.7604915,12.9879429],[77.7603891,12.9879286],[77.7602465,12.9879129],[77.760162,12.9879036],[77.7601208,12.9879039],[77.7599761,12.987905],[77.759773,12.9879128],[77.7597175,12.9877312],[77.7596903,12.9876453],[77.7595574,12.9872251],[77.7595218,12.9871111],[77.7593802,12.9866579],[77.7591871,12.9860313],[77.7590812,12.9856928],[77.7589903,12.9854077],[77.7589902,12.9854075],[77.7589428,12.9852589],[77.7589316,12.9852235],[77.7589106,12.9851557],[77.7587999,12.9847964],[77.7586154,12.9840778],[77.7585934,12.9839889],[77.7583973,12.9831947],[77.7583926,12.9831757],[77.7583574,12.9830327],[77.7582136,12.9824429],[77.7582022,12.9824426],[77.7581996,12.9824425],[77.758197,12.9824425],[77.7581493,12.9824412],[77.7580908,12.9821465],[77.7580287,12.9818336],[77.7579831,12.9815917],[77.7579752,12.98155],[77.757935,12.9813391],[77.7579197,12.9812589],[77.757879,12.9810452],[77.7578695,12.9809956],[77.7578127,12.9807214],[77.7577714,12.9805222],[77.7577151,12.9802001],[77.7577018,12.9801241],[77.7575981,12.9794848],[77.7575777,12.9793592],[77.7575138,12.9790321],[77.7574684,12.9787996],[77.7574635,12.9787747],[77.7574153,12.9785362],[77.757396,12.9784404],[77.7573568,12.9782465],[77.7573561,12.9782429],[77.75731,12.9780148],[77.7572512,12.9777134],[77.7572069,12.9774861],[77.7572031,12.9774662],[77.7568173,12.9773569],[77.756716,12.9773282],[77.7559318,12.977106],[77.7559439,12.9770798],[77.7560188,12.976918],[77.7557732,12.9765486],[77.7553108,12.9761435],[77.7548551,12.9757444],[77.754801,12.9756395],[77.754759,12.975571],[77.7546288,12.9753583],[77.7546155,12.9753385],[77.7544507,12.9749934],[77.7544319,12.9749541],[77.7544002,12.9749264],[77.7543045,12.9748431],[77.7540201,12.9744228],[77.7537759,12.973974],[77.7535768,12.973608],[77.7533902,12.973261],[77.7533579,12.9730855],[77.7533534,12.973061],[77.7531997,12.9722294],[77.7531924,12.972207],[77.7531173,12.9719773],[77.7530959,12.971912],[77.7530643,12.9718153],[77.7530634,12.9718127],[77.7530629,12.9718106],[77.7529484,12.9713203],[77.7529362,12.9712315],[77.752935,12.9712228],[77.7529282,12.9711728],[77.7529245,12.971146],[77.7529103,12.9710422],[77.752865,12.9708789],[77.7527001,12.9702832],[77.7525992,12.9698134],[77.7525987,12.9698112],[77.7525745,12.9696997],[77.7526107,12.9696938],[77.7526365,12.9696896],[77.7526408,12.9696889],[77.7528217,12.9696417],[77.7531236,12.9695629],[77.7534032,12.9694897],[77.7536032,12.9694374],[77.753622,12.9694321],[77.7539162,12.9693493],[77.7540712,12.9692865],[77.7540706,12.9692727],[77.7540632,12.9691014],[77.7540625,12.9690856],[77.7540867,12.9687802],[77.7540964,12.9686586],[77.754097,12.9686471],[77.7541202,12.9682081],[77.7541529,12.9680962],[77.7542029,12.9679342],[77.7542046,12.9678687],[77.7541864,12.9677992],[77.754163,12.9677493],[77.7541319,12.9677053],[77.7541321,12.9677002],[77.7541344,12.9676009],[77.7533105,12.9676141],[77.7528668,12.9676036],[77.7528215,12.966699],[77.7527239,12.9662053],[77.7526418,12.9659222],[77.7527608,12.9656567],[77.752923,12.9653525],[77.7529422,12.9651785],[77.752885,12.9651725],[77.7528594,12.9651698],[77.7527157,12.9651548],[77.752793,12.9645935],[77.7527931,12.964585],[77.7528035,12.9640671],[77.7526982,12.964043],[77.7525813,12.9640129],[77.7524273,12.9639678],[77.7521382,12.9638805],[77.7519676,12.963827],[77.7516715,12.963723],[77.7515768,12.9636868],[77.7514952,12.9636557],[77.7513635,12.9635916],[77.7512156,12.963504],[77.751175,12.963478],[77.7510896,12.9634233],[77.7510723,12.9634122],[77.7510722,12.9634123],[77.7510662,12.9634084],[77.7505384,12.9630737],[77.7505305,12.9623395],[77.7505188,12.9615497],[77.7505141,12.9615335],[77.7504934,12.9614625],[77.7504888,12.9614467],[77.750475,12.9614139],[77.7501794,12.9607102],[77.7501798,12.9605946],[77.7495949,12.960568],[77.7495837,12.9606446],[77.749564,12.960659],[77.749286,12.9606523],[77.7492092,12.9606341],[77.74915,12.9606134],[77.7491109,12.9605911],[77.749103,12.9605838],[77.7490985,12.9605678],[77.7490938,12.9605513],[77.7490706,12.9604239],[77.7490564,12.9603456],[77.7490447,12.9602812],[77.7490042,12.9600589],[77.7490022,12.9599409],[77.7489954,12.9592532],[77.7489986,12.9591863],[77.7490063,12.959022],[77.7490085,12.9589754],[77.7490192,12.9589063],[77.7490423,12.9587565],[77.749112,12.9583038],[77.748068,12.958212],[77.7478523,12.9581922],[77.7478384,12.9581918],[77.7473632,12.9581791],[77.7473496,12.9581787],[77.7473337,12.9581819],[77.7472914,12.9581903],[77.74728,12.9581925],[77.7472727,12.958195],[77.7470085,12.9582842],[77.7467711,12.9583701],[77.7464382,12.9584904],[77.7463285,12.9585301],[77.7462526,12.9585979],[77.7460481,12.9586755],[77.7459758,12.9586951],[77.7454762,12.9588311],[77.745277,12.9587535],[77.7451673,12.9587108],[77.7448545,12.9585889],[77.743861,12.9586611],[77.7435004,12.9585158],[77.7432725,12.9584239],[77.7427948,12.9584007],[77.7426658,12.9583977],[77.7421749,12.9583859],[77.7421255,12.9583847],[77.7421254,12.9583847],[77.7421264,12.9583495],[77.7421272,12.9583205],[77.7421307,12.9581958],[77.7421317,12.9581602],[77.7412938,12.9579826],[77.7406704,12.9578504],[77.7406689,12.9578208],[77.7406658,12.9577596],[77.7406652,12.9577487],[77.7406039,12.9577463],[77.7391216,12.9575763],[77.7387912,12.9575384],[77.7382308,12.9574741],[77.7382299,12.9575001],[77.7382295,12.9575105],[77.7382264,12.9576021],[77.7382235,12.9576875],[77.7382199,12.9577506],[77.7381822,12.9584084],[77.7381559,12.9588664],[77.7381468,12.9590352],[77.7381447,12.9590735],[77.7381184,12.9597029],[77.7382273,12.9602878],[77.7382289,12.9602962],[77.7382662,12.9604964],[77.73844,12.9614645],[77.7384634,12.9615947],[77.7385215,12.9619073],[77.7385228,12.9619133],[77.7385232,12.9619151],[77.7384946,12.9619198],[77.7379128,12.9620269],[77.7374783,12.9620987],[77.7373334,12.9621226],[77.7371282,12.9621608],[77.7370227,12.9621805],[77.7369494,12.962192],[77.7367253,12.9622273],[77.7365134,12.9622673],[77.7364324,12.9622825],[77.7361148,12.9623318],[77.7359362,12.962364],[77.7358984,12.9623699],[77.7358461,12.9623781],[77.735731,12.9623813],[77.7356351,12.9623973],[77.7353329,12.9624444],[77.7352225,12.9624616],[77.73512,12.9624749],[77.7350744,12.9624808],[77.7350586,12.9624846],[77.7350214,12.9624935],[77.7347983,12.9625525],[77.7346949,12.9625798],[77.7345631,12.9626168],[77.7345117,12.9626312],[77.7343857,12.96269],[77.734362,12.9627011],[77.734309,12.9627258],[77.7338199,12.9629605],[77.7337832,12.9629781],[77.7337773,12.9629809],[77.7336756,12.9630295],[77.7331846,12.9632636],[77.7331818,12.9632649],[77.7325845,12.9635582],[77.7325459,12.9635619],[77.7325453,12.9635609],[77.7325431,12.9635611],[77.7323022,12.9635851],[77.7315707,12.9636578],[77.7302482,12.9637894],[77.729828,12.9638311],[77.7297607,12.9637981],[77.7278908,12.9624628],[77.7275963,12.9623608],[77.7272475,12.9622748],[77.7272424,12.9620847],[77.7272362,12.961997],[77.7271968,12.9618953],[77.7271892,12.9618815],[77.7268336,12.9614578],[77.7267677,12.9614005],[77.726606,12.9613258],[77.7265983,12.9613233],[77.7260507,12.961145],[77.7253512,12.9609677],[77.7249915,12.960889],[77.7249878,12.9608882],[77.7247266,12.9608202],[77.7240204,12.9606303],[77.7239688,12.9609396],[77.7238774,12.9614872],[77.7233053,12.961396],[77.7231526,12.9617367],[77.723009,12.9620569],[77.7222643,12.9619234],[77.7221646,12.9616597],[77.7216697,12.9616729],[77.7212478,12.9616842],[77.7212866,12.9614099],[77.7212787,12.9614111],[77.7212815,12.9613861],[77.720081,12.9615856],[77.719543,12.961651],[77.7181401,12.9617931],[77.718028,12.9618196],[77.7179545,12.9618275],[77.7172781,12.9618709],[77.7168229,12.9618604],[77.7167818,12.9618784],[77.7162617,12.9621064],[77.7151484,12.9626017],[77.7143632,12.9624276],[77.7143391,12.9624233],[77.7141801,12.9623882],[77.7141433,12.9623801],[77.7143342,12.9613504],[77.7144908,12.9606376],[77.714549,12.9606455],[77.7146054,12.9602669],[77.7146242,12.9601688],[77.7146476,12.9600473],[77.7147086,12.9597297],[77.7147883,12.9593328],[77.7149541,12.9588603],[77.7149722,12.9588358],[77.715009,12.958718],[77.7150485,12.9585916],[77.715061,12.9585557],[77.7151109,12.9584136],[77.7154445,12.9576487],[77.715571,12.9564387],[77.7156353,12.9558244],[77.7156786,12.9554902],[77.7157099,12.9554359],[77.71573,12.955401],[77.7157392,12.955385],[77.7157878,12.9548435],[77.7158013,12.9547131],[77.7158594,12.9544752],[77.7159174,12.9542375],[77.7160857,12.9531508],[77.7163021,12.9519068],[77.7163017,12.9517794],[77.7163014,12.9516796],[77.7163191,12.9516144],[77.7163252,12.951592],[77.7163234,12.9514968],[77.7163206,12.9514185],[77.7163213,12.9513796],[77.7163385,12.9511795],[77.7164027,12.9503542],[77.7164189,12.9501692],[77.716535,12.9489994],[77.7165635,12.9484393],[77.7166443,12.947936],[77.7166707,12.947184],[77.7166496,12.9461515],[77.716644,12.9458797],[77.7166451,12.9458449],[77.7166617,12.945301],[77.7166665,12.945142],[77.716607,12.9451474],[77.7163552,12.9451196],[77.7163524,12.9450671],[77.7163531,12.9450635],[77.716291,12.9450791],[77.715948,12.9452097],[77.7157624,12.945281],[77.7157302,12.9452934],[77.7156243,12.9453341],[77.7155467,12.9453761],[77.7152347,12.9456177],[77.7150153,12.9457133],[77.7149858,12.9457239],[77.7148771,12.9457858],[77.7146803,12.9458981],[77.7145838,12.945936],[77.7142436,12.9460695],[77.7142209,12.946034],[77.7140159,12.9457137],[77.7138788,12.9457568],[77.7136654,12.9458238],[77.7135536,12.9456072],[77.7135475,12.9455953],[77.7133342,12.94566],[77.7132552,12.945684],[77.7130553,12.94572],[77.7130431,12.9457222],[77.713002,12.9455094],[77.7129888,12.9454738],[77.713011,12.9454471],[77.7130978,12.9453429],[77.7128922,12.9448937],[77.7127085,12.9448152],[77.7127017,12.9448123],[77.7126939,12.9447252],[77.7126877,12.9447211],[77.712683,12.9446905],[77.712426,12.9445225],[77.7123529,12.9443887],[77.711945,12.9441035],[77.7117006,12.943934],[77.7115506,12.94378],[77.7114559,12.9436828],[77.7111341,12.9434183],[77.7106462,12.9432318],[77.7104316,12.9431948],[77.7103088,12.9431735],[77.7101666,12.9430739],[77.7093802,12.9432852],[77.7086353,12.9434005],[77.7079994,12.9440045],[77.7079513,12.9440772],[77.707895,12.9441565],[77.7076424,12.9442177],[77.7073323,12.9440536],[77.7071753,12.9440825],[77.7070196,12.9441112],[77.7070168,12.9441117],[77.7068614,12.9441313],[77.7067796,12.9446034],[77.7066938,12.9446887],[77.7066541,12.9447044],[77.7062132,12.9448111],[77.7060093,12.9448604],[77.7058981,12.9448699],[77.7058215,12.9448702],[77.7057946,12.9448703],[77.7056692,12.9448479],[77.7053676,12.9448384],[77.7053363,12.9448374],[77.7051548,12.9449519],[77.7049407,12.9449592],[77.7047378,12.9450279],[77.7043782,12.9452324],[77.7041505,12.9454293],[77.7038941,12.9455148],[77.7027317,12.946224],[77.7024259,12.946292],[77.7017849,12.9464216],[77.7016185,12.946402],[77.701511,12.9463893],[77.7004749,12.9466568],[77.700209,12.9467254],[77.699217,12.9472375],[77.6993228,12.9473695],[77.6992333,12.9474129],[77.6992609,12.9475509],[77.6991416,12.947634],[77.6990003,12.9476536],[77.6989875,12.9476554],[77.69899,12.9476627],[77.6989901,12.947663],[77.6990061,12.9477104],[77.6990108,12.9477244],[77.6990147,12.947736],[77.6990337,12.9477922],[77.6990385,12.9478092],[77.6990821,12.9479643],[77.6993963,12.9483863],[77.6994346,12.9485847],[77.6995325,12.9490914],[77.6994338,12.9492022],[77.6994333,12.9492027],[77.6994328,12.9492033],[77.6993861,12.9492558],[77.6997321,12.9512499],[77.7001049,12.9529681],[77.7006424,12.9551402],[77.7008949,12.9560346],[77.7009632,12.9562766],[77.7011493,12.9569356],[77.7011505,12.9569397],[77.7011509,12.9569434],[77.7011521,12.9569542],[77.701172,12.957131],[77.7012223,12.9575787],[77.7012371,12.9579329],[77.7012482,12.9582003],[77.7012462,12.9582854],[77.7012369,12.9586868],[77.7012359,12.9587707],[77.7012355,12.9587868],[77.7012341,12.9588455],[77.7012338,12.9588589],[77.7012454,12.9591293],[77.70126,12.9593069],[77.7012733,12.9594682],[77.7012794,12.95951],[77.7012794,12.9595101],[77.7012844,12.9595438],[77.7013467,12.9599642],[77.70146,12.9606698],[77.7014978,12.9609546],[77.7015258,12.9611656],[77.7015417,12.961286],[77.7015491,12.9613418],[77.701584,12.9615612],[77.7019043,12.9636471],[77.7019594,12.9640234],[77.7019715,12.9641092],[77.7019868,12.9642181],[77.7020122,12.9643983],[77.7020826,12.9651288],[77.7021733,12.9660699],[77.7021833,12.9662377],[77.7021848,12.966382],[77.7021811,12.966464],[77.7021686,12.9665889],[77.7021605,12.9666528],[77.7021534,12.9667085],[77.7021533,12.9667098],[77.7021516,12.9667231],[77.7021271,12.9668682],[77.7021072,12.9669546],[77.7018977,12.9676276],[77.7015474,12.9682717],[77.7013958,12.9685426],[77.7003627,12.9702386],[77.6989977,12.9724748],[77.695184,12.9787643],[77.6939486,12.9808017],[77.6932678,12.9818939],[77.693257,12.9818941],[77.6932559,12.9818957],[77.6932276,12.9819435],[77.6930451,12.9822514],[77.693004,12.9823181],[77.6927654,12.9827047],[77.6924393,12.9832332],[77.6923162,12.9834309],[77.6922273,12.9835736],[77.691786,12.9842825],[77.6907548,12.9859554],[77.6904458,12.986468],[77.6900127,12.9871834],[77.6899707,12.9872531],[77.6898735,12.9874142],[77.6896367,12.9878068],[77.6893106,12.9883599],[77.6890258,12.9888456],[77.6887394,12.989329],[77.6885346,12.9896721],[77.6883343,12.9899789],[77.6882274,12.9901355],[77.6880797,12.9903277],[77.6877989,12.9907048],[77.6874027,12.9912345],[77.687273,12.9914051],[77.6872191,12.9914759],[77.6872009,12.9914999],[77.6869655,12.9918044],[77.6867558,12.9920824],[77.6866321,12.9922465],[77.6865417,12.9923672],[77.6866483,12.9924402],[77.6866484,12.9924402],[77.6866446,12.9924452],[77.6872655,12.992868],[77.6881094,12.9934426],[77.6883348,12.9935961],[77.6892471,12.9942173],[77.6893887,12.9943141],[77.6893994,12.9943215],[77.6897027,12.9949951],[77.6897795,12.9951657],[77.6907132,12.9972395],[77.6907204,12.9972587],[77.6907638,12.9972402],[77.6907781,12.9972342],[77.6913572,12.9969882],[77.6918648,12.9968132],[77.6922353,12.9966855],[77.6933054,12.9963222],[77.6934228,12.9962839],[77.6936459,12.9962066],[77.693683,12.9961937],[77.6944802,12.9958493],[77.6947469,12.9957287],[77.6951725,12.9955431],[77.6954257,12.9954678],[77.6960042,12.9953468],[77.696489,12.9952742],[77.6971782,12.9951796],[77.6974743,12.995132],[77.6978855,12.9950469],[77.6981342,12.9949803],[77.6985051,12.9948503],[77.6990899,12.9946429],[77.6993667,12.9945514],[77.6996157,12.9944749],[77.699942,12.9943902],[77.7000028,12.9943746],[77.7003568,12.9942838],[77.7003695,12.9944259],[77.7004259,12.9949507],[77.7004517,12.9951904],[77.700549,12.9961526],[77.7006338,12.9968409],[77.7006746,12.997172],[77.7006908,12.9973041],[77.7006992,12.9973575],[77.700796,12.9979727],[77.7008179,12.9981393],[77.7009186,12.9989052],[77.7010285,12.9997406],[77.701055,12.999942],[77.7010591,12.9999738],[77.7043578,13.0000594],[77.7050309,13.0000768],[77.7051448,13.0000798],[77.7054502,13.0000877],[77.7054919,13.0000888],[77.7056618,13.0010619],[77.7055511,13.001077],[77.705295,13.001112],[77.7052582,13.0011171],[77.7052828,13.001258],[77.7053051,13.0013862],[77.7054021,13.0019076],[77.7054161,13.0020085],[77.70544,13.002227],[77.7054631,13.0023947],[77.7054846,13.0025013],[77.705489,13.0025331],[77.7055064,13.0026093],[77.7058029,13.0039103],[77.7058701,13.0042047],[77.7058937,13.0043083],[77.7059048,13.0043569],[77.7060823,13.0043188],[77.7062645,13.0042796],[77.7065053,13.004255],[77.7071193,13.0043128],[77.70729,13.0043087],[77.7076161,13.0042692],[77.7080317,13.0042567],[77.7093935,13.0042909],[77.7106897,13.0043256],[77.7111358,13.004353],[77.7123937,13.0044545],[77.71257,13.0044687],[77.7130099,13.0045794],[77.7133265,13.0046101],[77.7136554,13.0046421],[77.7141473,13.0046207],[77.7142298,13.004613],[77.7153284,13.0045099],[77.7159556,13.0044704],[77.7165316,13.0044621],[77.7170577,13.0044743],[77.7180741,13.0045316],[77.7188472,13.0045763],[77.7191869,13.0045646],[77.7196629,13.0044548],[77.7199224,13.0043949],[77.7200429,13.0043672],[77.7201225,13.0043488],[77.720241,13.0043215],[77.7205133,13.0042496],[77.7209362,13.0041381],[77.7214034,13.0040148],[77.7215318,13.003981],[77.7221224,13.0038466],[77.7229056,13.0037008],[77.7234596,13.0035827],[77.7236888,13.0035776],[77.7249283,13.0035503],[77.7254884,13.0035633],[77.7261019,13.0036715],[77.7265742,13.0037364],[77.7265795,13.003737],[77.726897,13.0037715],[77.7272646,13.0038115],[77.7273602,13.0038363],[77.7274834,13.0039152],[77.7281024,13.0041823],[77.7282463,13.004435],[77.728484,13.0047394],[77.7285648,13.0048428],[77.7290218,13.005248],[77.7292714,13.0054408],[77.729641,13.0054565],[77.7307865,13.005505],[77.7313915,13.0054321],[77.7315938,13.0054249],[77.7322784,13.0055407],[77.7329352,13.0056036],[77.7335068,13.0056184],[77.7336676,13.0056358],[77.7338512,13.0056728],[77.7343198,13.0058186],[77.7346362,13.005916],[77.7348572,13.0059857],[77.7350284,13.0060587],[77.7352712,13.0062328],[77.7354408,13.0063544],[77.7355093,13.0063645],[77.7355277,13.0064333],[77.7355207,13.0064959],[77.7356886,13.0065216],[77.735938,13.0065691],[77.7368658,13.006746],[77.7372494,13.0068192],[77.7372708,13.0068232],[77.7373606,13.0068403],[77.740999,13.0072198],[77.7410564,13.0072258],[77.7411233,13.0072328],[77.7411452,13.0072558],[77.7411313,13.0072246],[77.7411034,13.0072002],[77.7410973,13.0071567],[77.7410956,13.0071445],[77.7411066,13.0069608],[77.7411112,13.0068856],[77.741134,13.0065062],[77.7411615,13.0060356],[77.7411546,13.0059802],[77.7411503,13.0059461]]]}},{"type":"Feature","properties":{"KGISSub_DivisionID":3,"Sub_DivisionName":"W13"},"geometry":{"type":"Polygon","coordinates":[[[77.5498993,12.9993062],[77.5499535,12.9990288],[77.5500017,12.9987827],[77.5500374,12.9986233],[77.5501065,12.9983154],[77.5501125,12.9982887],[77.5502122,12.9978442],[77.5502566,12.9976275],[77.5509579,12.9945137],[77.5510514,12.993645],[77.5510083,12.9922901],[77.5509399,12.9913226],[77.5506662,12.9902998],[77.550468,12.9895058],[77.5498955,12.9877181],[77.5498497,12.9875751],[77.5492277,12.9853362],[77.5491182,12.9847755],[77.5490481,12.9844169],[77.5490435,12.9839672],[77.5490044,12.9808121],[77.5490237,12.9808119],[77.5496842,12.9808054],[77.5504622,12.9807757],[77.5530602,12.9806459],[77.5530652,12.9806457],[77.5530711,12.9806455],[77.5538656,12.98062],[77.5537821,12.9799013],[77.5542041,12.9799889],[77.5552751,12.9801275],[77.5552245,12.9798989],[77.5551063,12.979487],[77.5550117,12.9791701],[77.5548956,12.9788287],[77.5547022,12.9781938],[77.5546666,12.978044],[77.554665,12.9780374],[77.5546436,12.9777348],[77.5546436,12.9777347],[77.5546425,12.9777199],[77.5546424,12.9777196],[77.554556,12.9773791],[77.5545527,12.9773277],[77.5545598,12.9773246],[77.555173,12.9770601],[77.5551615,12.9770331],[77.5551615,12.977033],[77.5551297,12.9769585],[77.5551296,12.9769584],[77.5551016,12.9768928],[77.5550556,12.976785],[77.5549618,12.9765584],[77.5547747,12.976135],[77.5547675,12.9761187],[77.5547594,12.9761004],[77.5546429,12.9758721],[77.5545557,12.9756972],[77.5544956,12.9755767],[77.5542971,12.9755678],[77.554211,12.9755639],[77.5538582,12.9755479],[77.5536307,12.9755239],[77.5534498,12.9755047],[77.5532903,12.9754879],[77.5530804,12.9754306],[77.5527851,12.9753144],[77.5523862,12.975048],[77.5519775,12.9747215],[77.5515545,12.9743742],[77.5512629,12.9741499],[77.5512531,12.9741431],[77.5512228,12.9741221],[77.5509491,12.9739322],[77.5508415,12.9738786],[77.5507713,12.9738435],[77.5506213,12.9737916],[77.5503779,12.973744],[77.5501433,12.9737743],[77.5497328,12.9739235],[77.5496556,12.9739687],[77.5493449,12.9741718],[77.5490165,12.9744683],[77.5489454,12.9745335],[77.548881,12.9745927],[77.548715,12.9747451],[77.5486925,12.9747658],[77.5486701,12.974781],[77.548551,12.9748927],[77.5485304,12.9749119],[77.548483,12.9749564],[77.5484828,12.9749565],[77.5484147,12.9750203],[77.5483945,12.9750413],[77.5483711,12.9750657],[77.5483709,12.9750658],[77.548336,12.9751022],[77.5481817,12.975266],[77.5480417,12.9754135],[77.5478879,12.9755716],[77.5478114,12.9756587],[77.5475997,12.9758996],[77.5474781,12.9760299],[77.5473428,12.976186],[77.5471853,12.9763528],[77.5469913,12.9765356],[77.5468579,12.9766487],[77.5466193,12.9768359],[77.5465544,12.976887],[77.546375,12.9770162],[77.5461534,12.9771915],[77.5459838,12.9773239],[77.5455458,12.9776501],[77.5452173,12.9778366],[77.5449023,12.9779616],[77.5444484,12.9781155],[77.5441614,12.9782117],[77.5439232,12.9782822],[77.543403,12.9784056],[77.5433815,12.9784094],[77.5433794,12.9784097],[77.5431801,12.9784449],[77.5430294,12.9784585],[77.5430269,12.9784587],[77.5427796,12.978481],[77.5424278,12.9785273],[77.5420758,12.978582],[77.5418477,12.978621],[77.5415454,12.9786773],[77.541294,12.9787581],[77.540767,12.9789588],[77.5404436,12.9791039],[77.5400742,12.9792639],[77.539612,12.9794576],[77.5391616,12.9796559],[77.5390718,12.979695],[77.5387609,12.9798304],[77.5381969,12.980078],[77.5379899,12.9801705],[77.5378195,12.9802431],[77.5375816,12.98035],[77.5372524,12.9804934],[77.5367659,12.9807098],[77.5367356,12.9807234],[77.5366825,12.9807472],[77.5366765,12.9807499],[77.5363137,12.9808933],[77.5361265,12.9809624],[77.5360946,12.9809741],[77.5358085,12.9810797],[77.5354122,12.9812192],[77.5353482,12.9812412],[77.5349947,12.9813628],[77.5348894,12.981399],[77.5346487,12.9814789],[77.534542,12.9815144],[77.53451,12.981525],[77.5343156,12.9815898],[77.5342264,12.9816177],[77.5341738,12.9816343],[77.5340147,12.9816842],[77.5339524,12.9817038],[77.5339409,12.9817074],[77.5337048,12.9817747],[77.5335879,12.981808],[77.5334248,12.9818546],[77.5333949,12.9818631],[77.5333417,12.9818751],[77.5333051,12.9818834],[77.5331881,12.9819098],[77.5330307,12.9819454],[77.5327254,12.9819803],[77.5326879,12.9819845],[77.532453,12.9820024],[77.5323608,12.9820094],[77.5320386,12.9820338],[77.5319218,12.9820442],[77.5318421,12.9820513],[77.5317212,12.982062],[77.5317002,12.9820644],[77.5316125,12.9820743],[77.5315827,12.9820777],[77.5314748,12.9821041],[77.5314006,12.9821224],[77.5313653,12.9821361],[77.5312483,12.9821816],[77.5312115,12.9821958],[77.5311564,12.9822314],[77.5310483,12.9823013],[77.530947,12.9823989],[77.5308895,12.9824818],[77.5308712,12.9825219],[77.5308659,12.9825335],[77.5308216,12.9826303],[77.5308073,12.9826616],[77.5307721,12.9827565],[77.5307595,12.9827905],[77.530722,12.9828916],[77.530647,12.983057],[77.5305934,12.9831685],[77.5305286,12.9832586],[77.5304345,12.9833383],[77.5301585,12.9834842],[77.5300182,12.9835475],[77.5299793,12.983565],[77.5296715,12.9837038],[77.529475,12.9837594],[77.5292855,12.9837935],[77.5291031,12.9838095],[77.5290084,12.9838193],[77.5290041,12.9838198],[77.5289499,12.9838254],[77.5288369,12.9838408],[77.5286959,12.9838805],[77.5286658,12.983889],[77.5286424,12.9838967],[77.5285421,12.9839296],[77.5284708,12.9839695],[77.5283944,12.9840478],[77.5283192,12.9841233],[77.5282671,12.9841757],[77.5280003,12.9845077],[77.5277874,12.9847532],[77.5277669,12.9847724],[77.5277421,12.9847956],[77.5276366,12.9848944],[77.5274926,12.9850293],[77.5274595,12.9850603],[77.5274475,12.9850716],[77.5274359,12.9850809],[77.5272795,12.9852076],[77.5271708,12.9852956],[77.5271564,12.9853074],[77.5271433,12.985318],[77.5270359,12.9854063],[77.5269199,12.9855018],[77.5268926,12.9855242],[77.5268682,12.9855444],[77.5268421,12.9855659],[77.5267559,12.9856368],[77.5266809,12.9857],[77.5265807,12.9857846],[77.5265713,12.9857925],[77.5265,12.9858511],[77.5264672,12.9858735],[77.5264364,12.9858917],[77.526432,12.9858944],[77.5264032,12.9859088],[77.5263759,12.9859202],[77.5263486,12.9859307],[77.5263069,12.9859437],[77.5262976,12.9859462],[77.5262857,12.9859494],[77.5262547,12.9859576],[77.5262185,12.9859659],[77.5261847,12.9859717],[77.5261574,12.9859759],[77.5261236,12.9859794],[77.5260858,12.9859814],[77.526056,12.9859809],[77.5260237,12.9859788],[77.5259939,12.9859744],[77.5259527,12.9859637],[77.5259163,12.9859483],[77.5258888,12.985932],[77.5258612,12.9859117],[77.5258468,12.9858982],[77.5258254,12.9858782],[77.5257581,12.9858094],[77.5257536,12.9858049],[77.5256796,12.9857293],[77.5255918,12.9856386],[77.5255711,12.9856187],[77.5255167,12.9855665],[77.5254624,12.985528],[77.5254399,12.9855133],[77.5254137,12.9854981],[77.5253794,12.9854819],[77.5253452,12.9854678],[77.5253027,12.9854527],[77.5252338,12.9854326],[77.5252087,12.9854253],[77.5251326,12.9854055],[77.5249386,12.9853573],[77.524708,12.9852951],[77.5246973,12.9852917],[77.5246808,12.9852865],[77.5245912,12.9852582],[77.524583,12.9852556],[77.5243279,12.9851749],[77.5240219,12.9850621],[77.5239725,12.985046],[77.5239371,12.9850355],[77.5239069,12.9850279],[77.5238782,12.9850232],[77.5238186,12.9850187],[77.5237671,12.9850178],[77.5237623,12.9850182],[77.5237312,12.985021],[77.5237109,12.9850247],[77.5237051,12.9850258],[77.5236748,12.985033],[77.5236351,12.9850448],[77.5236047,12.9850566],[77.5235605,12.9850823],[77.523507,12.9851218],[77.5234445,12.9851761],[77.5233676,12.9852473],[77.5231425,12.9854622],[77.5230668,12.9855216],[77.5228064,12.9857262],[77.5227335,12.9857746],[77.5226259,12.9858462],[77.5225673,12.9858851],[77.5223546,12.9860016],[77.5222877,12.9860382],[77.5221386,12.986097],[77.5219821,12.986145],[77.5219021,12.9861744],[77.5218253,12.9862098],[77.5218149,12.9862147],[77.5215353,12.9863713],[77.5213693,12.9864586],[77.5213623,12.9864623],[77.5211468,12.9865756],[77.5210058,12.9866479],[77.5208053,12.9867508],[77.5206249,12.9868271],[77.5206116,12.9868327],[77.5205165,12.9868729],[77.520404,12.9869205],[77.5203231,12.9870527],[77.520319,12.9870594],[77.5203134,12.9870686],[77.520253,12.9871672],[77.5200254,12.987505],[77.5200081,12.9875862],[77.5199877,12.9876818],[77.5199882,12.9877378],[77.5200521,12.9878953],[77.520054,12.9878999],[77.5200548,12.9879019],[77.5201232,12.9880706],[77.5201397,12.9881115],[77.5201809,12.9882138],[77.5202486,12.9882234],[77.5203646,12.9885995],[77.5203674,12.9886085],[77.520368,12.9886105],[77.5203713,12.988621],[77.5205666,12.9892542],[77.52057,12.9892651],[77.520574,12.989278],[77.5205742,12.9892786],[77.5206699,12.9896966],[77.5206942,12.9897921],[77.5207059,12.9898386],[77.5207148,12.9898636],[77.5208007,12.9901053],[77.5208899,12.990342],[77.5213614,12.9912563],[77.5214669,12.9913581],[77.5215405,12.9915143],[77.521541,12.9915172],[77.5215417,12.9915212],[77.5215619,12.9916383],[77.5215772,12.9917805],[77.5215786,12.991787],[77.5216127,12.9919383],[77.5216294,12.9919878],[77.5216302,12.9919897],[77.5216505,12.9920343],[77.5218369,12.9921393],[77.5220106,12.9921684],[77.522201,12.9921917],[77.5223783,12.9923503],[77.5225261,12.9925292],[77.522919,12.9930489],[77.5230266,12.993202],[77.5230324,12.9934216],[77.5230329,12.9934416],[77.5230384,12.9936501],[77.5230907,12.9941193],[77.5232964,12.9945763],[77.5235755,12.9953237],[77.5235838,12.9953456],[77.5235873,12.9953552],[77.5235953,12.9953767],[77.5237061,12.9956731],[77.5237757,12.9957364],[77.5237807,12.995741],[77.523783,12.9957431],[77.5237881,12.9957477],[77.5240399,12.9959768],[77.5242349,12.9961541],[77.5244589,12.9963578],[77.5247298,12.9969117],[77.52483,12.997224],[77.5250071,12.997776],[77.52504,12.9982982],[77.5256646,12.9984438],[77.5269382,12.9987352],[77.527279,12.9988239],[77.527458,12.9988444],[77.5277576,12.9988789],[77.527802,12.9988761],[77.5278913,12.9988531],[77.5280425,12.9987944],[77.528338,12.998702],[77.528416,12.9988271],[77.5284161,12.9988273],[77.5284185,12.9988312],[77.5284601,12.9988979],[77.5284647,12.9989053],[77.528465,12.9989058],[77.528466,12.9989074],[77.5284684,12.9989112],[77.5284688,12.998911],[77.528492,12.9989491],[77.5284921,12.9989493],[77.5285154,12.9989969],[77.5285237,12.9990184],[77.5285317,12.9990414],[77.5285366,12.9990599],[77.5285398,12.9990766],[77.5285403,12.9990842],[77.5285412,12.9990968],[77.5285423,12.9991127],[77.5285418,12.9991209],[77.5285404,12.9991465],[77.5285142,12.9993059],[77.5288436,12.9993746],[77.5290138,12.9994101],[77.5291385,12.999442],[77.5293534,12.999497],[77.5295117,12.9995407],[77.5296437,12.9995696],[77.529667,12.9994685],[77.5296671,12.9994683],[77.5296803,12.9994109],[77.5296958,12.9994186],[77.529839,12.9994531],[77.5299024,12.9994658],[77.5300409,12.9994936],[77.5303869,12.9995487],[77.5304495,12.9995585],[77.5304631,12.9995606],[77.5305937,12.999581],[77.5306768,12.999594],[77.5312237,12.9997349],[77.5316065,12.999827],[77.5316702,12.9998423],[77.5319372,12.9999001],[77.5320122,12.9999163],[77.5320429,12.9999229],[77.5321105,12.9999373],[77.5325315,13.0000265],[77.5327178,13.0000678],[77.5327602,13.0000772],[77.5329551,13.0001204],[77.5333755,13.0002129],[77.533769,13.0003085],[77.5338061,13.0003182],[77.5340474,13.0003809],[77.5342233,13.0004267],[77.5342691,13.0004386],[77.5343107,13.0004494],[77.5345275,13.0005083],[77.5348734,13.0006021],[77.5349759,13.0006271],[77.5351908,13.0006793],[77.5352339,13.0006898],[77.5356838,13.0008134],[77.5357175,13.0008226],[77.5357814,13.0008383],[77.5359098,13.0008699],[77.536034,13.0009004],[77.5362462,13.0009449],[77.5362933,13.0009548],[77.5364117,13.0009797],[77.536614,13.0010341],[77.5368234,13.0010904],[77.5369102,13.0011095],[77.5370082,13.001131],[77.5372136,13.0011761],[77.5374772,13.0012251],[77.5375832,13.0012485],[77.5378129,13.0012992],[77.5379149,13.0013237],[77.5379224,13.0013255],[77.5381013,13.0013686],[77.5383562,13.0014332],[77.5384826,13.0014684],[77.5386051,13.0015026],[77.5386482,13.0015146],[77.5390439,13.0016225],[77.5393042,13.0016905],[77.5396476,13.001789],[77.5396752,13.0017969],[77.5397158,13.0018086],[77.5398289,13.0018421],[77.5398815,13.0018635],[77.540008,13.0019192],[77.5402054,13.0020067],[77.5404024,13.0020905],[77.5404038,13.0020911],[77.5404978,13.0021311],[77.5405769,13.0021581],[77.5406197,13.0021727],[77.5406763,13.0021921],[77.5407459,13.0022129],[77.5409691,13.0023046],[77.5410878,13.0023573],[77.541255,13.0024315],[77.5417555,13.0026708],[77.5418059,13.0026943],[77.542122,13.002841],[77.5425328,13.0030468],[77.5428377,13.0031899],[77.5429602,13.0032445],[77.5429911,13.0032582],[77.5431477,13.0033279],[77.5436095,13.0035385],[77.5437601,13.003607],[77.5440167,13.0037304],[77.5442046,13.0038157],[77.5442269,13.0038258],[77.5442926,13.0038557],[77.5444373,13.0039214],[77.5448162,13.0040977],[77.5454996,13.0044155],[77.5459573,13.0046327],[77.546227,13.0047607],[77.5462425,13.0047681],[77.5463756,13.0048312],[77.5470911,13.0051628],[77.5475773,13.0053999],[77.5475902,13.0054062],[77.5476883,13.005454],[77.5482017,13.0057042],[77.5487808,13.0059855],[77.5488071,13.005831],[77.5488497,13.0055814],[77.5489326,13.0051011],[77.5489385,13.0050679],[77.5489538,13.0049822],[77.5489963,13.0047433],[77.5490112,13.0046609],[77.5490698,13.0043356],[77.5490768,13.004297],[77.5490785,13.0042876],[77.5491144,13.0040698],[77.5491246,13.0040079],[77.5491387,13.003922],[77.5491434,13.0038936],[77.5492908,13.0029517],[77.5493619,13.002502],[77.549371,13.0024438],[77.5493963,13.0022833],[77.5493996,13.0022625],[77.549452,13.0019085],[77.5494728,13.0017816],[77.5494926,13.0016614],[77.5495693,13.0011484],[77.5495775,13.0010939],[77.5495786,13.0010864],[77.5496042,13.0009213],[77.5496924,13.000415],[77.5497175,13.0002793],[77.5497894,12.9998906],[77.5498257,12.9996942],[77.5498349,12.9996458],[77.5498402,12.9996177],[77.5498785,12.999416],[77.5498993,12.9993062]]]}},{"type":"Feature","properties":{"KGISSub_DivisionID":4,"Sub_DivisionName":"W22"},"geometry":{"type":"Polygon","coordinates":[[[77.5088319,12.9886521],[77.5092242,12.9882194],[77.5092439,12.9882081],[77.5092653,12.9881959],[77.5093376,12.9881544],[77.5094465,12.9881214],[77.5094598,12.9881204],[77.5096875,12.9881045],[77.5097701,12.9881075],[77.5100379,12.9881173],[77.5101714,12.9881393],[77.5102571,12.9881535],[77.5102753,12.9881579],[77.5104507,12.988216],[77.5107391,12.9883326],[77.5108194,12.9883434],[77.5108837,12.988352],[77.5108892,12.9883527],[77.5110098,12.9883524],[77.5110196,12.9883507],[77.5111308,12.9883314],[77.5111562,12.988327],[77.5111805,12.9883192],[77.5117379,12.9881394],[77.5118443,12.9881051],[77.51236,12.9879433],[77.5125412,12.9878864],[77.5131656,12.9877325],[77.5134468,12.9876773],[77.5136805,12.9876631],[77.514075,12.9876595],[77.5144214,12.9876662],[77.5144541,12.9876715],[77.5146836,12.9877086],[77.5147341,12.9877168],[77.51496,12.9877789],[77.5155133,12.9879694],[77.5159884,12.9881488],[77.5162766,12.9882168],[77.5165866,12.9882187],[77.5169407,12.9881628],[77.5173254,12.988041],[77.5174094,12.9880076],[77.5175525,12.9879507],[77.5186563,12.9875122],[77.518762,12.987556],[77.518766,12.9875576],[77.5190662,12.9876819],[77.5194866,12.9875421],[77.5194867,12.9875425],[77.5196325,12.9879909],[77.5196823,12.9881443],[77.5200075,12.9881894],[77.5200105,12.9881898],[77.5201167,12.9882048],[77.5201205,12.9882053],[77.5201246,12.9882059],[77.5201809,12.9882138],[77.5201397,12.9881115],[77.5201232,12.9880706],[77.5200548,12.9879019],[77.520054,12.9878999],[77.5200521,12.9878953],[77.5199882,12.9877378],[77.5199877,12.9876818],[77.5200081,12.9875862],[77.5200254,12.987505],[77.520253,12.9871672],[77.5203134,12.9870686],[77.520319,12.9870594],[77.5203231,12.9870527],[77.520404,12.9869205],[77.520354,12.9869416],[77.5203522,12.9869424],[77.5202855,12.9869706],[77.5202551,12.9869813],[77.5202157,12.9869951],[77.5197886,12.9871449],[77.5194003,12.9872768],[77.519289,12.9869347],[77.5192839,12.9869189],[77.5192328,12.9867143],[77.519222,12.9866711],[77.5192211,12.9866673],[77.5192014,12.9865469],[77.5191826,12.986432],[77.5191819,12.9864274],[77.5191601,12.9862941],[77.5191595,12.9862865],[77.5191277,12.9859094],[77.5190881,12.9854401],[77.5190432,12.9850719],[77.5190086,12.9848635],[77.5189679,12.9846951],[77.5189069,12.9844487],[77.5188715,12.9843421],[77.5188555,12.9842954],[77.5188302,12.9842215],[77.518807,12.9841539],[77.5188052,12.9841484],[77.5187876,12.9840003],[77.5186783,12.9838392],[77.5186759,12.9838338],[77.5186508,12.9837781],[77.5185516,12.9835979],[77.5182599,12.9831324],[77.5182125,12.9830588],[77.5174887,12.9820443],[77.5174087,12.9819308],[77.5173922,12.9816586],[77.5173869,12.9816167],[77.5173632,12.9814302],[77.5173632,12.9814297],[77.5173631,12.9814293],[77.517864,12.981252],[77.5183951,12.980794],[77.5185771,12.9800847],[77.5188815,12.980047],[77.5189097,12.9798233],[77.5189791,12.9797146],[77.5190134,12.9794706],[77.5188511,12.9791866],[77.5190847,12.9787313],[77.5191706,12.9785533],[77.5191426,12.9784558],[77.5191378,12.9784392],[77.5190379,12.9780913],[77.5190363,12.9780855],[77.5188476,12.9772681],[77.5189002,12.9772542],[77.5189961,12.9772288],[77.5189955,12.9772011],[77.5188944,12.9768859],[77.5185625,12.9755324],[77.5184688,12.9751922],[77.5182613,12.9744381],[77.5180516,12.9740614],[77.5180557,12.9740556],[77.5178541,12.9736848],[77.5175131,12.9719733],[77.5169684,12.9688033],[77.5168287,12.966617],[77.5168762,12.9645924],[77.5171086,12.9621146],[77.5171105,12.9619508],[77.5167978,12.9619733],[77.5160061,12.9619704],[77.5159065,12.9618853],[77.5159045,12.9610882],[77.5156577,12.9602126],[77.5156498,12.9602003],[77.5149538,12.9591227],[77.5148203,12.9585682],[77.5145197,12.9577608],[77.514064,12.957957],[77.5132929,12.9582889],[77.5129292,12.9586205],[77.5128957,12.9586401],[77.5122618,12.9595929],[77.5120122,12.9596106],[77.5119388,12.9595987],[77.5119374,12.9595984],[77.5118811,12.9595893],[77.5115371,12.9591762],[77.5115252,12.9587677],[77.5115302,12.9586914],[77.5116502,12.9586085],[77.5116693,12.9585743],[77.5116691,12.958551],[77.5116397,12.9584295],[77.5116473,12.9583351],[77.5116647,12.9583248],[77.5117066,12.9582676],[77.5117178,12.9581924],[77.5116801,12.9576884],[77.5116262,12.9569661],[77.5115323,12.9560331],[77.511428,12.9553762],[77.5088072,12.956198],[77.5075203,12.9566885],[77.5068756,12.9570533],[77.5047517,12.9576809],[77.5047156,12.9576588],[77.5035417,12.956938],[77.5028105,12.9566559],[77.5028102,12.9566553],[77.5027836,12.9565934],[77.5026338,12.9562451],[77.5026252,12.9562251],[77.5022703,12.9556726],[77.502263,12.9556615],[77.5020816,12.9553847],[77.5018916,12.9551434],[77.5018027,12.9550305],[77.5017856,12.9550087],[77.5015796,12.9547568],[77.5014521,12.9546031],[77.5011981,12.9542965],[77.5011564,12.9542454],[77.5008652,12.9538886],[77.5007333,12.9537165],[77.5005311,12.9534527],[77.5003236,12.9530995],[77.5002454,12.9529638],[77.4999911,12.9525228],[77.4999198,12.9523992],[77.4998107,12.9521786],[77.49981,12.9521771],[77.4997674,12.9520911],[77.4997604,12.9520769],[77.4997583,12.9520686],[77.4997163,12.9519072],[77.4995328,12.9512008],[77.4995184,12.9511571],[77.499513,12.9511406],[77.4994821,12.9510474],[77.4994613,12.9509845],[77.4994233,12.950924],[77.4994129,12.9509127],[77.4988866,12.9505543],[77.4979185,12.9498949],[77.4978602,12.9498552],[77.4984436,12.9495061],[77.4991664,12.9491436],[77.4988505,12.9473933],[77.4978731,12.9474647],[77.4973776,12.947514],[77.4968321,12.9476313],[77.4963115,12.9476921],[77.4949757,12.947756],[77.4948903,12.947768],[77.4947725,12.9477846],[77.4940156,12.9478912],[77.4939617,12.9476092],[77.4935619,12.9476485],[77.4933488,12.94766],[77.4928816,12.9476735],[77.492427,12.9476817],[77.4922589,12.9476705],[77.4922247,12.9476682],[77.4916783,12.9476319],[77.4905642,12.9477272],[77.490485,12.9474774],[77.4903106,12.9476174],[77.489835,12.9479992],[77.4898211,12.9480104],[77.4897916,12.9480341],[77.4895262,12.9482471],[77.4895098,12.9482603],[77.4894892,12.948279],[77.4889383,12.9487785],[77.4887313,12.9489801],[77.48873,12.9489814],[77.4886349,12.9490739],[77.4886317,12.9490688],[77.4886089,12.9490329],[77.4882851,12.9485209],[77.4882239,12.9484292],[77.4881692,12.9483473],[77.4881538,12.9483242],[77.4877833,12.9477696],[77.4877038,12.9476506],[77.4876792,12.9476127],[77.4876143,12.9475125],[77.4876027,12.9474946],[77.4873507,12.9471057],[77.4873042,12.9470339],[77.4871869,12.946853],[77.487094,12.9467097],[77.4870673,12.9466697],[77.4869502,12.9464966],[77.4867155,12.9461499],[77.486505,12.9458519],[77.4864868,12.9458261],[77.4864449,12.9457669],[77.4864071,12.945726],[77.4863878,12.9457097],[77.4863693,12.9456942],[77.4863645,12.9456894],[77.48636,12.945685],[77.4863013,12.9456268],[77.4862736,12.9455948],[77.4862478,12.9455524],[77.4862346,12.9455307],[77.4861967,12.9454616],[77.4861931,12.9454549],[77.4861174,12.9453168],[77.4860771,12.9452479],[77.4860631,12.9452239],[77.4860053,12.945125],[77.4859262,12.9449896],[77.4858972,12.94494],[77.4857107,12.9446155],[77.4856128,12.9444451],[77.4855844,12.9443956],[77.4855655,12.9443627],[77.4854158,12.944106],[77.4854015,12.9440816],[77.4853676,12.9440233],[77.4853397,12.9439752],[77.4853346,12.9439668],[77.4853301,12.9439595],[77.4852923,12.9438977],[77.4852782,12.9438576],[77.4852731,12.9438448],[77.4852502,12.943788],[77.4852391,12.9437623],[77.4852264,12.943733],[77.4852109,12.943697],[77.4851983,12.9436626],[77.4851923,12.9436465],[77.4851905,12.9436417],[77.4851715,12.9435898],[77.4851458,12.9434953],[77.485143,12.9434853],[77.4850789,12.9432104],[77.4850745,12.9431912],[77.4849599,12.9426997],[77.4849264,12.9425471],[77.4849224,12.9425293],[77.4849196,12.9425165],[77.4848878,12.9423719],[77.4848279,12.9420994],[77.4848258,12.9420996],[77.4848077,12.942098],[77.4847982,12.9420959],[77.4847895,12.942094],[77.4846933,12.9420653],[77.4845928,12.9420319],[77.4845763,12.9420283],[77.4845422,12.9420211],[77.4844928,12.9420135],[77.484136,12.9420169],[77.4840929,12.9420173],[77.483923,12.9420189],[77.4837386,12.9420229],[77.4836424,12.942025],[77.4835384,12.9420246],[77.4835385,12.9420273],[77.4832574,12.9420334],[77.4832565,12.9420236],[77.4832565,12.9420234],[77.4832142,12.9415685],[77.4832138,12.9415641],[77.4832133,12.9415592],[77.4831534,12.9409147],[77.4832388,12.9408738],[77.48324,12.9408732],[77.4832404,12.940873],[77.4839037,12.9405558],[77.4844026,12.9403171],[77.4846122,12.9399206],[77.4848153,12.9395363],[77.4847466,12.9391736],[77.4847422,12.9391504],[77.4847418,12.9391484],[77.484722,12.9390443],[77.4847075,12.9389675],[77.4844841,12.9383233],[77.4844632,12.9382525],[77.4843557,12.9378876],[77.4843429,12.9377733],[77.4843329,12.9377519],[77.4850877,12.9376551],[77.4857879,12.9376066],[77.4863118,12.9375326],[77.4863322,12.9375298],[77.4863799,12.9375233],[77.4864756,12.9375101],[77.4865622,12.9374982],[77.4868127,12.937474],[77.486834,12.9374715],[77.4872333,12.9374236],[77.4873164,12.9374142],[77.4874195,12.9374025],[77.4874692,12.9373969],[77.4876157,12.9373814],[77.4876396,12.9373789],[77.4878308,12.9373587],[77.487954,12.9373381],[77.488091,12.9373123],[77.4881927,12.9372879],[77.4882664,12.937265],[77.4883348,12.9372437],[77.4884914,12.9371934],[77.4885018,12.9371901],[77.4887037,12.9371267],[77.4888374,12.9370846],[77.4889391,12.9370592],[77.489013,12.9370403],[77.4889106,12.9367796],[77.4889047,12.9367645],[77.4888331,12.9366185],[77.4888231,12.9365981],[77.4887326,12.9364134],[77.4887139,12.936372],[77.4886344,12.9361962],[77.4886118,12.9361319],[77.4886071,12.9361165],[77.4885821,12.9360356],[77.48856,12.9359643],[77.4885227,12.9358442],[77.488502,12.9357805],[77.4884767,12.9357028],[77.4884638,12.9356633],[77.4883926,12.9354445],[77.4883031,12.9352094],[77.4882918,12.9351797],[77.4882871,12.9351673],[77.4882505,12.9350713],[77.4880986,12.9346918],[77.4880876,12.9346598],[77.4879997,12.9344043],[77.4880392,12.934395],[77.4880843,12.9343797],[77.4881008,12.9343714],[77.4881121,12.9343617],[77.4881172,12.9343498],[77.4881185,12.9343321],[77.4881177,12.934319],[77.4881168,12.9343062],[77.4880387,12.9339881],[77.4880109,12.9338813],[77.4879766,12.9337487],[77.4879702,12.9337241],[77.4878416,12.9332283],[77.4878415,12.933228],[77.4878343,12.9332001],[77.4877591,12.9332489],[77.4877571,12.9332502],[77.4877316,12.9332668],[77.4876584,12.9332996],[77.4876294,12.9333127],[77.4875933,12.9333253],[77.4875102,12.9333543],[77.4871573,12.9334422],[77.487038,12.933472],[77.4867284,12.9335491],[77.4860174,12.9337261],[77.4859753,12.9337366],[77.4858792,12.9337617],[77.4858388,12.9337722],[77.4853461,12.9339007],[77.4850946,12.9339662],[77.4850461,12.9339789],[77.4842466,12.9341874],[77.4839969,12.9342525],[77.4838701,12.9342855],[77.4838341,12.9342965],[77.483815,12.9343024],[77.483812,12.9342511],[77.4835709,12.9318688],[77.4835606,12.9317668],[77.4834444,12.9305864],[77.4831415,12.9300676],[77.4829109,12.9296725],[77.4829101,12.9296711],[77.4828928,12.9296415],[77.4830707,12.9295928],[77.4832525,12.9295431],[77.4832644,12.9295399],[77.482769,12.9282142],[77.4824247,12.9277216],[77.4820464,12.9271804],[77.4814842,12.9259691],[77.4813935,12.9257738],[77.4813422,12.9256142],[77.4809879,12.9245116],[77.4809825,12.9244947],[77.4810842,12.9241145],[77.4810901,12.9240924],[77.4811286,12.9239486],[77.4811592,12.9238343],[77.4811648,12.9238135],[77.4811568,12.9237901],[77.480959,12.9232095],[77.480587,12.9233705],[77.4802226,12.9235282],[77.4799422,12.9236495],[77.4794918,12.923502],[77.4794386,12.9234845],[77.47943,12.9234495],[77.4794203,12.9234102],[77.4794202,12.9234097],[77.4793162,12.9229857],[77.479311,12.9229644],[77.4791581,12.9221504],[77.4791241,12.922003],[77.4790958,12.9218807],[77.4790052,12.9214887],[77.4786639,12.9201419],[77.4786294,12.9200405],[77.4784969,12.9196502],[77.4784957,12.9196313],[77.4784855,12.9195713],[77.478472,12.9195146],[77.4784603,12.9194642],[77.4784421,12.9194201],[77.4784175,12.9193714],[77.4783538,12.9192788],[77.4783164,12.919219],[77.47829,12.9191768],[77.4782117,12.919078],[77.478189,12.9190508],[77.4780634,12.9189009],[77.4780276,12.9188618],[77.4780015,12.9188241],[77.4779835,12.9187959],[77.4779689,12.9187717],[77.4779664,12.9187676],[77.4779541,12.9187472],[77.477902,12.9186703],[77.4778606,12.9186091],[77.4777531,12.9187197],[77.4775281,12.9189727],[77.4774771,12.9190365],[77.4774356,12.9190789],[77.4774384,12.919085],[77.4773212,12.9192318],[77.4773005,12.9192576],[77.4772312,12.9193483],[77.4769504,12.9197156],[77.4769271,12.91975],[77.4769017,12.9197874],[77.4768627,12.919845],[77.4767774,12.9199709],[77.4766829,12.9201104],[77.4764937,12.9204103],[77.4763297,12.9206681],[77.4763128,12.9206948],[77.4762419,12.9208119],[77.4762155,12.9208648],[77.4761882,12.9209538],[77.4761539,12.9210518],[77.4761002,12.9212057],[77.4760672,12.9213001],[77.4759889,12.9215296],[77.4759352,12.9216687],[77.4758949,12.9217342],[77.4758557,12.9217776],[77.475801,12.921821],[77.4757013,12.9218802],[77.4755017,12.9219902],[77.4754095,12.922037],[77.4753995,12.9220421],[77.4753326,12.9220761],[77.4753047,12.9220903],[77.4752598,12.9221131],[77.4748246,12.9223193],[77.4747464,12.9223563],[77.4746198,12.9224178],[77.4742541,12.9225952],[77.4739153,12.9227759],[77.4739038,12.9227812],[77.4737948,12.9228318],[77.4736227,12.9229117],[77.4734667,12.9229949],[77.4733642,12.9230624],[77.4732576,12.9231417],[77.4732548,12.9231439],[77.4732543,12.9231443],[77.4731631,12.9232232],[77.4731403,12.923243],[77.4731399,12.9232434],[77.4731047,12.9232832],[77.4730239,12.9233748],[77.4729457,12.9234767],[77.4729251,12.9235264],[77.472786,12.9235264],[77.4725016,12.923545],[77.4725053,12.9235596],[77.4724255,12.9235721],[77.4722778,12.9235952],[77.4721696,12.9236089],[77.4719063,12.923642],[77.4716454,12.923679],[77.4715967,12.9236898],[77.4715857,12.9236932],[77.4715756,12.9236963],[77.4715581,12.9237028],[77.4715528,12.9237056],[77.4715458,12.9237093],[77.4715283,12.9237204],[77.471512,12.9237326],[77.4714667,12.9237709],[77.4712071,12.9239754],[77.4709346,12.924248],[77.4708337,12.9243489],[77.4706239,12.9245168],[77.4704119,12.9246865],[77.4702966,12.9247773],[77.4702874,12.9247846],[77.4700487,12.9249728],[77.4699127,12.9250887],[77.4698672,12.9251274],[77.4693984,12.9254634],[77.4693974,12.9254108],[77.4693966,12.9253737],[77.4693966,12.9253727],[77.4693963,12.9253578],[77.469183,12.9255585],[77.4691818,12.9255595],[77.4691845,12.9255934],[77.4692504,12.9264309],[77.4692816,12.9268266],[77.4671856,12.9278569],[77.4648768,12.930996],[77.4655255,12.9355033],[77.4671874,12.9380469],[77.4674187,12.9407413],[77.4686277,12.9445984],[77.4698799,12.945038],[77.4707566,12.9495382],[77.4707627,12.9495696],[77.4711284,12.9528782],[77.471345,12.9548376],[77.4714616,12.9559466],[77.4715246,12.9569154],[77.4715358,12.9589231],[77.4715383,12.959369],[77.471525,12.9611055],[77.4715096,12.9631256],[77.4715961,12.9631866],[77.472284,12.9636719],[77.4725664,12.9645361],[77.4726558,12.9648098],[77.4731763,12.9664025],[77.4734856,12.966986],[77.4732724,12.9671018],[77.4739254,12.9681197],[77.4740781,12.9683973],[77.4745252,12.9692098],[77.4747965,12.9695904],[77.4750171,12.9700422],[77.475075,12.971726],[77.4750842,12.9729663],[77.4748648,12.9743496],[77.4748367,12.9756711],[77.4743737,12.9790723],[77.4743035,12.9795881],[77.4739367,12.9816874],[77.4737255,12.9824786],[77.473473,12.9837259],[77.4722589,12.9848468],[77.4717245,12.9851727],[77.4711575,12.9855368],[77.4698662,12.9863513],[77.468405,12.9867088],[77.4699297,12.9896317],[77.4701161,12.989855],[77.4703226,12.9897555],[77.4703527,12.989741],[77.4715523,12.9891629],[77.4727823,12.9885754],[77.473571,12.9882054],[77.4735962,12.9881936],[77.4744485,12.9877938],[77.4751945,12.987445],[77.4759702,12.9870822],[77.475998,12.9870692],[77.4760117,12.9870627],[77.4766408,12.9867636],[77.4766484,12.98676],[77.4771633,12.9865152],[77.4781185,12.9860602],[77.4784975,12.9859096],[77.4787008,12.9858289],[77.4789669,12.9857442],[77.4792826,12.9856724],[77.4793032,12.9856679],[77.4793058,12.9856673],[77.4795751,12.9856078],[77.4795786,12.985607],[77.4801457,12.9854816],[77.4807609,12.9853612],[77.481977,12.9851277],[77.4823754,12.9850586],[77.4832157,12.9849769],[77.4835865,12.9849633],[77.4838612,12.9849739],[77.4839551,12.9849865],[77.4839552,12.9849865],[77.4841453,12.985012],[77.4844783,12.9850985],[77.4844845,12.9851001],[77.4847314,12.9851642],[77.4855707,12.9854063],[77.4856089,12.9854173],[77.4856142,12.9854189],[77.4858591,12.9854895],[77.4861535,12.9855804],[77.4862502,12.9856103],[77.4870379,12.9858242],[77.4876193,12.9859743],[77.4887874,12.9862603],[77.4895508,12.9864673],[77.4905246,12.9867315],[77.4910076,12.98688],[77.4910189,12.9868835],[77.491187,12.9869352],[77.4913634,12.9869894],[77.4921932,12.9872395],[77.4927074,12.9873924],[77.4932937,12.9875602],[77.4942543,12.9878254],[77.4947424,12.987967],[77.4949084,12.9880152],[77.4949733,12.9880324],[77.4951854,12.9880888],[77.4951965,12.9880917],[77.4957154,12.9882297],[77.4967698,12.9885085],[77.4969224,12.9885481],[77.4973517,12.9886596],[77.4973919,12.98867],[77.4974214,12.9886777],[77.49746,12.988685],[77.4983003,12.9888445],[77.4984887,12.9888803],[77.4985598,12.9888938],[77.4987204,12.9889008],[77.4988266,12.9889055],[77.4989573,12.9889112],[77.4990254,12.9889118],[77.4992495,12.9889138],[77.4994322,12.9889155],[77.4995097,12.9889132],[77.4995117,12.9889131],[77.4995117,12.988913],[77.4995243,12.9885838],[77.4996123,12.9886401],[77.5001055,12.9889554],[77.50012,12.988973],[77.5001452,12.9890034],[77.5003111,12.9890655],[77.5009136,12.9893117],[77.50128,12.9894645],[77.5015849,12.9895916],[77.5023785,12.9898842],[77.5026017,12.9899476],[77.5027895,12.9900137],[77.503143,12.9901084],[77.5032201,12.9901233],[77.503335,12.9901456],[77.5033595,12.9901504],[77.503402,12.990156],[77.503624,12.9901852],[77.5037559,12.9902025],[77.5037751,12.990205],[77.5039902,12.9902236],[77.5041779,12.9902223],[77.5043702,12.990221],[77.5045042,12.9902033],[77.5045694,12.990192],[77.5046308,12.9901813],[77.5046534,12.9901719],[77.5049193,12.9900622],[77.5052285,12.9899055],[77.505329,12.9898545],[77.5057479,12.9896417],[77.5058916,12.9895758],[77.5062215,12.9894244],[77.5064581,12.9893527],[77.5066568,12.9892925],[77.5082419,12.9889732],[77.5084429,12.9889492],[77.5085377,12.9889069],[77.5085813,12.9888874],[77.5085968,12.9888805],[77.5086607,12.9888184],[77.5088319,12.9886521]]]}},{"type":"Feature","properties":{"KGISSub_DivisionID":5,"Sub_DivisionName":"S11"},"geometry":{"type":"Polygon","coordinates":[[[77.6013552,12.9063271],[77.6015991,12.9060204],[77.6016138,12.9060018],[77.6016349,12.9059756],[77.6016684,12.905934],[77.6017819,12.9057599],[77.6018693,12.9055421],[77.6018832,12.9054528],[77.6018873,12.9054267],[77.6019008,12.9052706],[77.6018793,12.9050711],[77.6018077,12.9047604],[77.6017762,12.9046236],[77.6015962,12.9038923],[77.6015341,12.9036496],[77.6014755,12.9034223],[77.6014746,12.9034185],[77.6015046,12.9034171],[77.6026577,12.9033617],[77.6034224,12.9033125],[77.6046778,12.9032138],[77.6053092,12.9031539],[77.6066769,12.9031999],[77.6069414,12.9032199],[77.6074469,12.9032627],[77.6078145,12.9032959],[77.608227,12.903288],[77.6084725,12.9033073],[77.6087738,12.9034252],[77.6090068,12.9035248],[77.6090063,12.9033857],[77.6090128,12.9032964],[77.6090224,12.9031959],[77.60906,12.9030989],[77.609105,12.9030645],[77.6093162,12.903008],[77.6093865,12.9029986],[77.6096118,12.9029998],[77.60973,12.9029783],[77.6097931,12.9029668],[77.610113,12.9029391],[77.6102433,12.9029161],[77.6104305,12.9028744],[77.6104877,12.9028576],[77.6105416,12.902834],[77.6106354,12.9027741],[77.610701,12.9027501],[77.6107551,12.9027401],[77.6108727,12.902716],[77.6109624,12.9026959],[77.6110976,12.9026705],[77.6113047,12.9026447],[77.6113146,12.9026379],[77.6113234,12.9026318],[77.6113312,12.9025832],[77.6113207,12.90245],[77.6113163,12.9023873],[77.6113167,12.9023225],[77.6113258,12.9022843],[77.6113409,12.902261],[77.6113584,12.9022493],[77.6114313,12.9022219],[77.6116236,12.9021847],[77.6116742,12.9021737],[77.6117236,12.9021572],[77.6117621,12.9021444],[77.6118242,12.9021033],[77.6118381,12.90208],[77.6118447,12.9020522],[77.6118349,12.9019347],[77.6118131,12.9017175],[77.6118054,12.9016306],[77.6118001,12.9015298],[77.6117816,12.9011631],[77.6117558,12.9006745],[77.611756,12.9006744],[77.6117419,12.9003914],[77.6117336,12.9001133],[77.6117475,12.900064],[77.6117673,12.9000396],[77.6118094,12.9000216],[77.6118783,12.9000054],[77.6122147,12.8999684],[77.612305,12.8999599],[77.6123414,12.899948],[77.6123743,12.8999303],[77.6124035,12.899908],[77.612421,12.8998847],[77.6124241,12.8998634],[77.6124249,12.899813],[77.6123898,12.8995693],[77.6123446,12.8992431],[77.6123267,12.8991748],[77.612303,12.899094],[77.6122416,12.8988849],[77.612163,12.8987017],[77.6121061,12.8985906],[77.6120641,12.8985066],[77.6120202,12.8983727],[77.6119981,12.8982441],[77.6119924,12.8981531],[77.6119937,12.8981048],[77.6120005,12.8980707],[77.6120145,12.8980489],[77.612025,12.8980385],[77.6120965,12.8979996],[77.6121424,12.8979876],[77.6122029,12.89798],[77.6122886,12.8979815],[77.6123168,12.8979881],[77.6123639,12.8980057],[77.612414,12.8980274],[77.6124915,12.8980569],[77.6125255,12.8980606],[77.6125411,12.8980622],[77.6126038,12.8980534],[77.6127119,12.8980397],[77.6128411,12.8980454],[77.6129137,12.8980634],[77.6129387,12.8980801],[77.612969,12.8981197],[77.6129753,12.8981389],[77.612988,12.8981775],[77.6129906,12.8981881],[77.6131074,12.8981817],[77.6135038,12.8981597],[77.6135315,12.898393],[77.613535,12.8984225],[77.6134952,12.8984549],[77.6134396,12.8984793],[77.6134345,12.8984948],[77.613558,12.8990814],[77.6136016,12.8992885],[77.6137914,12.8992167],[77.6138484,12.8992097],[77.6139241,12.8992331],[77.6140251,12.8993004],[77.6144636,12.8997085],[77.614499,12.8997414],[77.614549,12.8997975],[77.6157181,12.9011099],[77.6157882,12.9011609],[77.615903,12.9012441],[77.6162829,12.9015198],[77.6163447,12.9015647],[77.6167055,12.9018597],[77.6167994,12.9019053],[77.6168497,12.9019785],[77.6168887,12.9020066],[77.6171112,12.9020746],[77.6171833,12.9020832],[77.6172062,12.9020859],[77.6172523,12.9021],[77.6172836,12.9021275],[77.6173483,12.9022582],[77.6173755,12.9023444],[77.6173845,12.9023729],[77.6174693,12.9026414],[77.6175101,12.902682],[77.6175883,12.9027356],[77.6176524,12.9027503],[77.6176566,12.9027506],[77.6177359,12.9027552],[77.6177727,12.902754],[77.6178408,12.9027432],[77.61794,12.9027247],[77.6180136,12.9026996],[77.6181987,12.9026363],[77.6182357,12.9026287],[77.6182743,12.9026327],[77.6183011,12.902644],[77.6183197,12.9026571],[77.6183399,12.9026713],[77.6183472,12.90268],[77.6183564,12.9026838],[77.6185143,12.9027497],[77.6185506,12.9027648],[77.6186419,12.9027162],[77.6188515,12.9026221],[77.6191191,12.9025064],[77.6192367,12.9024541],[77.6192329,12.9024459],[77.6192265,12.9024323],[77.6192091,12.9023951],[77.6192081,12.9023917],[77.6191998,12.9023712],[77.619187,12.9023392],[77.6190963,12.9021137],[77.619036,12.9019636],[77.6190278,12.9019434],[77.6189936,12.9018582],[77.6189691,12.9017973],[77.6188784,12.9015856],[77.6188177,12.9014442],[77.6187702,12.9013207],[77.6187351,12.9012296],[77.6187311,12.901219],[77.6186671,12.901053],[77.6186514,12.901012],[77.6185985,12.9008848],[77.6186514,12.900883],[77.6186954,12.9008815],[77.6187513,12.9008751],[77.6187802,12.9008718],[77.6188667,12.9008619],[77.6189837,12.9008484],[77.6191406,12.9008285],[77.6192949,12.9008088],[77.6192974,12.9008085],[77.619319,12.9008057],[77.6193829,12.9008012],[77.6194478,12.9007966],[77.6194553,12.900796],[77.6196357,12.9007832],[77.6197025,12.9007805],[77.6198248,12.9007754],[77.6199068,12.9007668],[77.6199146,12.9007653],[77.6199221,12.9007625],[77.6199238,12.9007615],[77.6199289,12.9007586],[77.6199344,12.9007539],[77.6199349,12.9007535],[77.6199399,12.9007475],[77.6199439,12.9007407],[77.6199465,12.9007333],[77.6199479,12.9007257],[77.6199478,12.9007179],[77.61993,12.9005224],[77.6199288,12.9005086],[77.6199274,12.9004934],[77.6199269,12.9004849],[77.6199226,12.9004087],[77.6199192,12.900349],[77.6199184,12.9003364],[77.6199082,12.9001575],[77.619896,12.9000533],[77.6198955,12.9000489],[77.6198836,12.8999482],[77.6198643,12.8997834],[77.6198614,12.8997545],[77.6198363,12.8995063],[77.6198328,12.8994715],[77.6198138,12.8992841],[77.6198062,12.8991908],[77.6198055,12.8991822],[77.6197922,12.899019],[77.6197823,12.8988966],[77.6197809,12.8988807],[77.6197743,12.8987987],[77.6197686,12.8987424],[77.6197666,12.8987226],[77.6197523,12.8985795],[77.6197513,12.8985697],[77.6197439,12.898496],[77.6197194,12.8983254],[77.6197146,12.8982919],[77.6197109,12.8982665],[77.619682,12.8982645],[77.619637,12.8982582],[77.6194994,12.8982268],[77.6194196,12.8982083],[77.6193722,12.8982043],[77.6192694,12.898194],[77.6192336,12.8981853],[77.6192182,12.8981803],[77.6191782,12.8981673],[77.619156,12.89816],[77.6190365,12.8980933],[77.6189982,12.8980699],[77.6189715,12.8980498],[77.618939,12.8980309],[77.6189065,12.8980131],[77.6188626,12.8980057],[77.6188002,12.8980029],[77.6184865,12.898006],[77.6182024,12.8979806],[77.6181355,12.897979],[77.6181248,12.8979819],[77.618101,12.8979884],[77.6180838,12.8979976],[77.6180496,12.8978025],[77.6180408,12.8977528],[77.6180288,12.8976843],[77.6179599,12.8972692],[77.6179479,12.8971967],[77.6179217,12.8970392],[77.6179109,12.896974],[77.6179094,12.896965],[77.6179048,12.8969371],[77.6178992,12.8969037],[77.617801,12.8963131],[77.6177612,12.8960851],[77.6177499,12.8960204],[77.6176492,12.8960076],[77.617522,12.8959936],[77.6174681,12.8959876],[77.6173735,12.8959762],[77.6173343,12.8959741],[77.6172462,12.8959695],[77.6172059,12.8959645],[77.6171998,12.8959637],[77.6171797,12.8959577],[77.6171742,12.8959524],[77.6171723,12.8959426],[77.6171722,12.8959346],[77.617173,12.8959071],[77.6171733,12.8955872],[77.6171734,12.8955304],[77.6171734,12.8955007],[77.6171735,12.8954461],[77.6171736,12.8952528],[77.6171741,12.8948228],[77.6171741,12.8947474],[77.6171744,12.8944761],[77.6171745,12.894404],[77.6170826,12.894413],[77.6170416,12.8944171],[77.6169134,12.8944297],[77.6167396,12.8944495],[77.6165768,12.8944682],[77.6165138,12.8944751],[77.6165122,12.8944753],[77.6165091,12.8944556],[77.6164955,12.8943679],[77.6163781,12.8936088],[77.6163197,12.8932318],[77.6163129,12.8931877],[77.6162753,12.8929449],[77.6162521,12.8929486],[77.6161335,12.8929678],[77.616074,12.8929774],[77.6160405,12.8929829],[77.6160178,12.8929865],[77.6160165,12.8929387],[77.616016,12.8929295],[77.6160049,12.8927014],[77.6160035,12.8926748],[77.6160014,12.8926312],[77.6159983,12.8925671],[77.6159941,12.8924917],[77.6159907,12.8924308],[77.6159859,12.8923455],[77.6159842,12.8923197],[77.6159705,12.8921062],[77.6159572,12.8917835],[77.6159558,12.8917565],[77.6159541,12.8917333],[77.615931,12.8914097],[77.6159195,12.891254],[77.6159077,12.8911183],[77.6159025,12.8910583],[77.615884,12.8908447],[77.615883,12.8908339],[77.6158718,12.8907042],[77.6158351,12.8902839],[77.6158327,12.8902567],[77.6158171,12.8900782],[77.6157982,12.8899239],[77.615794,12.8898896],[77.6157919,12.8898719],[77.6155008,12.8899009],[77.6154913,12.8899019],[77.6152714,12.8899238],[77.6152059,12.8899304],[77.6151452,12.8894698],[77.6151323,12.8893876],[77.6150573,12.8894295],[77.614957,12.8894768],[77.6148165,12.8895285],[77.6147527,12.8895469],[77.614722,12.8895558],[77.6146442,12.8895783],[77.6145655,12.8895973],[77.6144705,12.8896202],[77.6143171,12.8896614],[77.6142267,12.8896902],[77.6141794,12.8897122],[77.6141263,12.8897357],[77.6140858,12.8897543],[77.6140848,12.8897548],[77.614055,12.8897723],[77.6140172,12.8897999],[77.6139817,12.8898318],[77.6139453,12.8898683],[77.613913,12.8898951],[77.6138492,12.8899311],[77.6136504,12.8892878],[77.6136493,12.8892839],[77.6136402,12.8892539],[77.6136348,12.8892362],[77.6136309,12.8892263],[77.6136215,12.8892234],[77.6135983,12.8892251],[77.6134813,12.8892461],[77.6132082,12.8893142],[77.6131313,12.8893353],[77.6129619,12.8886767],[77.6128827,12.888185],[77.6129993,12.8881657],[77.6137248,12.8881108],[77.614167,12.8880773],[77.6145494,12.8880494],[77.6147578,12.8880342],[77.6148923,12.8880085],[77.6152819,12.8879341],[77.6153002,12.8879306],[77.6153172,12.8879273],[77.615342,12.8879226],[77.6153384,12.8878992],[77.6153352,12.8878832],[77.6152908,12.8875844],[77.6152885,12.8875691],[77.615275,12.8873053],[77.6152735,12.8872742],[77.615272,12.8872458],[77.6152627,12.8869548],[77.6152623,12.886944],[77.6152634,12.8867288],[77.6152697,12.8866246],[77.6152712,12.8866012],[77.6152721,12.8865859],[77.6152999,12.8865476],[77.6153638,12.8864225],[77.6154868,12.8861463],[77.6155153,12.8860822],[77.6156592,12.885824],[77.6156668,12.8858104],[77.6156891,12.8857702],[77.615709,12.8857345],[77.6157384,12.8856836],[77.6157432,12.8856754],[77.6157722,12.885625],[77.615812,12.8855528],[77.6158174,12.8855413],[77.6158336,12.8855068],[77.6158473,12.8854695],[77.6158541,12.8854447],[77.6158591,12.8854262],[77.6158692,12.8853777],[77.6158721,12.8853154],[77.6158696,12.8852493],[77.6158682,12.8852124],[77.6158675,12.885193],[77.6158665,12.8851714],[77.6158588,12.8850369],[77.6158548,12.8849655],[77.6158861,12.8845662],[77.6167505,12.8843213],[77.6166823,12.8839918],[77.6167793,12.8837034],[77.6168066,12.8836225],[77.6169248,12.8832708],[77.6169955,12.8832501],[77.6170518,12.8832337],[77.6173365,12.8831503],[77.6175267,12.8830969],[77.6177434,12.8830332],[77.6177069,12.8825005],[77.6177277,12.8822161],[77.6177238,12.8820572],[77.6176549,12.881763],[77.6175433,12.8814385],[77.6175102,12.8813435],[77.6174239,12.8810738],[77.6172715,12.8807064],[77.6170768,12.880217],[77.6170373,12.8801177],[77.6169847,12.8799854],[77.6167809,12.8794643],[77.6166642,12.8792528],[77.6165872,12.8790739],[77.6165621,12.8790084],[77.6165076,12.8783899],[77.6164558,12.8779191],[77.6164529,12.8778927],[77.6164329,12.8778885],[77.6163588,12.8778726],[77.6163388,12.8778051],[77.6163061,12.8775871],[77.6162817,12.8771976],[77.6162606,12.8770143],[77.6162442,12.8768767],[77.6162102,12.8766562],[77.6161881,12.8762841],[77.6161879,12.8762804],[77.6161821,12.8761827],[77.6161815,12.8761729],[77.6161797,12.8761479],[77.6156074,12.8762132],[77.615146,12.8762447],[77.6148504,12.8762521],[77.614822,12.8762607],[77.6146769,12.8762554],[77.6144267,12.8762243],[77.6144063,12.8762218],[77.6141355,12.8761815],[77.6140924,12.876175],[77.6138083,12.8761195],[77.613468,12.8760632],[77.6132329,12.8760492],[77.6130936,12.8760647],[77.6129784,12.8760822],[77.6128367,12.8761488],[77.6125509,12.8762478],[77.612235,12.8763297],[77.6120384,12.8763569],[77.611842,12.8764015],[77.6115126,12.8764692],[77.6109089,12.8766661],[77.6106397,12.8767321],[77.6103262,12.8768155],[77.6102152,12.8768989],[77.6101674,12.8769349],[77.6100282,12.8769135],[77.6099849,12.8769068],[77.6098427,12.876818],[77.609711,12.8766737],[77.6096615,12.8766201],[77.6095831,12.8765387],[77.6095502,12.8765098],[77.609508,12.8764726],[77.6094148,12.8764012],[77.6093558,12.8763019],[77.6093527,12.8762256],[77.6093489,12.876132],[77.6093459,12.8760604],[77.6093689,12.8759283],[77.60941,12.8756925],[77.6094203,12.8756333],[77.6093673,12.8754525],[77.6092928,12.8752877],[77.6092635,12.875196],[77.6090895,12.8747961],[77.6089986,12.8745045],[77.6087475,12.874405],[77.6085234,12.8743017],[77.6083405,12.8742339],[77.6082626,12.8741256],[77.6080326,12.8739831],[77.6076826,12.8737663],[77.6075179,12.8736817],[77.6074074,12.8736526],[77.606928,12.8735013],[77.6065243,12.8734714],[77.6064375,12.873465],[77.6058806,12.8735113],[77.6055426,12.8736116],[77.6048438,12.87378],[77.6043709,12.873894],[77.603869,12.8741324],[77.603644,12.8743294],[77.6034215,12.8746639],[77.6032342,12.8753743],[77.6030953,12.8757554],[77.6029805,12.8760702],[77.6028393,12.8764575],[77.6026072,12.8764048],[77.602644,12.8761695],[77.6027414,12.8757589],[77.6027485,12.8757287],[77.6027238,12.8748432],[77.6026979,12.8742375],[77.6026444,12.8737863],[77.6025849,12.8734701],[77.6024457,12.8728144],[77.6023377,12.8724098],[77.6022837,12.8722071],[77.6021824,12.8718286],[77.6021703,12.8717848],[77.6017886,12.8704105],[77.6016492,12.8699086],[77.6010986,12.8679688],[77.600964,12.8675117],[77.6009291,12.867393],[77.6008471,12.8671044],[77.6007399,12.8667273],[77.6006747,12.8664821],[77.6006728,12.8664749],[77.6006658,12.8664753],[77.6006475,12.8664759],[77.6003568,12.8664859],[77.5999812,12.8664988],[77.5997641,12.8665063],[77.599745,12.8665239],[77.5997449,12.866524],[77.5997367,12.8665244],[77.5997161,12.8665362],[77.5996146,12.8665046],[77.5995616,12.8665032],[77.5994683,12.8665557],[77.5993628,12.866615],[77.5991831,12.8667161],[77.5991533,12.8667822],[77.5991499,12.8668433],[77.5991462,12.8668673],[77.5991427,12.8668906],[77.5990598,12.8668861],[77.5979223,12.8668234],[77.5979191,12.8668232],[77.5979184,12.8669715],[77.5979177,12.8671399],[77.5979176,12.8671553],[77.5979171,12.8671787],[77.5979162,12.8672203],[77.5979112,12.8674614],[77.5978782,12.8680089],[77.5978774,12.8680112],[77.597836,12.8681229],[77.5977742,12.8682897],[77.5976842,12.8685718],[77.597631,12.8688342],[77.5976058,12.8689583],[77.5975655,12.8690908],[77.5975425,12.8691129],[77.5975281,12.8691267],[77.5974997,12.8691498],[77.59747,12.8691646],[77.5974254,12.8691867],[77.5972641,12.8692669],[77.5971814,12.8693599],[77.5971277,12.8694625],[77.5970537,12.869604],[77.5970436,12.8696234],[77.5970408,12.8696302],[77.5970383,12.8696348],[77.5969525,12.8698348],[77.5968868,12.869988],[77.5967753,12.8702629],[77.5966783,12.870629],[77.5965309,12.8711856],[77.5964318,12.871549],[77.5963475,12.8718583],[77.5963005,12.8720306],[77.5961509,12.8725628],[77.5961461,12.8725717],[77.5960576,12.8727351],[77.5960319,12.8727616],[77.5959973,12.8727972],[77.5959158,12.8728813],[77.5956905,12.8729543],[77.5954123,12.873],[77.5952822,12.8730215],[77.5948415,12.8730811],[77.5946944,12.8731011],[77.5944586,12.8731498],[77.5943597,12.8731829],[77.5942955,12.8732044],[77.5942621,12.8732114],[77.5941344,12.8728389],[77.5939295,12.8722412],[77.5938009,12.8718663],[77.5937978,12.8718573],[77.5937144,12.871614],[77.5935295,12.8710747],[77.5935123,12.8710244],[77.593511,12.8710247],[77.5935006,12.8710273],[77.5933766,12.8710608],[77.5930119,12.8711594],[77.5929744,12.8711639],[77.5929734,12.871164],[77.592932,12.8711689],[77.5928887,12.8711683],[77.5928496,12.8711678],[77.5927704,12.8711575],[77.5927373,12.8711478],[77.5925866,12.8710482],[77.5925796,12.8710439],[77.592573,12.8710404],[77.5925493,12.8710278],[77.5925184,12.8710195],[77.5924889,12.8710198],[77.5924825,12.8710198],[77.5924731,12.8710199],[77.5923776,12.8710324],[77.5921707,12.8710825],[77.5921107,12.8710976],[77.5919417,12.8711404],[77.5918088,12.8711681],[77.5916156,12.8712085],[77.5915806,12.8712085],[77.5915205,12.8712087],[77.5915187,12.8712087],[77.5914959,12.8712017],[77.5910934,12.8709984],[77.5907984,12.8708554],[77.5907829,12.8708479],[77.5907486,12.8708313],[77.5901388,12.8705304],[77.5896142,12.8702626],[77.5893427,12.8701238],[77.58913,12.8700273],[77.5888056,12.86988],[77.5883333,12.8696436],[77.5879977,12.8694755],[77.5878791,12.8693979],[77.5878505,12.8693711],[77.5877444,12.8692714],[77.5875021,12.8690439],[77.5871776,12.8687832],[77.5869305,12.8685731],[77.5868629,12.8684829],[77.5868493,12.8684647],[77.5867383,12.8683168],[77.5866883,12.8682339],[77.5864534,12.8678442],[77.5864328,12.8678178],[77.5864168,12.8677975],[77.5862283,12.8675569],[77.5862104,12.8675341],[77.5861454,12.8674511],[77.5861339,12.8674363],[77.5860947,12.8673857],[77.5860643,12.8673465],[77.5860293,12.8673014],[77.5860267,12.8672981],[77.5859585,12.8672101],[77.5858937,12.8671265],[77.5858932,12.8671254],[77.5857742,12.866858],[77.5857589,12.8668238],[77.5855407,12.8668702],[77.5855109,12.8668766],[77.5855108,12.8668756],[77.5855106,12.8668713],[77.5855053,12.8667739],[77.5854305,12.866408],[77.5854208,12.8663604],[77.5853893,12.8662734],[77.5853885,12.8662538],[77.5853862,12.8661988],[77.5853857,12.8661884],[77.5853856,12.8661856],[77.5853835,12.8661357],[77.585371,12.8660257],[77.5853677,12.8659966],[77.5851522,12.8660588],[77.5850035,12.8661018],[77.5849831,12.8661077],[77.5845553,12.8662311],[77.5842365,12.8663001],[77.5842276,12.866302],[77.5842012,12.8663078],[77.5842012,12.8663076],[77.5841924,12.8662666],[77.5840901,12.8657489],[77.5840661,12.865662],[77.5840585,12.8656346],[77.584043,12.8655788],[77.5840304,12.8655229],[77.5839754,12.865279],[77.5839556,12.8651915],[77.5839115,12.8649961],[77.5838536,12.8646909],[77.5838365,12.8646004],[77.5838277,12.8645539],[77.5837522,12.8641559],[77.5837446,12.8641154],[77.5837248,12.8641051],[77.5836896,12.8640858],[77.5836661,12.864073],[77.5836581,12.8640686],[77.5832863,12.8638657],[77.5832355,12.863838],[77.5831308,12.8637808],[77.5826518,12.8635022],[77.5825854,12.863468],[77.5825567,12.8634533],[77.5823556,12.8633799],[77.582274,12.8633486],[77.5819036,12.8632066],[77.5817582,12.8630859],[77.5816896,12.863029],[77.5816216,12.8629725],[77.5816224,12.8629573],[77.5816231,12.8629423],[77.5816255,12.8628952],[77.5816443,12.8627701],[77.5816445,12.8627687],[77.5816798,12.8625352],[77.5817176,12.8622843],[77.5816844,12.8617229],[77.581685,12.8617127],[77.5816756,12.8615649],[77.5816696,12.8614714],[77.5816372,12.8609194],[77.5815998,12.8603173],[77.5815833,12.8600654],[77.5816136,12.8600495],[77.5816208,12.8600315],[77.5816224,12.8600241],[77.5816293,12.8599929],[77.5816301,12.8599893],[77.5816264,12.8599236],[77.5816133,12.8598492],[77.5815708,12.8596698],[77.5815627,12.8596074],[77.5815195,12.8592748],[77.5815034,12.8591509],[77.5814216,12.8587352],[77.5814188,12.8587224],[77.5814108,12.8586859],[77.5813456,12.8584451],[77.5813323,12.8584158],[77.5812893,12.8583286],[77.5812864,12.8583234],[77.5812663,12.8583019],[77.5812535,12.8582883],[77.5812507,12.8582875],[77.5812127,12.8582768],[77.580012,12.8583757],[77.5800174,12.8582999],[77.5799767,12.8583136],[77.5799078,12.8583367],[77.5794874,12.8584777],[77.5794638,12.8584813],[77.5794308,12.8584863],[77.5792202,12.8585152],[77.5781642,12.8586605],[77.5781064,12.8586684],[77.5778494,12.858698],[77.5778402,12.8587015],[77.5778373,12.8587042],[77.5777883,12.8587501],[77.5777347,12.8587588],[77.5777353,12.8587965],[77.5777353,12.8588005],[77.5777487,12.8596398],[77.5777487,12.8596418],[77.5772677,12.8598274],[77.5772038,12.859758],[77.5770983,12.8596434],[77.5770372,12.859629],[77.5769249,12.8595309],[77.5767851,12.8593925],[77.5767136,12.8592468],[77.5766884,12.8591274],[77.5766871,12.8590831],[77.576686,12.8590485],[77.5766864,12.8590441],[77.5766902,12.8590039],[77.5766935,12.8589695],[77.5766936,12.8589684],[77.5766983,12.8589195],[77.5767118,12.8587777],[77.576705,12.8585375],[77.5766725,12.8585454],[77.5765466,12.8585776],[77.5762766,12.8586465],[77.5756566,12.8587996],[77.5754699,12.8588492],[77.5754496,12.8588542],[77.5747054,12.8590511],[77.5744679,12.8591156],[77.5744678,12.8591156],[77.5744659,12.8591162],[77.5739045,12.8592686],[77.5739481,12.8595315],[77.5740545,12.8601725],[77.5740861,12.8603628],[77.5740669,12.8603669],[77.5738597,12.8604113],[77.5738048,12.8604231],[77.5725889,12.8606836],[77.5719721,12.8608158],[77.5719727,12.8608341],[77.5719788,12.861029],[77.5719885,12.8613404],[77.5720665,12.8627823],[77.5720704,12.8628492],[77.5721186,12.8636822],[77.5721589,12.8642475],[77.5714107,12.8643685],[77.5709716,12.8644226],[77.5706297,12.8644648],[77.5700907,12.8645313],[77.5697485,12.8645735],[77.5696545,12.8645851],[77.5696276,12.8647042],[77.5694409,12.8651756],[77.5694268,12.865211],[77.5694048,12.8652667],[77.5693582,12.8653998],[77.569345,12.8655109],[77.569406,12.8662111],[77.5694553,12.8667382],[77.5695016,12.866958],[77.5696981,12.8678851],[77.5697115,12.8679446],[77.5697951,12.8682817],[77.5700293,12.8688418],[77.5702449,12.8693576],[77.5704523,12.8698864],[77.5704513,12.8698955],[77.5704518,12.8699016],[77.570452,12.8699037],[77.5704538,12.8699226],[77.5704565,12.8699528],[77.5704444,12.8700558],[77.5704408,12.8700867],[77.5704221,12.870246],[77.5704187,12.8702662],[77.5702839,12.8710589],[77.5702246,12.8715147],[77.5702216,12.871538],[77.5702355,12.8718468],[77.570263,12.8721689],[77.5702763,12.8722559],[77.5702859,12.8723187],[77.5703467,12.8727152],[77.5704043,12.8731223],[77.5704511,12.8734532],[77.5704566,12.8734923],[77.57049,12.8737289],[77.5704519,12.8738311],[77.5704435,12.8738801],[77.5704355,12.8739266],[77.5704244,12.8741677],[77.5704075,12.8743527],[77.5704026,12.8744072],[77.5703705,12.8744945],[77.5703237,12.8745733],[77.5702791,12.874616],[77.5702642,12.8746303],[77.5702526,12.8746386],[77.5702324,12.8746532],[77.5702012,12.8746757],[77.570126,12.8747298],[77.5699953,12.8748093],[77.5699725,12.8748232],[77.5699618,12.8748297],[77.5699367,12.8748448],[77.56955,12.8751747],[77.5694524,12.8752384],[77.5693412,12.8752973],[77.5691741,12.8753858],[77.5689662,12.8754841],[77.5687803,12.8755693],[77.56854,12.8756794],[77.5685192,12.875689],[77.5684026,12.8757424],[77.56802,12.8759192],[77.5671844,12.8763316],[77.5670471,12.8764109],[77.5669478,12.876483],[77.5669007,12.8765171],[77.5668297,12.8765743],[77.5668118,12.8766155],[77.5667945,12.8766361],[77.566776,12.8766582],[77.5666293,12.8768263],[77.5665789,12.8768901],[77.5665166,12.8769718],[77.56645,12.8770806],[77.5664284,12.8771159],[77.5664073,12.8771758],[77.5663798,12.8772774],[77.5663735,12.8773004],[77.5663569,12.8774213],[77.5663536,12.8775413],[77.5663589,12.8775757],[77.5663652,12.8776165],[77.5663681,12.8776355],[77.5663747,12.8776783],[77.5663752,12.8776811],[77.5663755,12.8776821],[77.5664093,12.8777737],[77.5664372,12.8778152],[77.5664423,12.8778228],[77.5664727,12.877868],[77.5664751,12.8778715],[77.5664902,12.877894],[77.5666282,12.878057],[77.5668337,12.878303],[77.5669103,12.8784088],[77.5670382,12.8785854],[77.5671023,12.8786886],[77.567122,12.8787374],[77.5671573,12.8788244],[77.5672456,12.8790841],[77.5672843,12.8791809],[77.5673022,12.8792255],[77.5673096,12.8792498],[77.5673507,12.8793838],[77.5673515,12.8794279],[77.5673518,12.8794393],[77.5673472,12.8795462],[77.5673418,12.8795979],[77.5673251,12.8796718],[77.5673023,12.879734],[77.5671932,12.8800323],[77.5671856,12.8800762],[77.5671714,12.8801565],[77.5671511,12.8803003],[77.5671124,12.8805802],[77.5670866,12.8807669],[77.5670541,12.8809412],[77.5670268,12.8810871],[77.5669455,12.8813305],[77.5669369,12.8813562],[77.5669063,12.8813998],[77.5668592,12.881467],[77.5668563,12.8814711],[77.5668534,12.8814753],[77.5667883,12.8815378],[77.566728,12.8815646],[77.5666653,12.881591],[77.5665858,12.8816245],[77.5664514,12.881681],[77.5663857,12.8817136],[77.5662277,12.8818133],[77.5661969,12.8818461],[77.5661343,12.8819158],[77.5660738,12.8819993],[77.5660179,12.8820943],[77.5660018,12.8821595],[77.5659913,12.8822531],[77.5660016,12.8823571],[77.5660703,12.8826717],[77.5660868,12.8827473],[77.5661028,12.8828205],[77.566162,12.8831003],[77.5661824,12.8831596],[77.5662114,12.8832239],[77.5662298,12.8832646],[77.5662453,12.8832991],[77.5662731,12.8833352],[77.5663235,12.8834007],[77.5663772,12.883463],[77.5664859,12.8835893],[77.5665655,12.8837068],[77.5665787,12.8837262],[77.5666055,12.8837805],[77.5666283,12.8838354],[77.5666614,12.883915],[77.5666779,12.8839643],[77.5667111,12.8841048],[77.5667301,12.8842006],[77.5667307,12.8842036],[77.5667643,12.8843732],[77.5668395,12.8847933],[77.5668558,12.8849001],[77.5668562,12.8849045],[77.5668604,12.8849312],[77.5668748,12.8850833],[77.5668752,12.8851168],[77.5668752,12.8851204],[77.5668765,12.8852304],[77.5668756,12.8852646],[77.5668747,12.885295],[77.5668746,12.8852993],[77.5668743,12.8853085],[77.5668715,12.8854121],[77.5668653,12.88546],[77.5668567,12.8854853],[77.5668564,12.8854862],[77.5668363,12.8855451],[77.5668058,12.8856171],[77.56664,12.8860358],[77.5665828,12.8861672],[77.5665183,12.8862969],[77.5664393,12.8864077],[77.5664045,12.8864508],[77.5663644,12.886488],[77.5663363,12.8865105],[77.5662698,12.8865573],[77.566252,12.8865699],[77.5662377,12.8865778],[77.5661842,12.8866076],[77.5661372,12.8866316],[77.5661377,12.8866318],[77.566099,12.8866505],[77.5660889,12.8866554],[77.5660833,12.886658],[77.5660666,12.8866648],[77.5657897,12.8867775],[77.5656797,12.8868208],[77.5656662,12.8868261],[77.5656133,12.8868469],[77.5655104,12.8868926],[77.5654447,12.8869239],[77.5654447,12.886924],[77.5653707,12.8869601],[77.5651733,12.8870611],[77.5650492,12.8871382],[77.5648616,12.8872706],[77.5647259,12.8873769],[77.5646927,12.8874077],[77.5646776,12.8874217],[77.5646224,12.8874875],[77.5645943,12.8875275],[77.5642929,12.8881119],[77.5642795,12.8881379],[77.5641967,12.8882986],[77.564187,12.8883174],[77.5639978,12.8886842],[77.5639672,12.8887436],[77.5635827,12.8894981],[77.5635145,12.8896319],[77.5634972,12.8896658],[77.5635301,12.8896948],[77.5636067,12.8897623],[77.5638845,12.8900074],[77.5638967,12.8900182],[77.5640357,12.8901407],[77.5643364,12.890418],[77.5644261,12.8904924],[77.5644729,12.8905312],[77.5645249,12.8905743],[77.5645868,12.8906276],[77.5645973,12.8906366],[77.5647339,12.8907542],[77.5651753,12.8911511],[77.5653038,12.8912683],[77.5653481,12.8913086],[77.5655429,12.8914862],[77.5659201,12.8918239],[77.5660168,12.8919157],[77.5660721,12.8919666],[77.5662777,12.8921532],[77.5662861,12.8921608],[77.5666244,12.8924679],[77.5666637,12.8925035],[77.5670777,12.8928792],[77.5673685,12.8931515],[77.5674563,12.8932338],[77.5680915,12.8938288],[77.5681332,12.8938678],[77.5682354,12.8939697],[77.5682686,12.8940027],[77.568317,12.894051],[77.5683799,12.8941136],[77.5685117,12.8942449],[77.5685291,12.8942622],[77.5685379,12.894271],[77.5685443,12.8942774],[77.5685519,12.894285],[77.5685763,12.8943093],[77.5686261,12.8943589],[77.5686639,12.8943966],[77.5687475,12.8944866],[77.5687559,12.8944956],[77.5690644,12.8948277],[77.5690745,12.8948386],[77.5692472,12.8950245],[77.5695695,12.8953769],[77.5696854,12.8955037],[77.5697405,12.8955655],[77.5702237,12.8961068],[77.5706279,12.8965855],[77.5706431,12.8966035],[77.5707665,12.8967511],[77.5708925,12.8968906],[77.5710131,12.8970303],[77.5711203,12.8971644],[77.571156,12.8972091],[77.5712037,12.8972688],[77.5713232,12.8974218],[77.5713272,12.8974208],[77.5713293,12.8974296],[77.5714083,12.8975307],[77.5714764,12.8976179],[77.5714982,12.8976458],[77.5717196,12.8979293],[77.571829,12.898078],[77.5719943,12.8983025],[77.5721508,12.8985168],[77.5721862,12.8985655],[77.572188,12.8985679],[77.5721954,12.8985781],[77.5722626,12.8986704],[77.5722703,12.898681],[77.5724221,12.8988894],[77.5724618,12.8989474],[77.5724803,12.8989743],[77.5725334,12.8990517],[77.5726422,12.899234],[77.5726775,12.8993014],[77.5727044,12.8993529],[77.5727625,12.899478],[77.5727805,12.8995169],[77.5728085,12.8995916],[77.5728131,12.8996039],[77.5728682,12.8997511],[77.5729515,12.9000247],[77.5730504,12.9003498],[77.5731487,12.9006892],[77.5731632,12.9007392],[77.5731908,12.9008346],[77.5732113,12.9009059],[77.5733185,12.9012783],[77.5733426,12.901379],[77.5733866,12.9015832],[77.5734024,12.901672],[77.573417,12.9017715],[77.5734189,12.9017918],[77.5734224,12.9018294],[77.5734261,12.9018697],[77.5734263,12.9020198],[77.5734269,12.9020793],[77.5734276,12.9021433],[77.5734129,12.9022923],[77.5734089,12.9023261],[77.5733894,12.9024919],[77.573388,12.9025033],[77.5733767,12.9025995],[77.5733571,12.9027154],[77.5733446,12.9027896],[77.573295,12.9030825],[77.57326,12.9034051],[77.5732393,12.9035958],[77.5732199,12.9038112],[77.5732208,12.9039048],[77.5732212,12.903944],[77.5732387,12.9040994],[77.5732402,12.9041129],[77.5732427,12.9041354],[77.573251,12.9042094],[77.573324,12.904739],[77.5733359,12.9048249],[77.5733452,12.904947],[77.5733478,12.9050118],[77.5733562,12.9052206],[77.5733543,12.9053349],[77.5733521,12.9054739],[77.5733513,12.9055233],[77.5733495,12.9056324],[77.573335,12.9057973],[77.5732852,12.9061888],[77.5732644,12.9063522],[77.5732627,12.9063661],[77.5732504,12.9064624],[77.5733011,12.9064624],[77.5733057,12.9064627],[77.5735026,12.9064743],[77.5740242,12.9064761],[77.5747668,12.9064693],[77.5748058,12.9064689],[77.5752582,12.9064648],[77.5753595,12.9064648],[77.5795515,12.9064242],[77.5815936,12.906394],[77.5857328,12.9063328],[77.5861232,12.9063306],[77.5861233,12.9063301],[77.5863873,12.906329],[77.5864275,12.9063289],[77.5867923,12.9063275],[77.5882641,12.9063217],[77.5897373,12.9063095],[77.5909911,12.9063096],[77.5915697,12.9063095],[77.5925481,12.9062964],[77.5939008,12.9062944],[77.5949481,12.9062886],[77.5950302,12.9062841],[77.5950724,12.9062818],[77.5951881,12.9062754],[77.5952081,12.9062743],[77.5952684,12.9062665],[77.5954221,12.9062466],[77.5958558,12.9061905],[77.596157,12.9061513],[77.5963303,12.9061324],[77.5964477,12.9061295],[77.5964749,12.9061328],[77.5965364,12.9061444],[77.5965793,12.9061525],[77.5966571,12.906173],[77.5968108,12.9062134],[77.5978961,12.9065282],[77.5985338,12.9067096],[77.5991468,12.9068839],[77.5992265,12.9069066],[77.599591,12.9070199],[77.600245,12.9072231],[77.6002948,12.9072386],[77.6005089,12.9073051],[77.6005675,12.9073233],[77.6005822,12.9073012],[77.6005861,12.9072953],[77.600596,12.9072805],[77.6007329,12.9070802],[77.6007715,12.9070338],[77.6012647,12.9064409],[77.6013552,12.9063271]]]}},{"type":"Feature","properties":{"KGISSub_DivisionID":6,"Sub_DivisionName":"SW2"},"geometry":{"type":"Polygon","coordinates":[[[77.5680929,12.9674128],[77.568105,12.966992],[77.5681084,12.9668766],[77.5681127,12.9667266],[77.5681287,12.9665007],[77.5681312,12.9664651],[77.5681335,12.9664333],[77.5682147,12.9651264],[77.5684144,12.9650985],[77.5686364,12.9650675],[77.5687507,12.9650515],[77.5688634,12.9650344],[77.5698003,12.9648915],[77.5699969,12.9648621],[77.5700479,12.9648545],[77.5700396,12.9647038],[77.5700324,12.9643601],[77.5700298,12.9642396],[77.5700034,12.964235],[77.5700298,12.9642381],[77.5703308,12.9642734],[77.5710663,12.9643335],[77.5715785,12.9643853],[77.571762,12.9643999],[77.5719905,12.9644147],[77.5720358,12.9644188],[77.5731152,12.9645013],[77.573933,12.9645763],[77.5748175,12.9647075],[77.5748503,12.9647096],[77.575263,12.9647368],[77.5752702,12.9647373],[77.575288,12.9647343],[77.5755192,12.9646944],[77.5755414,12.9646906],[77.575544,12.9646901],[77.5757196,12.9646211],[77.5758504,12.9645698],[77.5758584,12.9645666],[77.5758729,12.9645591],[77.5762444,12.9643839],[77.5762741,12.9643721],[77.5763704,12.9643336],[77.5765465,12.9642631],[77.5768326,12.9641735],[77.5768625,12.9641641],[77.5769858,12.9645061],[77.5769998,12.9645331],[77.5769973,12.9644189],[77.577006,12.9643172],[77.5772419,12.9640636],[77.5775669,12.9639639],[77.5777183,12.9639097],[77.578004,12.963797],[77.5782319,12.9637151],[77.5785655,12.9636508],[77.578793,12.9636434],[77.5788787,12.9636436],[77.5788921,12.9637024],[77.578984,12.9640978],[77.5790336,12.9643195],[77.5800344,12.9642089],[77.5804799,12.9641661],[77.5806199,12.9641526],[77.5812392,12.9641086],[77.5826557,12.9640105],[77.5836094,12.9639302],[77.5844797,12.9638611],[77.5846419,12.9638612],[77.5851702,12.9638772],[77.5849267,12.9630884],[77.5842645,12.9617601],[77.583537,12.960351],[77.5836829,12.9602596],[77.5839926,12.9600367],[77.584138,12.9599511],[77.5845843,12.9597418],[77.584936,12.9595805],[77.5850719,12.9595218],[77.5852915,12.9594288],[77.5855855,12.959347],[77.5858382,12.9592692],[77.5863112,12.9591725],[77.5874271,12.958848],[77.5886126,12.9584786],[77.5893977,12.9582203],[77.5904979,12.9578957],[77.5909829,12.9577551],[77.5912351,12.9576766],[77.5913907,12.9575933],[77.5914559,12.9575396],[77.5916695,12.9571273],[77.5918288,12.9568374],[77.5918807,12.9567566],[77.5919702,12.9563685],[77.592003,12.9561401],[77.5920158,12.9561056],[77.5922179,12.9560169],[77.5921751,12.9559029],[77.5919748,12.9553703],[77.591393,12.9538461],[77.5907771,12.952251],[77.5905318,12.9515859],[77.5905197,12.9515533],[77.5903289,12.951626],[77.5901682,12.9516849],[77.5892552,12.9520195],[77.5883195,12.9523425],[77.5878658,12.9524985],[77.5876974,12.9525565],[77.5876114,12.9525871],[77.5872249,12.9527097],[77.5871337,12.9527502],[77.5868958,12.9528558],[77.5867643,12.9529586],[77.586549,12.9531743],[77.5859563,12.953686],[77.5857068,12.9539015],[77.5856592,12.9539192],[77.5855535,12.9539586],[77.5850984,12.9540836],[77.5849829,12.9541204],[77.5848431,12.9541649],[77.5842028,12.9543971],[77.5842022,12.9543973],[77.5841928,12.9543769],[77.5841649,12.9543162],[77.5840735,12.9541175],[77.5837553,12.9534374],[77.5833968,12.9526701],[77.5833502,12.9525704],[77.5832841,12.9524289],[77.582868,12.9515696],[77.5823905,12.9505447],[77.5820013,12.9497168],[77.5819303,12.9496061],[77.5818726,12.9495163],[77.5818055,12.94945],[77.5814763,12.9492998],[77.5812598,12.9491938],[77.580511,12.9487643],[77.5804043,12.9487023],[77.5803106,12.9486313],[77.5802331,12.9485369],[77.5800553,12.9482965],[77.5799714,12.948183],[77.579969,12.9482707],[77.5799686,12.9482934],[77.5787653,12.948287],[77.5784212,12.9482851],[77.5779116,12.948281],[77.5777367,12.9482796],[77.5774788,12.9482776],[77.5772736,12.9482765],[77.576795,12.9482741],[77.5764417,12.9482722],[77.5758773,12.9482805],[77.5752708,12.9482707],[77.5752488,12.9482703],[77.5744757,12.9482579],[77.5739624,12.9482486],[77.5737285,12.948247],[77.5734029,12.9482448],[77.5723333,12.9482375],[77.5722706,12.9482368],[77.5720723,12.9482347],[77.5720457,12.9482344],[77.5715404,12.9482291],[77.5714995,12.9482286],[77.5711743,12.9482198],[77.5706828,12.9482064],[77.5705177,12.9482019],[77.5704665,12.9482016],[77.5700976,12.9481988],[77.5700198,12.9481983],[77.5699468,12.9481977],[77.5694658,12.9481942],[77.5687545,12.9482089],[77.568605,12.9482143],[77.5684413,12.9482085],[77.5682409,12.9482014],[77.5680654,12.9481952],[77.5679726,12.9481919],[77.5679674,12.9481927],[77.5679621,12.9481935],[77.5679617,12.9481935],[77.5679568,12.9481943],[77.5679516,12.9481952],[77.5679465,12.9481962],[77.5679413,12.9481974],[77.5679348,12.9481991],[77.5679313,12.9482002],[77.5679264,12.9482018],[77.5679216,12.9482037],[77.5679168,12.9482057],[77.5679121,12.9482079],[77.5679075,12.9482103],[77.567903,12.9482128],[77.5678985,12.9482154],[77.5678941,12.9482182],[77.5678898,12.9482212],[77.5678889,12.9482218],[77.5678355,12.9481706],[77.56783,12.9481652],[77.5677561,12.9480941],[77.5677354,12.9480676],[77.5677165,12.9480363],[77.5677035,12.9479993],[77.5676972,12.9479488],[77.5676952,12.9478414],[77.5676979,12.9477707],[77.567703,12.9476357],[77.5677153,12.9474682],[77.5677222,12.9473744],[77.5677229,12.9473647],[77.5677265,12.9473162],[77.5677289,12.9472833],[77.5672444,12.9472868],[77.5672064,12.9472871],[77.5669274,12.9472891],[77.5669231,12.9472891],[77.5665821,12.9472916],[77.5665611,12.9472914],[77.566214,12.9472878],[77.5654782,12.9472801],[77.56533,12.9472828],[77.5653125,12.9472831],[77.5650853,12.9472873],[77.5650403,12.9472881],[77.5647308,12.9472937],[77.5642125,12.9473031],[77.564217,12.9476005],[77.5642174,12.9476275],[77.564219,12.9477313],[77.5642206,12.9478342],[77.5642279,12.9483116],[77.564229,12.9483881],[77.5642321,12.9484425],[77.5642326,12.948452],[77.564235,12.9484942],[77.5642368,12.9485254],[77.5642403,12.9485875],[77.5640355,12.9486381],[77.5640024,12.9486466],[77.5639525,12.9486566],[77.563909,12.9486655],[77.5638091,12.948686],[77.5637915,12.9486896],[77.5637193,12.9487178],[77.5629621,12.9490558],[77.5628074,12.9491075],[77.562791,12.9491077],[77.5627068,12.9491088],[77.5626386,12.9490966],[77.562585,12.9490837],[77.5625573,12.949077],[77.562488,12.9490551],[77.5624827,12.9490531],[77.5624109,12.9490258],[77.5623493,12.9489995],[77.5623233,12.9489863],[77.562293,12.948971],[77.5621019,12.9488568],[77.5620821,12.948845],[77.5616888,12.9485899],[77.5616507,12.9485651],[77.5616121,12.9485401],[77.5615914,12.9485274],[77.56157,12.9485143],[77.5615661,12.9485119],[77.5615273,12.948488],[77.5615223,12.9484849],[77.5614845,12.9484676],[77.5614495,12.948457],[77.5614006,12.9484492],[77.5613327,12.9484486],[77.5613295,12.9484486],[77.5612319,12.9484536],[77.5610747,12.9484691],[77.5610709,12.9484695],[77.5608827,12.948492],[77.560814,12.9485009],[77.5608089,12.9485016],[77.5607111,12.9485143],[77.5606425,12.9485237],[77.5606004,12.9485273],[77.5605649,12.9485277],[77.5605599,12.9485268],[77.5605183,12.9485195],[77.5604861,12.9485111],[77.5604304,12.9484899],[77.5603387,12.9484498],[77.5603287,12.9484454],[77.560288,12.9484277],[77.5601506,12.9483676],[77.560006,12.9482955],[77.5600031,12.9482942],[77.5599075,12.9482509],[77.559826,12.9482245],[77.5598117,12.9482198],[77.5597453,12.9482036],[77.5597354,12.9482012],[77.5596807,12.9481879],[77.5596328,12.9481735],[77.5595836,12.948158],[77.559552,12.948146],[77.5595117,12.9481341],[77.5594783,12.948129],[77.5594664,12.9481271],[77.5593998,12.9481253],[77.5593395,12.9481259],[77.5592767,12.9481352],[77.5592166,12.9481505],[77.5591556,12.9481679],[77.559057,12.9482072],[77.5589631,12.9482447],[77.5589163,12.9482627],[77.5588563,12.9482858],[77.5588383,12.9482927],[77.5583751,12.9484711],[77.5583118,12.9484958],[77.5582412,12.9485205],[77.5581941,12.9485316],[77.5581324,12.948542],[77.5580535,12.9485517],[77.5578863,12.9485674],[77.5578663,12.9485693],[77.5578786,12.9486403],[77.5579335,12.9489563],[77.5579299,12.9495597],[77.5579295,12.9496156],[77.5580137,12.9497766],[77.5580463,12.9498391],[77.5580456,12.9500619],[77.5580453,12.9501499],[77.556746,12.9500397],[77.5567383,12.9500518],[77.5567296,12.9500655],[77.5567062,12.9500889],[77.556692,12.9501031],[77.5566354,12.950148],[77.556607,12.9501644],[77.5565822,12.9501788],[77.5565508,12.9501923],[77.55651,12.9502098],[77.5565089,12.9502101],[77.5564022,12.9502434],[77.5561367,12.9503054],[77.5560594,12.9503215],[77.5557846,12.9503786],[77.5557476,12.950388],[77.5556493,12.950413],[77.5555152,12.950431],[77.5555147,12.9504311],[77.5555147,12.9504473],[77.5555079,12.9504974],[77.5555064,12.9505082],[77.5555034,12.9505649],[77.5555061,12.9506517],[77.5555201,12.9507881],[77.5555446,12.9509473],[77.5555487,12.9509741],[77.555557,12.9510279],[77.5556705,12.9515177],[77.5556997,12.9516376],[77.5557247,12.9517405],[77.5554032,12.9518016],[77.5552147,12.9518374],[77.554741,12.9518815],[77.5543594,12.9518861],[77.5541055,12.951867],[77.5534808,12.9516473],[77.55313,12.9515301],[77.5527845,12.9514212],[77.552477,12.9513291],[77.552341,12.9512985],[77.5522645,12.9512813],[77.5521352,12.9514578],[77.5519371,12.9516979],[77.5519117,12.9517288],[77.5513991,12.9523502],[77.5513438,12.9524172],[77.55134,12.9524219],[77.5513137,12.9524538],[77.5510679,12.9527699],[77.550616,12.9534075],[77.5504757,12.9536],[77.5501925,12.9539549],[77.5497042,12.954567],[77.5496579,12.954625],[77.5493282,12.9550383],[77.5489374,12.9557095],[77.5487125,12.9561119],[77.548642,12.9562377],[77.5485423,12.9564155],[77.5484338,12.9565998],[77.5483942,12.9566667],[77.5483777,12.9566947],[77.5483318,12.956772],[77.548307,12.956814],[77.5481758,12.9570527],[77.5481582,12.9570822],[77.5480969,12.9571852],[77.5480846,12.9572059],[77.5480025,12.9573435],[77.5479428,12.9574505],[77.5478284,12.9576556],[77.5477958,12.957718],[77.5477801,12.9577538],[77.5477788,12.9577568],[77.5477703,12.9577762],[77.5477595,12.9578001],[77.5477519,12.9578169],[77.5477402,12.9578368],[77.5477193,12.9578728],[77.54768,12.9579443],[77.5476694,12.9579636],[77.5476154,12.958061],[77.547593,12.9581013],[77.5475068,12.9582566],[77.5474433,12.9583686],[77.5473233,12.9585805],[77.5473111,12.9586028],[77.5473041,12.9586156],[77.5471827,12.9588374],[77.5471108,12.9589771],[77.5471076,12.9589836],[77.5470954,12.9590075],[77.5470833,12.9590313],[77.5470552,12.9590866],[77.547007,12.95917],[77.5469991,12.9591836],[77.5469307,12.9593016],[77.5468963,12.9593596],[77.5467739,12.9595661],[77.5466576,12.9597834],[77.5466563,12.9597857],[77.5466344,12.9598268],[77.5466009,12.9598894],[77.5465902,12.9599093],[77.5465754,12.9599369],[77.5465062,12.9600636],[77.5464965,12.9600813],[77.5464074,12.960282],[77.5464006,12.9602948],[77.5463796,12.9603344],[77.5463506,12.9603915],[77.5463382,12.9604107],[77.5463095,12.960455],[77.5463016,12.9604672],[77.5462971,12.9604742],[77.5462772,12.9605084],[77.54619,12.9606588],[77.5461617,12.9607095],[77.5461464,12.9607371],[77.5461371,12.9607538],[77.5461306,12.9607654],[77.5460977,12.9608244],[77.5460589,12.9608941],[77.5460174,12.9609686],[77.5459601,12.9610716],[77.5458811,12.9612067],[77.5458428,12.9612648],[77.5457729,12.961371],[77.5457459,12.961412],[77.5457414,12.9614189],[77.5456785,12.9615302],[77.5456091,12.9616396],[77.5455961,12.9616602],[77.5455636,12.9617115],[77.5454306,12.9619212],[77.5453888,12.9619946],[77.545334,12.9620727],[77.5452313,12.9622011],[77.545167,12.9622893],[77.5451367,12.9623382],[77.5451222,12.9623632],[77.5451042,12.9623942],[77.5450473,12.9624885],[77.5450065,12.9625515],[77.5449824,12.9625854],[77.544974,12.9625971],[77.5449658,12.9626087],[77.5449282,12.962657],[77.5449086,12.9626822],[77.5448116,12.9628087],[77.544689,12.9629593],[77.5446014,12.963075],[77.5445758,12.9631087],[77.54456,12.9631296],[77.5445267,12.9631735],[77.5444666,12.9632567],[77.5444323,12.9633042],[77.5443875,12.9633622],[77.5443658,12.9633904],[77.5443378,12.9634267],[77.544324,12.9634434],[77.5442309,12.9635562],[77.5442034,12.9635896],[77.5440857,12.9637543],[77.5439402,12.9639261],[77.543922,12.9639476],[77.5438319,12.9640301],[77.5438316,12.9640304],[77.5438275,12.9640341],[77.5438058,12.9640544],[77.5440225,12.9642215],[77.5443705,12.9643615],[77.5447236,12.9644298],[77.5451826,12.9644095],[77.5457439,12.9643796],[77.5459698,12.9645111],[77.5460142,12.9645101],[77.5462898,12.9645612],[77.5471622,12.9648244],[77.5480162,12.9651044],[77.5482876,12.9651967],[77.5486001,12.965367],[77.5491894,12.9657974],[77.5497636,12.966237],[77.5501301,12.9666219],[77.5502795,12.9667919],[77.5503597,12.9668831],[77.5505986,12.9671551],[77.5508094,12.9673914],[77.5511012,12.9677185],[77.5513296,12.9679516],[77.5515515,12.9681082],[77.5517671,12.968217],[77.5519707,12.9682972],[77.5523072,12.968401],[77.5529466,12.9685802],[77.5539943,12.9688608],[77.5541589,12.9689049],[77.5541554,12.9688712],[77.5543819,12.9689324],[77.5543865,12.9690614],[77.5544429,12.9690581],[77.5545116,12.9690621],[77.5546042,12.9690743],[77.5547974,12.9691303],[77.5548763,12.9691559],[77.5549215,12.9691705],[77.5551304,12.9692383],[77.5552152,12.9692619],[77.5553102,12.9692883],[77.5553512,12.9692997],[77.5556635,12.9693866],[77.5561754,12.9695145],[77.5563321,12.9695466],[77.5563469,12.9695487],[77.5563786,12.9695532],[77.556403,12.9695567],[77.5564246,12.9695598],[77.556511,12.9695672],[77.5565878,12.9695711],[77.5566021,12.969571],[77.5566289,12.9695707],[77.5567222,12.9695698],[77.5567539,12.9695688],[77.55704,12.9695596],[77.5571263,12.9695541],[77.5571275,12.9695539],[77.5572102,12.9695438],[77.5573287,12.9695215],[77.557491,12.9694902],[77.5575215,12.9694843],[77.5576659,12.969454],[77.557861,12.9694131],[77.5578905,12.9694069],[77.5579333,12.9693979],[77.5580691,12.9693695],[77.5582738,12.9693237],[77.5583055,12.9693167],[77.5585096,12.9692711],[77.5587039,12.9692274],[77.5589316,12.9691761],[77.5590056,12.9691552],[77.5590331,12.9691474],[77.5591011,12.9691281],[77.5592068,12.9690982],[77.5593906,12.9690392],[77.5594314,12.9690261],[77.5596771,12.9689473],[77.5599194,12.9688567],[77.5599281,12.9688534],[77.5599719,12.9688335],[77.5599881,12.9688262],[77.5600043,12.9688188],[77.560046,12.9687955],[77.5600746,12.9687782],[77.5601152,12.9687535],[77.5601379,12.9687397],[77.5602018,12.9686934],[77.5602369,12.968661],[77.560308,12.9685881],[77.5603546,12.9685423],[77.5604146,12.9684832],[77.5605341,12.968371],[77.560698,12.9682235],[77.5607045,12.9682177],[77.5608532,12.9680821],[77.5608915,12.9680471],[77.5610885,12.967871],[77.5611088,12.9678529],[77.5611932,12.9677747],[77.5612182,12.9677544],[77.561246,12.9677358],[77.5612999,12.967706],[77.5613206,12.9676945],[77.5615115,12.9675887],[77.5617962,12.9674325],[77.5622009,12.9673281],[77.5625223,12.9672951],[77.5627262,12.9673277],[77.5628758,12.9673819],[77.5629024,12.9673915],[77.563054,12.9674464],[77.5633702,12.967619],[77.5635669,12.967788],[77.5638152,12.9679073],[77.5639326,12.9679637],[77.5640559,12.9680229],[77.5640816,12.9680307],[77.5640958,12.9680501],[77.5641551,12.9681315],[77.5641595,12.9681375],[77.5641869,12.9681749],[77.5642225,12.9682234],[77.5642762,12.9682968],[77.5642764,12.968297],[77.5642999,12.9683291],[77.564384,12.9684339],[77.5645274,12.9686034],[77.5646234,12.9687197],[77.5646315,12.9687296],[77.564688,12.9687981],[77.5648618,12.9689976],[77.5649397,12.9690827],[77.5651044,12.9692498],[77.5651071,12.9692525],[77.5652605,12.9694185],[77.5652711,12.9694299],[77.5653747,12.969542],[77.5657652,12.9699805],[77.5658264,12.9700442],[77.565885,12.9701068],[77.5660016,12.9702358],[77.5660326,12.9702701],[77.5663631,12.9706355],[77.5664152,12.9706951],[77.5664348,12.9706791],[77.5664349,12.9706791],[77.5666938,12.9704687],[77.5666963,12.9704667],[77.5669436,12.9703254],[77.567045,12.9702636],[77.5670688,12.9702467],[77.5670865,12.970225],[77.5670958,12.9702088],[77.5671002,12.9701955],[77.5671058,12.9701573],[77.5671061,12.9701307],[77.5671064,12.9701122],[77.5671072,12.9700493],[77.5670949,12.9698252],[77.5670858,12.9696593],[77.5671069,12.9695906],[77.5671099,12.969581],[77.5671798,12.9693534],[77.5672236,12.9692604],[77.5673129,12.9690986],[77.5673966,12.9689471],[77.5673915,12.9688496],[77.5673902,12.9688232],[77.5673893,12.9688056],[77.5673705,12.9684278],[77.5673716,12.9683973],[77.5673776,12.9683673],[77.567384,12.9683444],[77.5673909,12.9683281],[77.5674006,12.9683132],[77.5674126,12.9683001],[77.5674268,12.9682892],[77.5674426,12.9682809],[77.5674597,12.9682753],[77.5674775,12.9682726],[77.5677645,12.9682412],[77.5678259,12.9682345],[77.5680484,12.9682102],[77.5680605,12.968011],[77.5680614,12.9679967],[77.5680734,12.9677904],[77.5680929,12.9674128]]]}},{"type":"Feature","properties":{"KGISSub_DivisionID":7,"Sub_DivisionName":"SW5"},"geometry":{"type":"MultiPolygon","coordinates":[[[[77.5632042,12.9196351],[77.5633444,12.9195514],[77.5633547,12.9195411],[77.563383,12.9195127],[77.5634686,12.9194267],[77.5635407,12.9193244],[77.5636572,12.9191594],[77.5640301,12.918587],[77.5642276,12.9182397],[77.5642913,12.9181279],[77.5643647,12.9179656],[77.5644395,12.9177787],[77.5646207,12.917326],[77.564809,12.9168502],[77.5651446,12.9160024],[77.5651574,12.91597],[77.5651605,12.9159621],[77.565495,12.9151273],[77.5657254,12.9145524],[77.5658727,12.9141849],[77.5659041,12.9141205],[77.5662648,12.9139842],[77.5664825,12.9139225],[77.5666525,12.9138852],[77.566661,12.9138838],[77.5670936,12.913852],[77.5672321,12.9138551],[77.5672495,12.9138605],[77.5673517,12.9138923],[77.5682607,12.9146579],[77.5686269,12.9149965],[77.5686774,12.915037],[77.5686926,12.9150493],[77.5689255,12.9152366],[77.5690874,12.9153484],[77.5692563,12.9154164],[77.5693604,12.9154555],[77.5693677,12.9154583],[77.5694527,12.9154902],[77.5695267,12.915518],[77.5695551,12.9155257],[77.5696904,12.9155624],[77.5698632,12.9156103],[77.5699828,12.9157169],[77.5701435,12.9160245],[77.5701609,12.9160542],[77.5701658,12.9160627],[77.570181,12.9160887],[77.5702065,12.9161324],[77.5702244,12.916163],[77.5702934,12.9162476],[77.5703274,12.9162757],[77.5703336,12.9162799],[77.5703631,12.9163001],[77.5703989,12.9163217],[77.5704552,12.9163496],[77.5705021,12.9163674],[77.5705695,12.9163857],[77.5706101,12.9163967],[77.5706209,12.9163996],[77.5711621,12.9165484],[77.571231,12.9165674],[77.5712454,12.9165697],[77.5712966,12.9165777],[77.5713582,12.9165808],[77.5715039,12.916572],[77.5715269,12.9165705],[77.5715564,12.9165684],[77.5716589,12.9165613],[77.5718785,12.9165542],[77.5720781,12.9165571],[77.5721803,12.9165635],[77.5722177,12.9165667],[77.5722525,12.9165696],[77.5723085,12.9165743],[77.5727559,12.9166243],[77.572775,12.9166292],[77.5728779,12.9166604],[77.5730179,12.9167028],[77.5732585,12.916803],[77.5732846,12.9168138],[77.5734212,12.9168774],[77.5735532,12.9169131],[77.573559,12.9169147],[77.5735592,12.9169147],[77.5735604,12.9166969],[77.5735637,12.9160927],[77.5735738,12.9160401],[77.5735771,12.9157688],[77.5735741,12.915372],[77.5735658,12.9149945],[77.5735654,12.914973],[77.57351,12.914574],[77.5734771,12.9143462],[77.5734365,12.913978],[77.5733772,12.91379],[77.5732635,12.9134283],[77.5731667,12.9130328],[77.5730787,12.9126585],[77.5730331,12.9126387],[77.5729321,12.9121944],[77.5728897,12.9117767],[77.5728858,12.9111285],[77.5729182,12.9100262],[77.5729255,12.9097767],[77.5729428,12.9092547],[77.5729519,12.9089816],[77.5729629,12.90875],[77.5729635,12.9087425],[77.5729931,12.908415],[77.5729962,12.9083801],[77.5730359,12.9079717],[77.5731461,12.9072358],[77.5731609,12.9071414],[77.5732504,12.9064624],[77.5732627,12.9063661],[77.5732644,12.9063522],[77.5732852,12.9061888],[77.573335,12.9057973],[77.5733495,12.9056324],[77.5733513,12.9055233],[77.5733521,12.9054739],[77.5733543,12.9053349],[77.5733562,12.9052206],[77.5733478,12.9050118],[77.5733452,12.904947],[77.5733359,12.9048249],[77.573324,12.904739],[77.573251,12.9042094],[77.5732427,12.9041354],[77.5732402,12.9041129],[77.5732387,12.9040994],[77.5732212,12.903944],[77.5732208,12.9039048],[77.5732199,12.9038112],[77.5732393,12.9035958],[77.57326,12.9034051],[77.573295,12.9030825],[77.5733446,12.9027896],[77.5733571,12.9027154],[77.5733767,12.9025995],[77.573388,12.9025033],[77.5733894,12.9024919],[77.5734089,12.9023261],[77.5734129,12.9022923],[77.5734276,12.9021433],[77.5734269,12.9020793],[77.5734263,12.9020198],[77.5734261,12.9018697],[77.5734224,12.9018294],[77.5734189,12.9017918],[77.573417,12.9017715],[77.5734024,12.901672],[77.5733866,12.9015832],[77.5733426,12.901379],[77.5733185,12.9012783],[77.5732113,12.9009059],[77.5731908,12.9008346],[77.5731632,12.9007392],[77.5731487,12.9006892],[77.5730504,12.9003498],[77.5729515,12.9000247],[77.5728682,12.8997511],[77.5728131,12.8996039],[77.5728085,12.8995916],[77.5727805,12.8995169],[77.5727625,12.899478],[77.5727044,12.8993529],[77.5726775,12.8993014],[77.5726422,12.899234],[77.5725334,12.8990517],[77.5724803,12.8989743],[77.5724618,12.8989474],[77.5724221,12.8988894],[77.5722703,12.898681],[77.5722626,12.8986704],[77.5721954,12.8985781],[77.572188,12.8985679],[77.5721862,12.8985655],[77.5721508,12.8985168],[77.5719943,12.8983025],[77.571829,12.898078],[77.5717196,12.8979293],[77.5714982,12.8976458],[77.5714764,12.8976179],[77.5714083,12.8975307],[77.5713293,12.8974296],[77.5713272,12.8974208],[77.5713232,12.8974218],[77.5712037,12.8972688],[77.571156,12.8972091],[77.5711203,12.8971644],[77.5710131,12.8970303],[77.5708925,12.8968906],[77.5707665,12.8967511],[77.5706431,12.8966035],[77.5706279,12.8965855],[77.5702237,12.8961068],[77.5697405,12.8955655],[77.5696854,12.8955037],[77.5695695,12.8953769],[77.5692472,12.8950245],[77.5690745,12.8948386],[77.5690644,12.8948277],[77.5687559,12.8944956],[77.5687475,12.8944866],[77.5686639,12.8943966],[77.5686261,12.8943589],[77.5685763,12.8943093],[77.5685519,12.894285],[77.5685443,12.8942774],[77.5685379,12.894271],[77.5685291,12.8942622],[77.5685117,12.8942449],[77.5683799,12.8941136],[77.568317,12.894051],[77.5682686,12.8940027],[77.5682354,12.8939697],[77.5681332,12.8938678],[77.5680915,12.8938288],[77.5674563,12.8932338],[77.5673685,12.8931515],[77.5670777,12.8928792],[77.5666637,12.8925035],[77.5666244,12.8924679],[77.5662861,12.8921608],[77.5662777,12.8921532],[77.5660721,12.8919666],[77.5660168,12.8919157],[77.5659201,12.8918239],[77.5655429,12.8914862],[77.5653481,12.8913086],[77.5653038,12.8912683],[77.5651753,12.8911511],[77.5647339,12.8907542],[77.5645973,12.8906366],[77.5645868,12.8906276],[77.5645249,12.8905743],[77.5644729,12.8905312],[77.5644261,12.8904924],[77.5643364,12.890418],[77.5640357,12.8901407],[77.5638967,12.8900182],[77.5638845,12.8900074],[77.5636067,12.8897623],[77.5635301,12.8896948],[77.5634972,12.8896658],[77.5634634,12.889636],[77.5634633,12.8896359],[77.56306,12.8892803],[77.5629457,12.8891792],[77.5629403,12.8891744],[77.5628983,12.8891371],[77.5627011,12.8889619],[77.5625478,12.8888256],[77.5622813,12.8885958],[77.5621502,12.8884828],[77.5617672,12.8881503],[77.5617568,12.8881412],[77.5613174,12.8878028],[77.5611432,12.8876833],[77.5611058,12.8876577],[77.5610931,12.8876489],[77.5609682,12.8875632],[77.5608759,12.8874999],[77.5608526,12.8874839],[77.5608115,12.8874557],[77.5606291,12.8873343],[77.5605756,12.8872986],[77.5604507,12.8872232],[77.5602595,12.8871078],[77.5601639,12.8870563],[77.5601455,12.8870463],[77.5601268,12.8870363],[77.5601198,12.8870325],[77.5601166,12.8870308],[77.5599356,12.8869462],[77.5598255,12.8868982],[77.5596216,12.8868244],[77.5595319,12.8867921],[77.5590098,12.8866283],[77.5588317,12.8865724],[77.558793,12.8865602],[77.5585852,12.8865051],[77.5585656,12.8864983],[77.5585545,12.8864944],[77.5583437,12.8864208],[77.5583325,12.8864169],[77.5582595,12.8863915],[77.5582329,12.8863822],[77.5580882,12.8863317],[77.5579778,12.8862932],[77.5577255,12.8862071],[77.5576633,12.8861859],[77.5576496,12.8861812],[77.5575729,12.886155],[77.5573769,12.8860968],[77.5571139,12.8860187],[77.5571013,12.8860148],[77.5570389,12.8859954],[77.5568938,12.8859504],[77.5568069,12.8859207],[77.5567043,12.8858899],[77.5566018,12.885859],[77.5564514,12.8858149],[77.5564215,12.8858049],[77.5562202,12.8857368],[77.5560194,12.8856687],[77.555966,12.8856507],[77.5559284,12.8856385],[77.5558518,12.8856113],[77.5558223,12.8856015],[77.5557663,12.8855829],[77.5556899,12.8855599],[77.5556721,12.8855545],[77.555648,12.8855472],[77.5554771,12.8854916],[77.5553435,12.8854522],[77.5548412,12.8852877],[77.5540234,12.8850313],[77.5536091,12.8848946],[77.5535423,12.8848733],[77.5534831,12.8848544],[77.5531486,12.8847476],[77.5526284,12.884592],[77.5520661,12.8844318],[77.5510681,12.8841475],[77.5508789,12.8840945],[77.5507306,12.8840529],[77.5500239,12.8838548],[77.5499762,12.8838414],[77.549554,12.8837226],[77.5491848,12.8836279],[77.5489757,12.8835768],[77.5485713,12.8834838],[77.5484801,12.8834584],[77.5484657,12.8834552],[77.5483449,12.8834281],[77.5482971,12.8834173],[77.5478349,12.8832983],[77.5476502,12.8832516],[77.5475307,12.8832136],[77.5473894,12.8831618],[77.5473546,12.883146],[77.5473023,12.8831222],[77.5472199,12.8830725],[77.5471912,12.8830522],[77.5471843,12.8830457],[77.5471826,12.8830441],[77.5471331,12.8829976],[77.5471152,12.8829753],[77.5470465,12.8828899],[77.5470399,12.8828816],[77.546987,12.8828058],[77.546934,12.882718],[77.5469113,12.8826803],[77.5468531,12.882556],[77.5467866,12.8824022],[77.5467828,12.8823935],[77.5467284,12.8822676],[77.5466923,12.8821816],[77.5466635,12.882106],[77.546645,12.8820572],[77.5466272,12.882014],[77.5466256,12.88201],[77.5465867,12.8819156],[77.5465256,12.8817688],[77.5465118,12.8817336],[77.5464661,12.8816174],[77.5463153,12.8812337],[77.5462588,12.8810899],[77.5461935,12.880937],[77.5461872,12.8809225],[77.5461735,12.8808904],[77.54598,12.8804377],[77.5459593,12.8803867],[77.5458597,12.8801425],[77.5457674,12.8799161],[77.5456871,12.8797192],[77.5456355,12.8795865],[77.5452427,12.8797039],[77.5448984,12.879813],[77.5446845,12.8798887],[77.5445257,12.8799504],[77.5444198,12.8799988],[77.5443653,12.880032],[77.5442991,12.8800759],[77.5442128,12.8801441],[77.5441514,12.8802042],[77.5441082,12.8802519],[77.544074,12.8802929],[77.5440392,12.8803381],[77.5440368,12.8803412],[77.5439112,12.8805214],[77.5438079,12.8806725],[77.5437949,12.8806911],[77.5437351,12.8807766],[77.5436376,12.8809158],[77.5435796,12.8809987],[77.5434822,12.8811455],[77.5434519,12.8811915],[77.5433198,12.8813977],[77.5432588,12.8814825],[77.5431996,12.8815498],[77.5431092,12.8814405],[77.5428833,12.8811627],[77.5427503,12.8809991],[77.5419756,12.881114],[77.541832,12.8811383],[77.5413164,12.8812256],[77.5408891,12.8813708],[77.5407297,12.8813551],[77.540262,12.8813579],[77.5396362,12.881374],[77.539562,12.8820506],[77.5395001,12.8822966],[77.5394391,12.8827906],[77.5394363,12.8828134],[77.5394038,12.882919],[77.5392668,12.883365],[77.5388961,12.8841546],[77.5385754,12.884658],[77.5382915,12.8849894],[77.5378306,12.8853993],[77.5373833,12.8856815],[77.5362675,12.8860503],[77.5357745,12.8862403],[77.5351323,12.8863847],[77.5347364,12.8865087],[77.5343577,12.8874692],[77.5331608,12.8872716],[77.5331069,12.8872627],[77.5330937,12.8872605],[77.5324761,12.8871586],[77.5313787,12.8869774],[77.5308826,12.8868211],[77.5301304,12.886584],[77.5292431,12.8863792],[77.5283574,12.8859902],[77.5275391,12.885901],[77.5259832,12.8858268],[77.524393,12.8856716],[77.5238721,12.8856947],[77.5233511,12.8857178],[77.5222275,12.885706],[77.5208614,12.8853928],[77.520303,12.8862497],[77.519682,12.8874641],[77.5193704,12.8882441],[77.519009,12.8892877],[77.5186844,12.8901017],[77.5184309,12.8908823],[77.5182287,12.891214],[77.5179449,12.8914979],[77.5178135,12.8917623],[77.5177273,12.8921867],[77.5177579,12.8926483],[77.5178901,12.8931752],[77.517901,12.8932308],[77.5179043,12.8932319],[77.5179206,12.8932373],[77.5180103,12.8932844],[77.5181062,12.8933349],[77.5182615,12.8934092],[77.5182678,12.8934122],[77.5184947,12.8934387],[77.5185135,12.8933792],[77.5185276,12.8933499],[77.518787,12.8928129],[77.518833,12.8927814],[77.5189062,12.8927855],[77.5192186,12.8928375],[77.5196507,12.8929218],[77.5202814,12.8933629],[77.5205898,12.8935786],[77.5208886,12.8936045],[77.5209734,12.8936118],[77.5210176,12.8936377],[77.5210602,12.8937568],[77.5210419,12.8940554],[77.5210936,12.8941748],[77.521039,12.8943211],[77.5210394,12.8943546],[77.5210551,12.8944644],[77.5210674,12.8947094],[77.5210433,12.8949928],[77.5209729,12.8952606],[77.5209584,12.8953158],[77.5209341,12.8954051],[77.5207596,12.8960469],[77.5207031,12.8961858],[77.5206789,12.8962452],[77.5206004,12.8964381],[77.5204813,12.8968137],[77.5207912,12.8973164],[77.521117,12.8977292],[77.5211773,12.8978463],[77.5211861,12.8978633],[77.5213035,12.8978837],[77.5213021,12.8978873],[77.5212838,12.8979338],[77.5212793,12.8979453],[77.5215058,12.898061],[77.5215698,12.8980139],[77.5216821,12.8979956],[77.5217566,12.8979499],[77.5218464,12.8979308],[77.5219235,12.8978128],[77.5220107,12.897767],[77.5221097,12.8977443],[77.5222918,12.8977232],[77.5224703,12.8976854],[77.5225187,12.8976279],[77.5225623,12.8976061],[77.5226789,12.8976166],[77.5227759,12.8976908],[77.5229256,12.897782],[77.5230604,12.8978123],[77.5231365,12.8978067],[77.5232191,12.8978655],[77.523332,12.8978961],[77.5234645,12.8978735],[77.5235586,12.8978564],[77.5236185,12.8978444],[77.5237398,12.8978308],[77.5238084,12.897774],[77.5239282,12.8977588],[77.5241031,12.8978095],[77.5241428,12.897849],[77.5242159,12.897839],[77.5243101,12.8977985],[77.5244137,12.8977311],[77.5245595,12.8976642],[77.5247694,12.8976542],[77.5247735,12.897614],[77.5249162,12.8975771],[77.5249565,12.8975241],[77.5250121,12.8974039],[77.5250529,12.897294],[77.5250388,12.8970337],[77.5250024,12.8968354],[77.5249502,12.8967671],[77.5248807,12.896699],[77.5248312,12.8966204],[77.5248181,12.8965368],[77.5248352,12.8964347],[77.5248332,12.8962748],[77.5247966,12.8962575],[77.5247429,12.8962551],[77.5246597,12.8962464],[77.5246534,12.8962458],[77.524604,12.8962406],[77.5245171,12.8962344],[77.5245116,12.8961192],[77.524535,12.8960478],[77.5245464,12.8960132],[77.5245588,12.8959753],[77.5246059,12.8958212],[77.5246887,12.8957594],[77.5248092,12.8957093],[77.5249857,12.895666],[77.5251668,12.8956651],[77.5252978,12.8957076],[77.5254081,12.8957672],[77.5254643,12.8958131],[77.525502,12.8958439],[77.5256619,12.8960413],[77.5256866,12.8960717],[77.5258051,12.8962257],[77.5258868,12.8962534],[77.5259426,12.8961976],[77.5259966,12.896001],[77.5259747,12.8956286],[77.5261519,12.8955603],[77.5263318,12.8954992],[77.5264446,12.8954652],[77.5267657,12.8953917],[77.5269681,12.8953979],[77.5271054,12.8953794],[77.5272939,12.8953675],[77.5274795,12.8953672],[77.5275949,12.895543],[77.5276515,12.895551],[77.5277084,12.8955355],[77.5277416,12.8955148],[77.5277595,12.895479],[77.5277974,12.8953571],[77.5278809,12.8953589],[77.527979,12.8953619],[77.5280325,12.8953935],[77.5280573,12.8954626],[77.5280711,12.8955237],[77.5281807,12.8954782],[77.5284465,12.8954736],[77.5286026,12.8954609],[77.5287644,12.8954357],[77.5291402,12.8954103],[77.5293357,12.8953197],[77.5293485,12.8953239],[77.5296365,12.8952921],[77.5297722,12.8952641],[77.5299521,12.8952532],[77.5302514,12.8951172],[77.5307973,12.8946784],[77.5309847,12.8946729],[77.531096,12.8946699],[77.5311412,12.8947017],[77.5311505,12.8947083],[77.5313257,12.8948317],[77.5314915,12.8953263],[77.5315912,12.8955383],[77.531726,12.8958413],[77.5318148,12.8960439],[77.5320902,12.8966235],[77.5322031,12.896859],[77.5323598,12.8974322],[77.5326531,12.8979794],[77.5328752,12.8982182],[77.5329417,12.8983104],[77.5329746,12.898356],[77.5330298,12.8984327],[77.5334374,12.89855],[77.5334808,12.8985625],[77.5336523,12.8986731],[77.533817,12.8987793],[77.5340268,12.8990166],[77.5340704,12.8990659],[77.5341208,12.899123],[77.5342484,12.8991613],[77.534252,12.8991624],[77.5344561,12.8992235],[77.5344,12.8999564],[77.5344071,12.9005625],[77.534414,12.901146],[77.5344737,12.9025172],[77.5345091,12.9033635],[77.5341613,12.9034208],[77.5340486,12.9047616],[77.5331296,12.9048919],[77.5321964,12.9050241],[77.532177,12.9050269],[77.5316326,12.9044656],[77.5315239,12.9043833],[77.5313205,12.9042899],[77.531194,12.9042761],[77.5311518,12.9042791],[77.5311029,12.9042827],[77.5310661,12.9042921],[77.5309847,12.9043128],[77.5309404,12.9043342],[77.530816,12.9043946],[77.5304729,12.9045977],[77.5302593,12.9047252],[77.5301639,12.9047822],[77.5300195,12.904849],[77.5299011,12.9048838],[77.5296115,12.9049691],[77.5292099,12.9050525],[77.528862,12.9050566],[77.5284934,12.9049693],[77.5283399,12.9049205],[77.5282538,12.9048931],[77.5282458,12.9048927],[77.5272537,12.9045566],[77.5266653,12.9043653],[77.5265956,12.9043426],[77.526572,12.9043329],[77.526345,12.9042387],[77.526256,12.9042129],[77.5260256,12.9041462],[77.5258846,12.9041054],[77.5258821,12.9041047],[77.5256955,12.9040507],[77.5258099,12.9052972],[77.5258114,12.9053139],[77.5258405,12.9056307],[77.5257903,12.9056634],[77.5246629,12.9063971],[77.5246654,12.9064004],[77.5248682,12.9066665],[77.5268265,12.9066449],[77.5272382,12.9094154],[77.5272904,12.9099015],[77.5273696,12.9103124],[77.52778,12.9116627],[77.5284274,12.913588],[77.528426,12.9136072],[77.5284238,12.9136359],[77.5284183,12.9137071],[77.5284133,12.9137104],[77.5283576,12.9137468],[77.5283445,12.913746],[77.528171,12.91379],[77.528071,12.9138153],[77.5282059,12.9142413],[77.5283056,12.9145896],[77.5283527,12.9151056],[77.5285945,12.9159098],[77.5286106,12.9166136],[77.5286704,12.9174315],[77.528802,12.9179275],[77.5289405,12.9184713],[77.5290207,12.9187789],[77.5290218,12.9187835],[77.529048,12.918884],[77.5291458,12.9192205],[77.5291813,12.9193518],[77.5292152,12.9194852],[77.5292033,12.9195975],[77.5288589,12.9200961],[77.5288188,12.920156],[77.5287795,12.9202247],[77.5287064,12.9203554],[77.5286364,12.9205055],[77.5286231,12.9205393],[77.5285596,12.9207007],[77.528549,12.9207589],[77.5285157,12.9209413],[77.528505,12.9209837],[77.5284573,12.9211603],[77.5284474,12.9211973],[77.5284414,12.9212541],[77.5284284,12.921377],[77.5284425,12.9214356],[77.5284873,12.921505],[77.5285056,12.9215334],[77.5285245,12.9215626],[77.5285255,12.9215252],[77.5285257,12.9215199],[77.5286118,12.9214896],[77.5287746,12.9214324],[77.5289197,12.9213813],[77.5290118,12.9213598],[77.5290187,12.9213582],[77.5292879,12.9212431],[77.5293556,12.9212141],[77.5293672,12.9212094],[77.5299148,12.9209868],[77.5301772,12.9208804],[77.5305945,12.9208068],[77.5306118,12.9208037],[77.5308246,12.9207675],[77.5323413,12.9205165],[77.5332005,12.9205173],[77.5332373,12.9205176],[77.5355526,12.9205349],[77.5372493,12.920546],[77.5381628,12.9203972],[77.5381275,12.9205037],[77.5381133,12.9206571],[77.5381178,12.9206821],[77.5381375,12.9207925],[77.5381379,12.9207949],[77.5382075,12.921102],[77.5382339,12.9212185],[77.5382659,12.9213596],[77.5382653,12.9213973],[77.5382648,12.9214285],[77.5382645,12.9214517],[77.5382206,12.9216219],[77.5381667,12.9218286],[77.5381436,12.9220466],[77.5380888,12.9224925],[77.5380887,12.9225009],[77.5380881,12.922548],[77.5381325,12.9225403],[77.5381766,12.9225327],[77.5383544,12.9225094],[77.53846,12.9224956],[77.5387943,12.9224401],[77.5395947,12.9223681],[77.5398144,12.9223517],[77.5403389,12.9222568],[77.5403285,12.9221853],[77.540292,12.9219343],[77.5397595,12.9212735],[77.5394569,12.9200676],[77.5395809,12.9200413],[77.5396607,12.9200244],[77.5395203,12.919403],[77.5394163,12.9189577],[77.53938,12.9188021],[77.5394147,12.9187939],[77.5395514,12.9187612],[77.5393747,12.9180478],[77.5388876,12.9177346],[77.5389475,12.917693],[77.5389499,12.9176914],[77.5391962,12.9175205],[77.5393358,12.9174489],[77.5395615,12.9174983],[77.5400314,12.9176974],[77.5408706,12.9182136],[77.5420082,12.9188178],[77.542007,12.9188148],[77.5420052,12.9188041],[77.5419857,12.9186913],[77.5419762,12.9185573],[77.5419593,12.9180546],[77.5419462,12.9175307],[77.5419501,12.9170603],[77.5419635,12.9167651],[77.5419576,12.9164665],[77.5419181,12.9162991],[77.5424064,12.9161841],[77.5427512,12.9161084],[77.5437133,12.9158669],[77.5446155,12.91568],[77.5446468,12.9157544],[77.5446469,12.9157544],[77.5447955,12.9161069],[77.5448431,12.9160934],[77.5457202,12.9158446],[77.5457633,12.915912],[77.5462426,12.9166618],[77.5464363,12.9170097],[77.54654,12.9172343],[77.5465936,12.9174012],[77.5466684,12.9176948],[77.5467401,12.9180693],[77.5467888,12.9183912],[77.5468712,12.9188673],[77.5469631,12.9193832],[77.5470537,12.9198344],[77.5470935,12.9198183],[77.5471635,12.9197899],[77.54728,12.9197597],[77.547492,12.9197045],[77.5475898,12.9197052],[77.5477144,12.9197062],[77.5480349,12.9197776],[77.5483981,12.9198372],[77.5485775,12.919845],[77.5489708,12.9197914],[77.5496145,12.9196341],[77.5504609,12.9194728],[77.5507609,12.9194563],[77.5511529,12.9194975],[77.5514007,12.9195943],[77.5515402,12.9196488],[77.5515764,12.9196601],[77.5517045,12.9197001],[77.5518693,12.9197516],[77.5520298,12.9197753],[77.5521128,12.9197875],[77.5523277,12.9197739],[77.5526176,12.9197175],[77.5526795,12.9197515],[77.552825,12.9199127],[77.5529029,12.9201524],[77.5531409,12.9203975],[77.5532977,12.9205178],[77.5534563,12.92062],[77.5538412,12.9208437],[77.5539259,12.92089],[77.5540074,12.9209344],[77.5541766,12.9209859],[77.5541176,12.92107],[77.553857,12.9211957],[77.5537909,12.9212442],[77.55378,12.9213068],[77.5538816,12.9217053],[77.5538953,12.9217826],[77.5539493,12.9219772],[77.5540221,12.9222579],[77.5541275,12.9225745],[77.5544265,12.9235782],[77.5545587,12.9235422],[77.5575645,12.9225766],[77.5586214,12.9222353],[77.5592189,12.9220715],[77.5598416,12.9219363],[77.5615001,12.9216376],[77.5616525,12.9216061],[77.5619373,12.9209309],[77.5621858,12.9203488],[77.5622636,12.9202465],[77.5623661,12.9201458],[77.5626844,12.919945],[77.5631441,12.9196709],[77.5632042,12.9196351]]],[[[77.5803,12.917196],[77.5802998,12.917196],[77.5802998,12.917197],[77.5803,12.917197],[77.5803,12.917196]]]]}},{"type":"Feature","properties":{"KGISSub_DivisionID":8,"Sub_DivisionName":"E22"},"geometry":{"type":"Polygon","coordinates":[[[77.6358987,13.0144483],[77.6363848,13.0143486],[77.6369668,13.0142437],[77.637415,13.0141851],[77.6379167,13.0141297],[77.6383899,13.0140784],[77.6394455,13.0140379],[77.6398638,13.014055],[77.6405549,13.0140844],[77.6407719,13.0140936],[77.6410191,13.0141041],[77.6411448,13.0141054],[77.6412212,13.0141008],[77.6414424,13.0140873],[77.6414553,13.0140865],[77.6417578,13.0140609],[77.6418127,13.0140548],[77.6418315,13.0140527],[77.6420265,13.0140309],[77.6424019,13.01397],[77.6424439,13.0139639],[77.6424242,13.0135975],[77.6424537,13.0134091],[77.642468,13.0133174],[77.642602,13.0126283],[77.6428125,13.011575],[77.6428911,13.0115741],[77.6428954,13.0115741],[77.64293,13.0115737],[77.6429504,13.0115735],[77.6440477,13.0115614],[77.6440966,13.0115602],[77.6442766,13.0115558],[77.644384,13.0115377],[77.6444019,13.0115347],[77.6444022,13.0115347],[77.6443737,13.0110964],[77.6443255,13.0103461],[77.6443507,13.0099132],[77.6443544,13.009916],[77.6443545,13.0099161],[77.6443589,13.0099196],[77.6460496,13.0112298],[77.6460648,13.0112412],[77.6465784,13.0116251],[77.6467158,13.0117277],[77.6469907,13.0118811],[77.6472188,13.0120228],[77.6474993,13.0121647],[77.6478701,13.0123532],[77.6478738,13.0123895],[77.6478794,13.0124451],[77.6479002,13.0126482],[77.6481955,13.0130499],[77.6482488,13.0131224],[77.6482489,13.0131225],[77.6485508,13.0135331],[77.6485649,13.0135548],[77.6488668,13.0140183],[77.6489545,13.0141531],[77.6491832,13.0144628],[77.6492298,13.0145283],[77.6494149,13.0147748],[77.6496133,13.0150389],[77.6502307,13.0158763],[77.6506537,13.016408],[77.6507772,13.0165425],[77.6508011,13.0165717],[77.6508311,13.0166011],[77.6514431,13.0172028],[77.6517757,13.0174657],[77.651818,13.0174991],[77.6521483,13.0176781],[77.6521544,13.0176728],[77.652155,13.0176723],[77.6521567,13.0176733],[77.6524158,13.0174464],[77.6525967,13.0172912],[77.6528714,13.0171115],[77.6529814,13.0170599],[77.6530836,13.0170604],[77.6535505,13.0171962],[77.6537305,13.0172431],[77.654984,13.0175691],[77.6549818,13.0176227],[77.6549818,13.0176228],[77.6549817,13.0176243],[77.6549798,13.0176717],[77.6549961,13.0177994],[77.6550748,13.0180449],[77.6551318,13.0182042],[77.6552539,13.0185462],[77.6552558,13.0185493],[77.6552834,13.0186317],[77.6552808,13.0186905],[77.655219,13.0187973],[77.6553312,13.018825],[77.6553951,13.0188408],[77.6554387,13.0188516],[77.6555577,13.0190478],[77.6555627,13.0190566],[77.6555629,13.019057],[77.6555868,13.019083],[77.6555869,13.0190832],[77.6556741,13.0191784],[77.6556752,13.0191777],[77.6556942,13.0191658],[77.6563557,13.0187481],[77.6572624,13.0183216],[77.6573668,13.0182764],[77.6584791,13.0178037],[77.6589773,13.017592],[77.6599668,13.0171579],[77.660172,13.0170728],[77.6610779,13.0166974],[77.6612106,13.0166389],[77.6612284,13.0166316],[77.661658,13.0164457],[77.6616734,13.0164351],[77.6617101,13.016419],[77.6617334,13.0163941],[77.6617375,13.0163912],[77.6617703,13.0163545],[77.6618944,13.0162156],[77.6619119,13.016196],[77.6619673,13.016094],[77.6619771,13.016054],[77.6619951,13.01598],[77.6620359,13.0158131],[77.6620811,13.0155585],[77.6620834,13.0155299],[77.6620851,13.0155211],[77.6621553,13.014736],[77.6622616,13.0132626],[77.6622754,13.0132591],[77.6623747,13.0132334],[77.6624384,13.013217],[77.6626196,13.0131701],[77.6626867,13.0131527],[77.662881,13.0131025],[77.6629086,13.0130958],[77.6631051,13.0130482],[77.6631102,13.0130469],[77.6632587,13.013011],[77.6633534,13.012988],[77.6634019,13.0118611],[77.6634592,13.0112809],[77.6635062,13.0108045],[77.663515,13.0107259],[77.663989,13.0061555],[77.6640345,13.0055694],[77.664106,13.004649],[77.6641034,13.0046107],[77.6641081,13.0044683],[77.6641362,13.0039645],[77.6641394,13.003906],[77.6641434,13.0038561],[77.6641484,13.0037947],[77.6641535,13.0037319],[77.6641552,13.0037106],[77.6641762,13.0034499],[77.6642021,13.0030617],[77.6642077,13.0030223],[77.6642113,13.0029976],[77.6642264,13.002893],[77.6642282,13.0028601],[77.6642371,13.0026976],[77.664244,13.0025753],[77.6642581,13.0023776],[77.6642658,13.0023219],[77.6642695,13.0022954],[77.6642732,13.0022684],[77.6642787,13.0021813],[77.6642921,13.0019609],[77.6642936,13.0019385],[77.6643137,13.0016423],[77.6643189,13.0016065],[77.6643196,13.0016012],[77.6645419,12.9979259],[77.6645419,12.9979254],[77.6645441,12.9978511],[77.6645375,12.9978471],[77.6629981,12.996896],[77.6629422,12.9970172],[77.6629422,12.9970173],[77.6628596,12.9971964],[77.6626642,12.9976415],[77.6625515,12.9978535],[77.6624671,12.9980123],[77.6624145,12.9981041],[77.6620372,12.9987616],[77.661676,12.9993493],[77.6616385,12.9993811],[77.6613654,12.9997956],[77.6612543,12.9999959],[77.6610895,13.0002719],[77.660973,13.0004597],[77.6608345,13.0006622],[77.6606886,13.0008882],[77.660539,13.0011082],[77.6604634,13.0012194],[77.6602049,13.0015755],[77.6601314,13.0016713],[77.6600308,13.0017939],[77.6599465,13.0018746],[77.6597617,13.0020568],[77.6595788,13.0022298],[77.6594839,13.0023061],[77.6592273,13.0024932],[77.6586566,13.0028935],[77.6580119,13.0033341],[77.6576727,13.0035472],[77.657497,13.0036371],[77.6572144,13.0037707],[77.6569819,13.0038703],[77.6566819,13.0039879],[77.6566724,13.0039916],[77.6565555,13.0040339],[77.656169,13.0041612],[77.6557684,13.0042793],[77.6556172,13.0043174],[77.655,13.0044268],[77.6548219,13.0044508],[77.6544716,13.0044963],[77.6542784,13.0045235],[77.6542234,13.004536],[77.6541885,13.0045472],[77.6541829,13.0044007],[77.654162,13.004386],[77.6541452,13.0043883],[77.6534289,13.0045334],[77.6533755,13.0045442],[77.6526982,13.0046603],[77.6526278,13.0046702],[77.6525042,13.004685],[77.6521162,13.0047348],[77.6518588,13.0047736],[77.6516505,13.004811],[77.6512678,13.0048723],[77.6505544,13.0049833],[77.6501619,13.0050552],[77.6501282,13.005062],[77.650107,13.0049481],[77.6501069,13.0049479],[77.6501052,13.0049388],[77.650084,13.004825],[77.6497929,13.0048689],[77.6493704,13.0049327],[77.6475712,13.005185],[77.6471652,13.005242],[77.6461053,13.0053619],[77.6461039,13.0053621],[77.6461003,13.0053625],[77.6451688,13.0054679],[77.643989,13.0054656],[77.6428718,13.0053909],[77.6420275,13.0053087],[77.6413731,13.0052006],[77.6403021,13.0049867],[77.6380413,13.0045575],[77.63803,13.0045553],[77.6380185,13.0045531],[77.6377938,13.0045105],[77.6377037,13.0044917],[77.6373212,13.0044121],[77.6373167,13.0044112],[77.6371527,13.0043788],[77.6370657,13.0043616],[77.6367488,13.004308],[77.6366639,13.004297],[77.6366378,13.0042936],[77.6361575,13.0042181],[77.6361565,13.0042187],[77.6361557,13.0042192],[77.6354646,13.0040822],[77.6349635,13.0040547],[77.6348237,13.0040466],[77.6347133,13.0040401],[77.63452,13.0040534],[77.6343394,13.0040778],[77.6341378,13.0041262],[77.6336092,13.004232],[77.6329441,13.0043878],[77.6318928,13.0046187],[77.6309982,13.0048593],[77.6304486,13.0051065],[77.6303113,13.0051615],[77.6303022,13.0051652],[77.6301797,13.0052143],[77.6298785,13.005372],[77.6282655,13.005984],[77.6266702,13.0066467],[77.6257388,13.0070491],[77.6247737,13.0074433],[77.6247687,13.0074454],[77.6246557,13.0074915],[77.6235056,13.0079672],[77.6229515,13.0081834],[77.6228705,13.0082146],[77.62284,13.0082253],[77.6227128,13.0082698],[77.6227,13.0082743],[77.6226483,13.0082916],[77.6223898,13.0083784],[77.6219381,13.00853],[77.6219169,13.0085526],[77.6211243,13.0093989],[77.6208968,13.0098747],[77.6207754,13.0101287],[77.6207118,13.0106001],[77.6206482,13.0110714],[77.6207245,13.0115858],[77.6208983,13.0119576],[77.6210729,13.0123313],[77.6217153,13.0138296],[77.6217575,13.0139279],[77.6219944,13.0144804],[77.6220806,13.0146813],[77.6221088,13.0147473],[77.62273,13.016114],[77.6228202,13.0163719],[77.623055,13.0170437],[77.6231076,13.0170285],[77.6231412,13.0170188],[77.6235996,13.0168861],[77.624352,13.0166682],[77.6247076,13.0167082],[77.6251014,13.0165825],[77.6251123,13.0166121],[77.6251214,13.0166364],[77.6252735,13.0165672],[77.6255468,13.0164429],[77.6259778,13.0162469],[77.6261531,13.0161671],[77.6268776,13.0158376],[77.6269368,13.0158106],[77.6272422,13.0146689],[77.6272392,13.0146648],[77.627091,13.014458],[77.6272721,13.0145184],[77.6273175,13.0145336],[77.6273198,13.0145343],[77.6274111,13.0145539],[77.6274112,13.014554],[77.6274684,13.0145662],[77.6276539,13.014606],[77.6276872,13.0146133],[77.6277835,13.0146341],[77.6280329,13.0146882],[77.6282715,13.0147626],[77.6283282,13.0147942],[77.6283983,13.014836],[77.6284219,13.0148501],[77.6284932,13.0148926],[77.6285249,13.0149115],[77.628683,13.0150601],[77.6288169,13.0152351],[77.6288551,13.0153031],[77.6289844,13.0155455],[77.6290982,13.0157751],[77.629301,13.0162085],[77.6294132,13.0164824],[77.6294661,13.0165992],[77.6295036,13.016682],[77.6295258,13.0167589],[77.629586,13.0169068],[77.6295905,13.016918],[77.6296085,13.016962],[77.6297166,13.0172546],[77.6297882,13.0175395],[77.6298051,13.0176344],[77.6299113,13.0182827],[77.6300044,13.0191187],[77.6300824,13.0199442],[77.6300868,13.0201596],[77.6300827,13.020198],[77.6300751,13.0202698],[77.6299707,13.020579],[77.6299127,13.0208256],[77.6298841,13.0210983],[77.6298762,13.0215665],[77.6298729,13.0218619],[77.6298848,13.0219322],[77.6299075,13.0219931],[77.6299595,13.0220794],[77.6300382,13.0221544],[77.6301929,13.022258],[77.630439,13.0223809],[77.6305267,13.0224339],[77.6306208,13.0225126],[77.630674,13.0225779],[77.6309216,13.0230243],[77.6309814,13.0231582],[77.6310239,13.0232555],[77.6310417,13.0232964],[77.6311847,13.023827],[77.6312996,13.024316],[77.6313651,13.0244936],[77.6314255,13.0246572],[77.6314304,13.0246705],[77.6314339,13.0246802],[77.6316949,13.0245924],[77.6317163,13.0245852],[77.6319334,13.0245122],[77.6319945,13.0244916],[77.6326005,13.0242877],[77.6341004,13.0237929],[77.6343289,13.0237147],[77.6345079,13.0236534],[77.6348545,13.023536],[77.6354819,13.0233428],[77.6361006,13.0231309],[77.6362987,13.0230631],[77.6365773,13.0229676],[77.6367163,13.0229181],[77.6372255,13.022738],[77.6372255,13.0227161],[77.6371931,13.0224455],[77.6371182,13.0220154],[77.6370094,13.0214235],[77.6369451,13.0210678],[77.6369009,13.0207656],[77.6369001,13.0207026],[77.6368994,13.0206378],[77.6369186,13.0202327],[77.6369327,13.0199401],[77.6369135,13.0196848],[77.636798,13.019184],[77.636636,13.0185943],[77.63663,13.0185724],[77.6366178,13.0185279],[77.6365662,13.0183401],[77.636501,13.0180479],[77.6363296,13.0172484],[77.636236,13.0168113],[77.636119,13.0162184],[77.6360945,13.0161092],[77.6360733,13.0160146],[77.6360266,13.0158061],[77.6359163,13.015165],[77.63583,13.0147415],[77.635762,13.0144609],[77.635774,13.0144587],[77.6358987,13.0144483]]]}},{"type":"Feature","properties":{"KGISSub_DivisionID":9,"Sub_DivisionName":"SW1"},"geometry":{"type":"Polygon","coordinates":[[[77.5844178,12.9977958],[77.584497,12.9977921],[77.5845002,12.997794],[77.5845959,12.9977914],[77.5846558,12.9977848],[77.5847116,12.9977808],[77.5848587,12.9977637],[77.5849312,12.9977567],[77.5849599,12.997754],[77.5850971,12.9977407],[77.5861346,12.9976253],[77.5863204,12.9975939],[77.5864869,12.997544],[77.5865024,12.9975383],[77.5865848,12.997501],[77.5866794,12.9974528],[77.5868945,12.9973124],[77.5869117,12.9973004],[77.5870219,12.997216],[77.5871963,12.9970717],[77.5872438,12.9970322],[77.5872973,12.9969879],[77.5874231,12.9968792],[77.5875123,12.9968124],[77.5880219,12.9964873],[77.5881009,12.9964356],[77.588129,12.9964214],[77.5882583,12.996356],[77.5883073,12.996332],[77.5884295,12.9962721],[77.5886442,12.9961669],[77.5887401,12.9961194],[77.5888725,12.9960539],[77.5890756,12.9959512],[77.5891104,12.9959336],[77.5893437,12.9958143],[77.5893625,12.9958058],[77.5894943,12.995739],[77.589502,12.9957286],[77.5895923,12.9955416],[77.5896989,12.995334],[77.5897343,12.9952683],[77.5897628,12.9952182],[77.5897844,12.9951927],[77.5897846,12.9951925],[77.5894031,12.9944137],[77.5891286,12.9938123],[77.5889299,12.9932586],[77.5889295,12.9932572],[77.5889022,12.9932059],[77.5888754,12.9931553],[77.5887997,12.9930128],[77.588679,12.9925261],[77.5885644,12.9918362],[77.5885547,12.9917085],[77.5885486,12.9916288],[77.5885434,12.9915594],[77.588535,12.9914491],[77.5885422,12.9910188],[77.5885809,12.9906699],[77.5887086,12.9896253],[77.588757,12.9887002],[77.5888969,12.9871375],[77.5888583,12.9868343],[77.5889087,12.9867798],[77.5889384,12.9865907],[77.5890345,12.9864778],[77.5892262,12.9862526],[77.5893788,12.9860734],[77.5895061,12.9859238],[77.5894699,12.9858886],[77.5885638,12.9850083],[77.5883822,12.9847805],[77.5885276,12.9846891],[77.5889883,12.9843872],[77.5892737,12.9842812],[77.5914599,12.9834698],[77.5918493,12.9833258],[77.5919372,12.9832933],[77.5920027,12.9832683],[77.5921662,12.9831426],[77.5922116,12.983079],[77.5922775,12.9829547],[77.5923079,12.9829007],[77.5923597,12.982809],[77.5924635,12.9827145],[77.5925921,12.9826524],[77.5927079,12.9826138],[77.5931314,12.9824729],[77.5931379,12.9824707],[77.5932027,12.9824491],[77.5940402,12.9821704],[77.5947552,12.9819143],[77.5946869,12.9818436],[77.59446,12.9816083],[77.5945818,12.9813138],[77.5948541,12.9806556],[77.5949856,12.9806519],[77.595383,12.9809379],[77.5956411,12.9808701],[77.5956299,12.9808264],[77.595603,12.9807222],[77.5956764,12.9806982],[77.5967156,12.9803574],[77.5969613,12.9805906],[77.5969807,12.9806688],[77.5970759,12.981053],[77.5973013,12.9809762],[77.5978914,12.9797288],[77.59847,12.9785026],[77.5989215,12.9775375],[77.5990021,12.9773549],[77.5990453,12.977257],[77.5993083,12.9766612],[77.5990465,12.976512],[77.5986259,12.9761898],[77.5973965,12.9753012],[77.597282,12.9752223],[77.5969704,12.9750075],[77.5967158,12.9748087],[77.5961136,12.9743076],[77.5960235,12.9742327],[77.5959412,12.9741642],[77.595206,12.9735637],[77.5950325,12.9733987],[77.5949741,12.9733432],[77.5948382,12.973168],[77.5946869,12.972973],[77.5944267,12.9726599],[77.5943423,12.9725583],[77.5940869,12.9722511],[77.593952,12.9721224],[77.5939121,12.9720844],[77.5938915,12.9720662],[77.593704,12.971901],[77.5937943,12.9718632],[77.594022,12.9717678],[77.5940685,12.9715326],[77.5940834,12.9714574],[77.5941259,12.9712418],[77.594196,12.9708867],[77.5942118,12.9708062],[77.5942383,12.970672],[77.5943791,12.9699622],[77.5945349,12.9692418],[77.5946943,12.9685046],[77.5948506,12.9677868],[77.5948569,12.9677579],[77.5948681,12.9677065],[77.5949422,12.967373],[77.5949585,12.9672952],[77.5950067,12.9670657],[77.5950675,12.9668107],[77.5951443,12.9665033],[77.5951797,12.9664062],[77.5952286,12.9662505],[77.5952412,12.9662104],[77.5952849,12.9660713],[77.5953913,12.9659002],[77.5956513,12.9655013],[77.5957865,12.9653045],[77.5958852,12.9651986],[77.5959957,12.9651048],[77.5961519,12.965011],[77.596185,12.9649987],[77.5962943,12.9649578],[77.5963126,12.9649538],[77.5963154,12.9649532],[77.5963435,12.9649469],[77.5968002,12.9649098],[77.5968752,12.9649046],[77.5968739,12.9648948],[77.5968508,12.9647109],[77.5968758,12.9647243],[77.5969689,12.9647742],[77.5969433,12.9647526],[77.5968689,12.9646618],[77.596818,12.9645773],[77.5967904,12.9645603],[77.5967534,12.9645376],[77.5966773,12.9643675],[77.596633,12.964278],[77.5965917,12.9642084],[77.5965837,12.9641951],[77.5965022,12.9640585],[77.5964615,12.9639925],[77.5964371,12.9639532],[77.5963716,12.9638472],[77.5963006,12.9637324],[77.5960741,12.9634199],[77.5960428,12.963382],[77.5959663,12.9632889],[77.5959229,12.9632496],[77.5957571,12.9631033],[77.595734,12.9630829],[77.5956733,12.9630293],[77.5955411,12.9629106],[77.595257,12.9626622],[77.5951921,12.9626126],[77.5951482,12.9625789],[77.5951067,12.9625508],[77.5950815,12.9625354],[77.5950188,12.9624972],[77.5949684,12.9624664],[77.5949573,12.9624596],[77.5949309,12.9624435],[77.5947825,12.9623901],[77.5947709,12.9623858],[77.5947525,12.9623779],[77.5947497,12.9623767],[77.5947356,12.9623707],[77.5947215,12.9623647],[77.5947074,12.9623587],[77.5946933,12.9623527],[77.5946792,12.9623468],[77.5946765,12.9623409],[77.594646,12.9622717],[77.5946347,12.962246],[77.5945694,12.9621302],[77.5945395,12.962076],[77.5945258,12.962051],[77.5944959,12.961998],[77.5944523,12.9618937],[77.5943744,12.9616871],[77.5943562,12.9616388],[77.5942865,12.9614537],[77.594183,12.961192],[77.594044,12.9608252],[77.5939683,12.9606258],[77.5938725,12.960373],[77.5938589,12.9603372],[77.5937163,12.959961],[77.5935977,12.9596481],[77.5935854,12.9596159],[77.593532,12.9594749],[77.5934706,12.959299],[77.5933495,12.9589581],[77.5932518,12.9587089],[77.5932395,12.9586771],[77.593223,12.9586344],[77.5931469,12.9584377],[77.5930063,12.9580742],[77.5929878,12.9580263],[77.59284,12.9576441],[77.592739,12.9573815],[77.5927207,12.9573341],[77.5923797,12.9564479],[77.5923256,12.9563036],[77.5922801,12.9561821],[77.5922427,12.9560826],[77.5922422,12.9560814],[77.5922376,12.9560691],[77.5922179,12.9560169],[77.5920158,12.9561056],[77.592003,12.9561401],[77.5919702,12.9563685],[77.5918807,12.9567566],[77.5918288,12.9568374],[77.5916695,12.9571273],[77.5914559,12.9575396],[77.5913907,12.9575933],[77.5912351,12.9576766],[77.5909829,12.9577551],[77.5904979,12.9578957],[77.5893977,12.9582203],[77.5886126,12.9584786],[77.5874271,12.958848],[77.5863112,12.9591725],[77.5858382,12.9592692],[77.5855855,12.959347],[77.5852915,12.9594288],[77.5850719,12.9595218],[77.584936,12.9595805],[77.5845843,12.9597418],[77.584138,12.9599511],[77.5839926,12.9600367],[77.5836829,12.9602596],[77.583537,12.960351],[77.5842645,12.9617601],[77.5849267,12.9630884],[77.5851702,12.9638772],[77.5846419,12.9638612],[77.5844797,12.9638611],[77.5836094,12.9639302],[77.5826557,12.9640105],[77.5812392,12.9641086],[77.5806199,12.9641526],[77.5804799,12.9641661],[77.5800344,12.9642089],[77.5790336,12.9643195],[77.578984,12.9640978],[77.5788921,12.9637024],[77.5788787,12.9636436],[77.578793,12.9636434],[77.5785655,12.9636508],[77.5782319,12.9637151],[77.578004,12.963797],[77.5777183,12.9639097],[77.5775669,12.9639639],[77.5772419,12.9640636],[77.577006,12.9643172],[77.5769973,12.9644189],[77.5769998,12.9645331],[77.5769858,12.9645061],[77.5768625,12.9641641],[77.5768326,12.9641735],[77.5765465,12.9642631],[77.5763704,12.9643336],[77.5762741,12.9643721],[77.5762444,12.9643839],[77.5758729,12.9645591],[77.5758584,12.9645666],[77.5758504,12.9645698],[77.5757196,12.9646211],[77.575544,12.9646901],[77.5755414,12.9646906],[77.5755192,12.9646944],[77.575288,12.9647343],[77.5752702,12.9647373],[77.575263,12.9647368],[77.5748503,12.9647096],[77.5748175,12.9647075],[77.573933,12.9645763],[77.5731152,12.9645013],[77.5720358,12.9644188],[77.5719905,12.9644147],[77.571762,12.9643999],[77.5715785,12.9643853],[77.5710663,12.9643335],[77.5703308,12.9642734],[77.5700298,12.9642381],[77.5700034,12.964235],[77.5700298,12.9642396],[77.5700324,12.9643601],[77.5700396,12.9647038],[77.5700479,12.9648545],[77.5699969,12.9648621],[77.5698003,12.9648915],[77.5688634,12.9650344],[77.5687507,12.9650515],[77.5686364,12.9650675],[77.5684144,12.9650985],[77.5682147,12.9651264],[77.5681335,12.9664333],[77.5681312,12.9664651],[77.5681287,12.9665007],[77.5681127,12.9667266],[77.5681084,12.9668766],[77.568105,12.966992],[77.5680929,12.9674128],[77.5680734,12.9677904],[77.5680614,12.9679967],[77.5680605,12.968011],[77.5680484,12.9682102],[77.5678259,12.9682345],[77.5677645,12.9682412],[77.5674775,12.9682726],[77.5674597,12.9682753],[77.5674426,12.9682809],[77.5674268,12.9682892],[77.5674126,12.9683001],[77.5674006,12.9683132],[77.5673909,12.9683281],[77.567384,12.9683444],[77.5673776,12.9683673],[77.5673716,12.9683973],[77.5673705,12.9684278],[77.5673893,12.9688056],[77.5673902,12.9688232],[77.5673915,12.9688496],[77.5673966,12.9689471],[77.5673997,12.9689416],[77.5674129,12.9689239],[77.5674276,12.9689143],[77.5674307,12.9689123],[77.5674709,12.9689023],[77.568023,12.9688263],[77.5680234,12.9688338],[77.5680242,12.9688445],[77.5680475,12.9692125],[77.5680476,12.9692162],[77.5680561,12.9693983],[77.5680671,12.9695898],[77.5680893,12.9699765],[77.5680983,12.9701347],[77.5680993,12.9701522],[77.568107,12.9702269],[77.5681095,12.9702512],[77.5681235,12.9703283],[77.568144,12.9704079],[77.5682215,12.9707095],[77.5682425,12.9707912],[77.5683098,12.9709888],[77.5683345,12.9710611],[77.5683686,12.9711613],[77.5683997,12.9712455],[77.5684186,12.9712965],[77.5685346,12.9716104],[77.5686063,12.9718043],[77.5686252,12.9718555],[77.5687788,12.9722708],[77.5688046,12.9723377],[77.568913,12.9726181],[77.568934,12.9726723],[77.5690475,12.9729659],[77.5691432,12.9732134],[77.5691475,12.9732243],[77.5692984,12.9736109],[77.5692985,12.9736112],[77.5693137,12.9736501],[77.5693328,12.9736989],[77.569334,12.973702],[77.569328,12.9740142],[77.5693049,12.9741056],[77.5692397,12.9743631],[77.5693491,12.9744025],[77.5693886,12.9744167],[77.5693931,12.9744224],[77.5691276,12.9753724],[77.5688759,12.9762729],[77.5689521,12.9767951],[77.5689847,12.9769256],[77.5690818,12.9773155],[77.5690926,12.9773768],[77.5691858,12.9779096],[77.5692733,12.9784554],[77.5692799,12.9784971],[77.5695345,12.9799604],[77.5696233,12.980304],[77.5696573,12.9803698],[77.569803,12.9806512],[77.570058,12.9810303],[77.5702258,12.9812075],[77.5702243,12.9812086],[77.5702413,12.9812239],[77.5703392,12.9813196],[77.5707008,12.9816733],[77.5709055,12.9818667],[77.5711235,12.9820757],[77.5713509,12.9822959],[77.5714698,12.9824325],[77.5715565,12.9825231],[77.5718589,12.9828138],[77.5720709,12.9829935],[77.5723554,12.9832199],[77.5726903,12.9834797],[77.5727445,12.9835173],[77.573004,12.9836969],[77.5732183,12.9838133],[77.5734173,12.9839073],[77.5739073,12.9840798],[77.5742504,12.9841814],[77.5746507,12.9843062],[77.5748426,12.9843788],[77.5751995,12.9845379],[77.5755095,12.9847268],[77.5756935,12.9848707],[77.5759319,12.9850908],[77.5760846,12.9852722],[77.5762609,12.985511],[77.57657,12.9859969],[77.5766993,12.9861967],[77.5771026,12.9867833],[77.5774875,12.9873611],[77.5778845,12.9879478],[77.5781528,12.9883392],[77.5784093,12.9886969],[77.5785906,12.9889684],[77.578791,12.9892567],[77.5789468,12.9895058],[77.5792408,12.9899354],[77.5795667,12.9904381],[77.5796997,12.990657],[77.5798876,12.9910109],[77.5801367,12.9916013],[77.580311,12.9920276],[77.5805548,12.9924464],[77.5811541,12.9933292],[77.5818154,12.9942592],[77.5819422,12.9944374],[77.5823087,12.9949529],[77.5824505,12.9951356],[77.5824983,12.9951871],[77.5825356,12.9952296],[77.5825785,12.9952642],[77.582678,12.9953558],[77.582779,12.9954361],[77.582833,12.9954785],[77.5829176,12.9955375],[77.583,12.9955931],[77.5831066,12.9956587],[77.5832172,12.9957174],[77.5833335,12.9957716],[77.5834891,12.9958378],[77.5835989,12.9958763],[77.5838132,12.9959396],[77.5840341,12.9959826],[77.5841405,12.9960233],[77.5843821,12.9960503],[77.584705,12.9960448],[77.5847778,12.9960462],[77.5847765,12.9960522],[77.5847359,12.9962283],[77.5847148,12.9963201],[77.5847127,12.996329],[77.5846659,12.9965323],[77.5846513,12.9965955],[77.5845912,12.9968698],[77.5845763,12.9969377],[77.5844951,12.9973079],[77.5844899,12.997332],[77.5844542,12.9974947],[77.5844309,12.9976011],[77.5843987,12.9977642],[77.5843922,12.9977969],[77.5844178,12.9977958]]]}},{"type":"Feature","properties":{"KGISSub_DivisionID":10,"Sub_DivisionName":"E24"},"geometry":{"type":"Polygon","coordinates":[[[77.7205001,13.0334975],[77.7205292,13.0334955],[77.7206717,13.0335055],[77.7206722,13.0335055],[77.720729,13.033508],[77.7208895,13.0335048],[77.7209018,13.0335036],[77.7209829,13.0334631],[77.7210363,13.0334252],[77.7211947,13.0333018],[77.7223849,13.0323747],[77.7248801,13.0304311],[77.724869,13.0303576],[77.7248373,13.030191],[77.7248212,13.0301062],[77.7247845,13.0299119],[77.7247662,13.0298465],[77.7247488,13.0297864],[77.7247344,13.0297251],[77.724705,13.0294954],[77.7247087,13.0292242],[77.724712,13.0291517],[77.7247273,13.0288205],[77.7247272,13.0288177],[77.7247266,13.0288149],[77.7247256,13.0288122],[77.7247242,13.0288097],[77.7247224,13.0288075],[77.7247203,13.0288055],[77.7247952,13.0284667],[77.7248085,13.0284066],[77.724811,13.0284051],[77.7248133,13.0284032],[77.7248152,13.0284009],[77.7248168,13.0283984],[77.7248525,13.0283271],[77.7248846,13.0282498],[77.7248986,13.0282089],[77.7249103,13.0281696],[77.7249134,13.0281471],[77.7249164,13.0281103],[77.7248974,13.0279154],[77.7249025,13.0278433],[77.7249222,13.0277195],[77.7249577,13.0275574],[77.7249988,13.0273698],[77.7250259,13.0271143],[77.725031,13.0270652],[77.7250694,13.026831],[77.7250694,13.0268063],[77.7250635,13.0267547],[77.725035,13.0265281],[77.7250334,13.0265113],[77.7250344,13.026503],[77.7250356,13.0264921],[77.7250658,13.0263694],[77.7250595,13.026366],[77.7244177,13.0261558],[77.7243867,13.0261431],[77.7243748,13.0261345],[77.7243653,13.0261255],[77.7243581,13.0261145],[77.7243538,13.0261058],[77.7243266,13.0260503],[77.7241866,13.0257749],[77.7241782,13.0257584],[77.7241721,13.025743],[77.7241606,13.0257175],[77.7241515,13.0256971],[77.7241455,13.0256764],[77.7241087,13.025572],[77.7240916,13.0255371],[77.724081,13.0255182],[77.7239383,13.0253316],[77.7239194,13.0253103],[77.7239042,13.0252942],[77.7238803,13.0252756],[77.7235958,13.025107],[77.7235434,13.0250676],[77.7234094,13.0249655],[77.7233605,13.0249311],[77.723176,13.0247952],[77.7230816,13.0247363],[77.7229907,13.024688],[77.7228473,13.0246246],[77.7226974,13.0245551],[77.7226099,13.0245079],[77.7224317,13.024414],[77.7224146,13.0244047],[77.7223908,13.0243941],[77.7222688,13.0243462],[77.7220138,13.0242467],[77.7219756,13.0242321],[77.7219208,13.0242118],[77.7217934,13.0241676],[77.7217388,13.0241479],[77.721563,13.0240883],[77.7215478,13.0240845],[77.7215278,13.024081],[77.7215024,13.0240768],[77.7214326,13.0240654],[77.7213346,13.0240534],[77.7212839,13.024044],[77.7212576,13.0240368],[77.7212336,13.0240279],[77.7212176,13.0240181],[77.721183,13.0239921],[77.7211766,13.0239874],[77.7211462,13.0239533],[77.7211076,13.0239001],[77.7210758,13.0238588],[77.7210705,13.0238541],[77.7210633,13.0238502],[77.721052,13.0238467],[77.7210045,13.023836],[77.7210032,13.0238099],[77.7209885,13.0235304],[77.7209566,13.0233388],[77.7209018,13.0230096],[77.7207581,13.0221468],[77.7209446,13.0215913],[77.7210487,13.0213028],[77.7210767,13.0208499],[77.7210828,13.0207504],[77.7212168,13.0206306],[77.7224537,13.0203918],[77.7235048,13.0202158],[77.7237345,13.0200099],[77.7241276,13.0196572],[77.7248335,13.0190044],[77.725186,13.0186802],[77.7257602,13.0181522],[77.7258331,13.0180776],[77.7260291,13.0178772],[77.7261955,13.0176845],[77.7263458,13.0175975],[77.7266022,13.0174875],[77.7277955,13.0169411],[77.728312,13.0167001],[77.7287883,13.016517],[77.7298551,13.0161575],[77.7300111,13.0160722],[77.7303009,13.015812],[77.7305364,13.0155829],[77.7308287,13.0152655],[77.7317145,13.0143074],[77.731828,13.0142268],[77.731941,13.014184],[77.7324297,13.014027],[77.7324983,13.0139414],[77.7325709,13.0137707],[77.732619,13.013712],[77.7329735,13.0135615],[77.7333029,13.0134499],[77.7351179,13.0128632],[77.7358771,13.0126377],[77.7365743,13.0124306],[77.7373128,13.0121909],[77.7376884,13.0120617],[77.7379448,13.0119546],[77.7382677,13.0117999],[77.7392006,13.0113695],[77.7402689,13.0109268],[77.7405247,13.0108181],[77.740656,13.0107414],[77.7407157,13.0106592],[77.7407305,13.0106046],[77.7407482,13.009804],[77.7407611,13.0091612],[77.7407795,13.0082067],[77.7408168,13.007997],[77.7408804,13.0078019],[77.7410294,13.007463],[77.7410903,13.0073246],[77.7411312,13.0072709],[77.7411452,13.0072558],[77.7411233,13.0072328],[77.7410564,13.0072258],[77.740999,13.0072198],[77.7373606,13.0068403],[77.7372708,13.0068232],[77.7372494,13.0068192],[77.7368658,13.006746],[77.735938,13.0065691],[77.7356886,13.0065216],[77.7355207,13.0064959],[77.7355277,13.0064333],[77.7355093,13.0063645],[77.7354408,13.0063544],[77.7352712,13.0062328],[77.7350284,13.0060587],[77.7348572,13.0059857],[77.7346362,13.005916],[77.7343198,13.0058186],[77.7338512,13.0056728],[77.7336676,13.0056358],[77.7335068,13.0056184],[77.7329352,13.0056036],[77.7322784,13.0055407],[77.7315938,13.0054249],[77.7313915,13.0054321],[77.7307865,13.005505],[77.729641,13.0054565],[77.7292714,13.0054408],[77.7290218,13.005248],[77.7285648,13.0048428],[77.728484,13.0047394],[77.7282463,13.004435],[77.7281024,13.0041823],[77.7274834,13.0039152],[77.7273602,13.0038363],[77.7272646,13.0038115],[77.726897,13.0037715],[77.7265795,13.003737],[77.7265742,13.0037364],[77.7261019,13.0036715],[77.7254884,13.0035633],[77.7249283,13.0035503],[77.7236888,13.0035776],[77.7234596,13.0035827],[77.7229056,13.0037008],[77.7221224,13.0038466],[77.7215318,13.003981],[77.7214034,13.0040148],[77.7209362,13.0041381],[77.7205133,13.0042496],[77.720241,13.0043215],[77.7201225,13.0043488],[77.7200429,13.0043672],[77.7199224,13.0043949],[77.7196629,13.0044548],[77.7191869,13.0045646],[77.7188472,13.0045763],[77.7180741,13.0045316],[77.7170577,13.0044743],[77.7165316,13.0044621],[77.7159556,13.0044704],[77.7153284,13.0045099],[77.7142298,13.004613],[77.7141473,13.0046207],[77.7136554,13.0046421],[77.7133265,13.0046101],[77.7130099,13.0045794],[77.71257,13.0044687],[77.7123937,13.0044545],[77.7111358,13.004353],[77.7106897,13.0043256],[77.7093935,13.0042909],[77.7080317,13.0042567],[77.7076161,13.0042692],[77.70729,13.0043087],[77.7071193,13.0043128],[77.7065053,13.004255],[77.7062645,13.0042796],[77.7060823,13.0043188],[77.7059048,13.0043569],[77.7058937,13.0043083],[77.7058701,13.0042047],[77.7058029,13.0039103],[77.7055064,13.0026093],[77.705489,13.0025331],[77.7054846,13.0025013],[77.7054631,13.0023947],[77.70544,13.002227],[77.7054161,13.0020085],[77.7054021,13.0019076],[77.7053051,13.0013862],[77.7052828,13.001258],[77.7052582,13.0011171],[77.705295,13.001112],[77.7055511,13.001077],[77.7056618,13.0010619],[77.7054919,13.0000888],[77.7054502,13.0000877],[77.7051448,13.0000798],[77.7050309,13.0000768],[77.7043578,13.0000594],[77.7010591,12.9999738],[77.701055,12.999942],[77.7010285,12.9997406],[77.7009186,12.9989052],[77.7008179,12.9981393],[77.700796,12.9979727],[77.7006992,12.9973575],[77.7006908,12.9973041],[77.7006746,12.997172],[77.7006338,12.9968409],[77.700549,12.9961526],[77.7004517,12.9951904],[77.7004259,12.9949507],[77.7003695,12.9944259],[77.7003568,12.9942838],[77.7000028,12.9943746],[77.699942,12.9943902],[77.6996157,12.9944749],[77.6993667,12.9945514],[77.6990899,12.9946429],[77.6985051,12.9948503],[77.6981342,12.9949803],[77.6978855,12.9950469],[77.6974743,12.995132],[77.6971782,12.9951796],[77.696489,12.9952742],[77.6960042,12.9953468],[77.6954257,12.9954678],[77.6951725,12.9955431],[77.6947469,12.9957287],[77.6944802,12.9958493],[77.693683,12.9961937],[77.6936459,12.9962066],[77.6934228,12.9962839],[77.6933054,12.9963222],[77.6922353,12.9966855],[77.6918648,12.9968132],[77.6913572,12.9969882],[77.6907781,12.9972342],[77.6907638,12.9972402],[77.6907204,12.9972587],[77.6906873,12.9972771],[77.6906602,12.9972901],[77.6906482,12.997296],[77.690648,12.997296],[77.6906405,12.9972997],[77.68985,12.9976806],[77.6897298,12.9977386],[77.689725,12.9977409],[77.6896333,12.9977851],[77.6894749,12.9978614],[77.6889152,12.9981481],[77.6886235,12.998382],[77.688596,12.9984117],[77.6885885,12.9984198],[77.6885024,12.9985128],[77.6881463,12.9982044],[77.6879706,12.9980524],[77.6878689,12.9979618],[77.6877071,12.9977945],[77.6875093,12.9975388],[77.6873456,12.9973211],[77.6873311,12.9973018],[77.6871828,12.9971046],[77.6870947,12.9969742],[77.6869089,12.9966381],[77.6868355,12.9964997],[77.6866368,12.9960865],[77.6865784,12.9959665],[77.6865339,12.9958751],[77.6864853,12.9957891],[77.6864216,12.9956869],[77.6862199,12.9953636],[77.6861192,12.995204],[77.6860302,12.9950675],[77.6858473,12.9948296],[77.6857403,12.9946428],[77.6856976,12.9945683],[77.6855094,12.9942397],[77.6853697,12.9939957],[77.6853185,12.9940655],[77.6853118,12.9940746],[77.6853101,12.9940769],[77.6852258,12.9941916],[77.6847574,12.9948289],[77.6839101,12.9959843],[77.6837416,12.996214],[77.6836326,12.9963746],[77.6836119,12.996405],[77.6835885,12.9964428],[77.6831243,12.9971927],[77.6830442,12.9973229],[77.6820362,12.9989563],[77.6818664,12.9992244],[77.6818387,12.9992682],[77.6814422,12.9998941],[77.6813879,12.999966],[77.6813435,13.0000246],[77.6811931,13.0001628],[77.6811925,13.0001633],[77.6811833,13.0001685],[77.6811396,13.0001928],[77.6810141,13.0002627],[77.6808975,13.0003159],[77.6808094,13.000327],[77.6805209,13.0003633],[77.6804108,13.0003772],[77.6802789,13.0003807],[77.6802372,13.0003818],[77.6800449,13.0003868],[77.6797404,13.0003692],[77.6794244,13.000345],[77.6790481,13.00035],[77.6784371,13.0002981],[77.6783087,13.0002921],[77.6776628,13.0003365],[77.6776577,13.0003361],[77.6775796,13.0003433],[77.677259,13.0003329],[77.6771475,13.0003293],[77.6768602,13.0002759],[77.6768344,13.0002704],[77.6768325,13.0002957],[77.676663,13.0003499],[77.6756366,13.0006778],[77.6741122,13.0005679],[77.6725263,13.0004536],[77.6723646,13.000442],[77.6702636,13.0000091],[77.6693005,12.9996606],[77.6674945,12.9990265],[77.6662203,12.9986416],[77.6645711,12.9978679],[77.6645441,12.9978512],[77.6645441,12.9978511],[77.6645419,12.9979254],[77.6645419,12.9979259],[77.6643196,13.0016012],[77.6643189,13.0016065],[77.6643137,13.0016423],[77.6642936,13.0019385],[77.6642921,13.0019609],[77.6642787,13.0021813],[77.6642732,13.0022684],[77.6642695,13.0022954],[77.6642658,13.0023219],[77.6642581,13.0023776],[77.664244,13.0025753],[77.6642371,13.0026976],[77.6642282,13.0028601],[77.6642264,13.002893],[77.6642113,13.0029976],[77.6642077,13.0030223],[77.6642021,13.0030617],[77.6641762,13.0034499],[77.6641552,13.0037106],[77.6641535,13.0037319],[77.6641484,13.0037947],[77.6641434,13.0038561],[77.6641394,13.003906],[77.6641362,13.0039645],[77.6641081,13.0044683],[77.6641034,13.0046107],[77.664106,13.004649],[77.6640345,13.0055694],[77.663989,13.0061555],[77.663515,13.0107259],[77.6635062,13.0108045],[77.6634592,13.0112809],[77.6634019,13.0118611],[77.6633534,13.012988],[77.6635262,13.0129462],[77.6635536,13.0132577],[77.663573,13.0133342],[77.6636532,13.0134565],[77.6636812,13.0134851],[77.6637734,13.0135756],[77.6638223,13.0136196],[77.6638959,13.0136859],[77.6640077,13.0137796],[77.6642519,13.0139118],[77.6643389,13.0139513],[77.6644081,13.0139828],[77.6646342,13.014123],[77.6647186,13.0141852],[77.6647933,13.0142402],[77.6650884,13.0144903],[77.6651984,13.0145712],[77.6654179,13.0147271],[77.6655587,13.0148213],[77.665923,13.0149904],[77.6661147,13.0150726],[77.6664124,13.0151866],[77.666688,13.0152814],[77.6669705,13.0153812],[77.6670625,13.0154137],[77.6672194,13.0154856],[77.667534,13.0156514],[77.6677931,13.0157941],[77.6679253,13.0158714],[77.668148,13.0160357],[77.668208,13.0160898],[77.6683446,13.0162129],[77.6685456,13.016403],[77.6688073,13.0166407],[77.6691073,13.0168825],[77.6692902,13.0171115],[77.669509,13.0175084],[77.6697291,13.0178356],[77.6699673,13.0181897],[77.6700278,13.0181624],[77.6701735,13.0180967],[77.6704871,13.0184783],[77.6710648,13.0192536],[77.6713355,13.0196169],[77.6724178,13.0208656],[77.6726981,13.0212043],[77.672922,13.0213956],[77.673132,13.0214316],[77.6740403,13.0215752],[77.6764521,13.0218802],[77.6780784,13.022143],[77.6812305,13.02261],[77.6821339,13.0227488],[77.6836914,13.022955],[77.683872,13.022935],[77.6852276,13.0227966],[77.6853182,13.0227815],[77.6855834,13.0227362],[77.685871,13.0226777],[77.6864207,13.0225663],[77.6864763,13.0225471],[77.6865767,13.0225123],[77.6866582,13.0224982],[77.6872856,13.022319],[77.6883411,13.022046],[77.6883717,13.022051],[77.688475,13.022073],[77.6887252,13.0221543],[77.6888342,13.0222076],[77.6892322,13.0225164],[77.6892776,13.0225547],[77.6894861,13.0227259],[77.6897876,13.0229752],[77.6899568,13.023113],[77.6901453,13.023247],[77.6902118,13.0232943],[77.6903753,13.0234086],[77.6906243,13.0235719],[77.6909069,13.023786],[77.6910238,13.0238747],[77.6910273,13.0239391],[77.6910846,13.0240072],[77.6913221,13.024215],[77.6916719,13.0245209],[77.6917829,13.0246121],[77.6926934,13.0253604],[77.6935332,13.0260037],[77.6942224,13.0265995],[77.6944056,13.026731],[77.6947578,13.0268407],[77.6956551,13.0269391],[77.6958633,13.0269642],[77.6967227,13.0270679],[77.6974801,13.0271138],[77.6990371,13.0273184],[77.6993627,13.027353],[77.699487,13.0273662],[77.7003301,13.0274556],[77.7011936,13.0275096],[77.7018553,13.0275598],[77.7021311,13.0275771],[77.7022763,13.0276204],[77.7025299,13.0277175],[77.7027347,13.0278079],[77.7028112,13.0278356],[77.7029177,13.0278733],[77.7031511,13.0279558],[77.7031662,13.0279611],[77.7034062,13.0280333],[77.7034948,13.02806],[77.7035514,13.0280808],[77.7037242,13.028172],[77.7037636,13.028199],[77.703909,13.0283259],[77.7039428,13.0283542],[77.7039754,13.0283716],[77.7040256,13.028392],[77.7042542,13.0284614],[77.7043115,13.0284765],[77.7043212,13.0284791],[77.7043782,13.0284903],[77.7044593,13.0284963],[77.7046449,13.0285068],[77.7047257,13.0285168],[77.7048954,13.0285468],[77.704982,13.0285593],[77.7052056,13.0285902],[77.7053708,13.0286128],[77.7055142,13.0286403],[77.7055385,13.0285675],[77.7055713,13.0284204],[77.7055958,13.0283119],[77.7056165,13.0282165],[77.7056273,13.0281643],[77.7056317,13.0281355],[77.7056286,13.0280737],[77.7056331,13.0279489],[77.7056506,13.0278448],[77.7056817,13.0277228],[77.7056873,13.0276918],[77.7056891,13.0276705],[77.7062741,13.0276328],[77.706499,13.0276155],[77.7067674,13.0275949],[77.7074067,13.0275576],[77.7075545,13.027549],[77.7077376,13.0275383],[77.7080499,13.0273619],[77.7081978,13.0273743],[77.7088834,13.0274345],[77.709044,13.0274569],[77.7090987,13.0274694],[77.7091323,13.0274771],[77.7092286,13.0275054],[77.7094481,13.0275776],[77.70948,13.0275895],[77.7095306,13.0276083],[77.7095851,13.0276232],[77.7096417,13.0276365],[77.709685,13.027643],[77.7097097,13.027647],[77.7097463,13.0276508],[77.7098131,13.027657],[77.709872,13.0276588],[77.7099418,13.0276566],[77.7100103,13.0276629],[77.7100345,13.0276685],[77.7100438,13.027674],[77.7100548,13.0276812],[77.7100612,13.0276891],[77.710067,13.0276963],[77.7100729,13.0277092],[77.7100782,13.027721],[77.7100836,13.0277379],[77.710086,13.0277542],[77.7100935,13.0278011],[77.7101151,13.0279945],[77.7101167,13.0280004],[77.7101171,13.0280018],[77.710119,13.028009],[77.7101211,13.0280161],[77.7101222,13.0280196],[77.7101233,13.028023],[77.7101245,13.0280264],[77.7101257,13.0280297],[77.710127,13.028033],[77.7101284,13.0280361],[77.7101298,13.0280392],[77.7101313,13.0280422],[77.7101329,13.028045],[77.7101346,13.0280478],[77.7101359,13.0280499],[77.7101382,13.028053],[77.7101402,13.0280554],[77.7101423,13.0280576],[77.7101445,13.0280598],[77.7101468,13.0280618],[77.7101493,13.0280636],[77.7101518,13.0280654],[77.7101545,13.028067],[77.7101574,13.0280685],[77.7101603,13.0280698],[77.7101635,13.028071],[77.7101667,13.028072],[77.7101702,13.028073],[77.7101737,13.0280737],[77.7101761,13.0280741],[77.7101814,13.0280748],[77.7101854,13.0280752],[77.7101896,13.0280754],[77.7101939,13.0280755],[77.7101982,13.0280754],[77.7102027,13.0280753],[77.7102071,13.0280751],[77.7102117,13.0280748],[77.7102162,13.0280744],[77.7102207,13.0280739],[77.7102253,13.0280734],[77.7102298,13.0280728],[77.7102342,13.0280722],[77.7102386,13.0280715],[77.7102429,13.0280708],[77.7102471,13.0280701],[77.7102512,13.0280693],[77.7102551,13.0280685],[77.7102589,13.0280678],[77.7102611,13.0280673],[77.7102659,13.0280663],[77.7102675,13.0280659],[77.7102691,13.0280655],[77.7102706,13.0280652],[77.710272,13.0280648],[77.7102734,13.0280645],[77.7102758,13.0280639],[77.7102769,13.0280636],[77.7102779,13.0280633],[77.7102788,13.028063],[77.7102796,13.0280627],[77.7102838,13.0280608],[77.7103795,13.0280195],[77.7103964,13.0280122],[77.7106743,13.0278923],[77.7106982,13.0278841],[77.7107101,13.0278801],[77.7107221,13.0278765],[77.7107335,13.0278732],[77.71074,13.0278715],[77.7107459,13.0278702],[77.7107519,13.027869],[77.7107578,13.0278682],[77.7107638,13.0278678],[77.7107697,13.0278678],[77.7107727,13.027868],[77.7107756,13.0278683],[77.7107786,13.0278688],[77.7107815,13.0278694],[77.7107845,13.0278702],[77.7107874,13.0278712],[77.7107891,13.0278718],[77.7107933,13.0278736],[77.7107962,13.0278751],[77.7107992,13.0278768],[77.7108021,13.0278786],[77.710805,13.0278806],[77.7108079,13.0278828],[77.7108109,13.027885],[77.7108167,13.02789],[77.7108225,13.0278954],[77.7108283,13.0279012],[77.7108341,13.0279073],[77.71084,13.0279138],[77.7108457,13.0279205],[77.7108631,13.0279414],[77.7109177,13.0280299],[77.7114276,13.0277356],[77.7121634,13.0289035],[77.7124419,13.029374],[77.7124811,13.0294458],[77.7125151,13.0295081],[77.7125833,13.0296045],[77.7126293,13.0296779],[77.7126502,13.0300329],[77.712633,13.0307247],[77.7126329,13.030729],[77.7126367,13.0315026],[77.7126891,13.0318386],[77.7127429,13.0323615],[77.7128958,13.033159],[77.7140106,13.0332785],[77.7147187,13.0334008],[77.7147314,13.033403],[77.7149867,13.0333619],[77.7150245,13.0333659],[77.71516,13.033394],[77.7154194,13.0334683],[77.7154783,13.0334759],[77.7157849,13.033472],[77.715859,13.0334711],[77.7159132,13.0334678],[77.7160694,13.0334585],[77.7161974,13.0334508],[77.7163289,13.0334494],[77.7163575,13.0334491],[77.7164913,13.0334402],[77.7166403,13.0334319],[77.7166785,13.0334298],[77.7169451,13.033408],[77.7169602,13.0334068],[77.7173038,13.0333889],[77.7174268,13.0333753],[77.7175631,13.0333573],[77.7179596,13.0331656],[77.7181087,13.0331823],[77.7181886,13.033199],[77.7186004,13.0333051],[77.7187404,13.033348],[77.7188171,13.0333669],[77.7191561,13.0334437],[77.7192301,13.0334604],[77.7193293,13.0334901],[77.7194056,13.033578],[77.7194066,13.0335806],[77.7194081,13.0335831],[77.7194099,13.0335853],[77.719412,13.0335871],[77.7194144,13.0335887],[77.7195043,13.0336365],[77.7195093,13.0336384],[77.7195263,13.0336457],[77.7195402,13.0336504],[77.7195544,13.0336529],[77.7195667,13.0336539],[77.7196027,13.0336547],[77.7197079,13.0336547],[77.7197583,13.0336589],[77.7198538,13.0336673],[77.719914,13.0336745],[77.719968,13.033681],[77.7199841,13.0336832],[77.7199967,13.0336863],[77.7200038,13.03369],[77.7200169,13.0337186],[77.7200173,13.0337216],[77.7200183,13.0337244],[77.7200197,13.0337271],[77.7200215,13.0337295],[77.7200238,13.0337315],[77.7200263,13.0337332],[77.7200291,13.0337344],[77.720032,13.0337352],[77.7200351,13.0337355],[77.7203325,13.0337389],[77.7203783,13.0337399],[77.7203911,13.0337392],[77.7204011,13.0337383],[77.720404,13.0337374],[77.7204087,13.0337345],[77.7204097,13.0337328],[77.7204116,13.0337293],[77.7204152,13.033719],[77.72042,13.0336777],[77.7204208,13.0335771],[77.7204254,13.0335548],[77.7204311,13.0335451],[77.7204415,13.0335303],[77.7204574,13.0335148],[77.7204671,13.0335081],[77.720482,13.0335009],[77.7205001,13.0334975]]]}},{"type":"Feature","properties":{"KGISSub_DivisionID":11,"Sub_DivisionName":"S22"},"geometry":{"type":"Polygon","coordinates":[[[77.6631388,12.8943783],[77.6632863,12.8943255],[77.6635919,12.8943514],[77.6639505,12.8943817],[77.6639987,12.8943858],[77.6641092,12.8943952],[77.6643107,12.8944123],[77.6651246,12.8942833],[77.6651844,12.8942738],[77.6657439,12.8941851],[77.6661366,12.8941229],[77.6666285,12.8940449],[77.667683,12.8938913],[77.6680813,12.8938193],[77.6681638,12.8938044],[77.6697328,12.8935208],[77.6698066,12.8935077],[77.6700702,12.8934619],[77.6709626,12.8933067],[77.6710371,12.8932937],[77.6718721,12.8931485],[77.6722389,12.8931605],[77.6732453,12.8930753],[77.6735045,12.8930592],[77.6738322,12.8930239],[77.673822,12.8929942],[77.6738071,12.892951],[77.673792,12.8929074],[77.673792,12.8929073],[77.6737888,12.8928981],[77.6737695,12.8928422],[77.6737694,12.8928416],[77.6737527,12.8927749],[77.6737159,12.8926258],[77.6737093,12.8925938],[77.6737069,12.892582],[77.6736979,12.8925382],[77.6736844,12.8924631],[77.6736718,12.8923838],[77.6736672,12.8923535],[77.6736569,12.8922867],[77.6736282,12.892104],[77.6736268,12.8920951],[77.6736215,12.8920613],[77.6735868,12.8918087],[77.6735716,12.8917212],[77.6735701,12.8917128],[77.6735517,12.8916073],[77.6735342,12.8914674],[77.6734703,12.8910719],[77.6734644,12.8910419],[77.6734626,12.8910329],[77.6734287,12.8908611],[77.6734164,12.8908083],[77.6734063,12.8907652],[77.6733645,12.8905847],[77.6733594,12.8905629],[77.6733114,12.8903575],[77.6732679,12.8901666],[77.6731801,12.8897433],[77.6731735,12.8897118],[77.6731415,12.8895041],[77.6731274,12.889426],[77.6730543,12.8890221],[77.6730388,12.8889218],[77.6730374,12.8889127],[77.6730234,12.8888228],[77.6729974,12.8886809],[77.6729642,12.8885017],[77.6729488,12.888419],[77.6729172,12.8882577],[77.6729148,12.8882456],[77.6729083,12.8882124],[77.6728142,12.8878329],[77.6727992,12.8877724],[77.6727896,12.8877326],[77.6727871,12.8877218],[77.672748,12.8875589],[77.6727189,12.8874377],[77.6727183,12.8874346],[77.6727107,12.8873988],[77.6727088,12.8873896],[77.6727035,12.8873645],[77.6726698,12.8872041],[77.6726673,12.8871923],[77.6726267,12.8869993],[77.672591,12.8868296],[77.6725832,12.8867924],[77.6725727,12.8867426],[77.6725559,12.886663],[77.6725506,12.8866377],[77.6725032,12.8864096],[77.6724943,12.8863672],[77.6724527,12.886167],[77.6724215,12.8860171],[77.6724127,12.8859606],[77.672411,12.88595],[77.6724078,12.8859294],[77.6723933,12.8857965],[77.6723847,12.8857179],[77.672383,12.8857028],[77.6723675,12.8855123],[77.6723659,12.8854918],[77.6723489,12.8852109],[77.6723413,12.8850834],[77.67234,12.8850608],[77.6723315,12.8849115],[77.6723284,12.8848561],[77.6723229,12.8847595],[77.6723145,12.8846525],[77.6723118,12.8846185],[77.6725362,12.8845869],[77.6725563,12.884584],[77.672665,12.8845687],[77.6730808,12.8844908],[77.673566,12.8844001],[77.6737559,12.8843629],[77.6738993,12.8839871],[77.6741918,12.8834486],[77.6741992,12.8830504],[77.6741402,12.8827721],[77.6740794,12.8825545],[77.6740528,12.8822384],[77.674046,12.8821581],[77.6740528,12.8816628],[77.6740528,12.8812484],[77.6739624,12.8808452],[77.6739232,12.8806701],[77.6738331,12.8803075],[77.6737255,12.8798744],[77.673707,12.8798778],[77.6719901,12.8801881],[77.6710414,12.880301],[77.6712915,12.8799809],[77.6716209,12.8795594],[77.6717303,12.8794099],[77.6721121,12.8788886],[77.6723574,12.8785952],[77.6724734,12.8784565],[77.6725673,12.8783442],[77.6728874,12.8779988],[77.6732582,12.8775792],[77.6733914,12.8774458],[77.673752,12.8769608],[77.6738575,12.8767428],[77.6740189,12.876409],[77.6740234,12.8763997],[77.674028,12.8763903],[77.6740371,12.8763715],[77.6740668,12.87631],[77.6740759,12.8762911],[77.6740805,12.8762817],[77.6742597,12.8757823],[77.6744269,12.8754935],[77.6745768,12.8753543],[77.6745784,12.8753481],[77.6747414,12.8750373],[77.6752273,12.8730781],[77.6753159,12.8726087],[77.6746849,12.8718258],[77.6742951,12.8713048],[77.6736912,12.8705296],[77.6734116,12.8701454],[77.6730262,12.8696089],[77.6727994,12.86929],[77.6728446,12.8687866],[77.6728927,12.8682521],[77.6724443,12.8682021],[77.6722656,12.868204],[77.6720075,12.8681381],[77.6719632,12.868126],[77.6712038,12.8679179],[77.6709259,12.8677549],[77.6708324,12.8677165],[77.6702801,12.8674621],[77.6700349,12.8673193],[77.669807,12.8671595],[77.6694874,12.8670629],[77.6694618,12.8670551],[77.6694362,12.8670474],[77.6688382,12.8668052],[77.6681027,12.866517],[77.6678286,12.8663838],[77.6671016,12.866317],[77.6670506,12.8661641],[77.6667306,12.8661858],[77.6665477,12.8659441],[77.6658485,12.864987],[77.6652491,12.864079],[77.6652312,12.8640412],[77.6649693,12.8633905],[77.6649628,12.8633742],[77.664946,12.8633226],[77.6652786,12.8632837],[77.6654217,12.863267],[77.6655342,12.8632327],[77.6655824,12.8632105],[77.6656226,12.863192],[77.6655079,12.862484],[77.6654942,12.862399],[77.6655304,12.8623853],[77.6655008,12.8622582],[77.6656023,12.8622516],[77.6655786,12.8621466],[77.6657191,12.8620954],[77.6657644,12.8620238],[77.6658589,12.862054],[77.6662795,12.8621886],[77.6668597,12.8622233],[77.667288,12.8621391],[77.6676546,12.862067],[77.668389,12.8619377],[77.6692085,12.8617979],[77.6689561,12.8614518],[77.6689451,12.8609635],[77.6686809,12.8606238],[77.668631,12.8605597],[77.6684874,12.8605719],[77.6683773,12.8605783],[77.6682608,12.8605851],[77.6683359,12.8604592],[77.6683911,12.8603667],[77.6680988,12.8604347],[77.6679776,12.8604739],[77.6678011,12.8605082],[77.6676796,12.8605203],[77.6675912,12.8605266],[77.6669665,12.8605328],[77.6665735,12.8604879],[77.6663185,12.8604307],[77.6659974,12.8603905],[77.6657043,12.8603771],[77.6651776,12.8603205],[77.6651178,12.8603141],[77.6650236,12.8599661],[77.6649673,12.8594737],[77.6649616,12.8592177],[77.6648158,12.8590628],[77.664749,12.8589918],[77.6647193,12.8590168],[77.6646449,12.8590797],[77.6646426,12.8588735],[77.6645309,12.8587769],[77.6646317,12.8586495],[77.6642256,12.8577229],[77.6641712,12.857602],[77.6641105,12.8574228],[77.6640813,12.8572047],[77.6640818,12.8570578],[77.6641301,12.8568471],[77.6641531,12.8567732],[77.6641591,12.856754],[77.6640231,12.8566804],[77.6639055,12.8566167],[77.66415,12.8562965],[77.6640807,12.8561548],[77.6639946,12.8559787],[77.6639706,12.8559555],[77.6639271,12.8559347],[77.6637736,12.8558902],[77.6636167,12.8558603],[77.6635176,12.8558415],[77.6631446,12.8557704],[77.6631292,12.8557612],[77.6630887,12.8557156],[77.6630869,12.8557102],[77.6630597,12.8556294],[77.6628636,12.8556911],[77.6626501,12.8557818],[77.6626065,12.8559152],[77.6624431,12.8559389],[77.6622248,12.8561072],[77.6621535,12.8560958],[77.6620948,12.8560863],[77.6620305,12.8558931],[77.6619509,12.8553345],[77.661944,12.8552828],[77.6617787,12.8550152],[77.6616964,12.8549758],[77.6617189,12.8544736],[77.6617351,12.8541115],[77.6614554,12.8540306],[77.6610731,12.85392],[77.6606801,12.853798],[77.6605802,12.8537184],[77.6605102,12.8536055],[77.6604892,12.8534291],[77.6604747,12.8532769],[77.6604743,12.8532728],[77.65749,12.8508967],[77.6575476,12.8505721],[77.6575959,12.8503077],[77.6576983,12.8499397],[77.6577808,12.8494269],[77.6578427,12.8488721],[77.6578778,12.8484226],[77.6578868,12.8482995],[77.6579088,12.8481778],[77.6579389,12.8480791],[77.6580154,12.8479203],[77.6581027,12.8477694],[77.6582292,12.8475552],[77.6583392,12.8473331],[77.6586773,12.8466105],[77.659006,12.8458377],[77.6591667,12.8453999],[77.6592392,12.8452214],[77.6592691,12.8451883],[77.65935,12.8451434],[77.6594345,12.8451306],[77.6599973,12.8451429],[77.6600446,12.8451402],[77.6601409,12.8451153],[77.6601095,12.8450136],[77.6601445,12.8447089],[77.6602976,12.8433201],[77.6603761,12.8426282],[77.6604355,12.84234],[77.6604502,12.8421725],[77.6604259,12.8420938],[77.6603785,12.8419407],[77.6603173,12.8417431],[77.6606142,12.8414561],[77.6607071,12.8413662],[77.6608501,12.8412232],[77.6609518,12.8411215],[77.6611002,12.8409357],[77.6612529,12.8407162],[77.6612917,12.8406265],[77.661329,12.8405304],[77.6614033,12.8401786],[77.6614209,12.840095],[77.6614478,12.8398608],[77.6618576,12.8391019],[77.6632352,12.8365504],[77.6635919,12.8358845],[77.6635934,12.8358816],[77.6635349,12.8358509],[77.6627648,12.8354476],[77.6623952,12.8351678],[77.6623906,12.8351643],[77.6621936,12.8350151],[77.6611278,12.8343565],[77.6590259,12.8349172],[77.6575129,12.8353096],[77.6571069,12.8354149],[77.6571477,12.83546],[77.6572319,12.8355941],[77.6571385,12.835631],[77.6569612,12.8357029],[77.6568707,12.8357617],[77.6568374,12.8358047],[77.6567283,12.835853],[77.6563695,12.8360069],[77.6559017,12.8361974],[77.6556419,12.8362998],[77.655342,12.8364165],[77.6552611,12.8364486],[77.6548269,12.8365693],[77.6542188,12.8367163],[77.6540328,12.83674],[77.653664,12.836787],[77.6517834,12.8372574],[77.6519533,12.8374976],[77.6518828,12.837529],[77.6517609,12.8376757],[77.6516623,12.8377581],[77.6514703,12.8379009],[77.6508959,12.8383281],[77.650807,12.8383942],[77.6503392,12.8380779],[77.6502335,12.8380064],[77.6501135,12.8382111],[77.6499417,12.8385044],[77.6495836,12.8390378],[77.6492759,12.8391581],[77.6489746,12.8392762],[77.6486714,12.839192],[77.6482201,12.839045],[77.6477833,12.8386414],[77.646395,12.8389718],[77.6463469,12.8390039],[77.646223,12.8391547],[77.6461714,12.8392311],[77.6461668,12.8392576],[77.6461986,12.8394268],[77.6462247,12.8395656],[77.646022,12.8396056],[77.6448834,12.8398303],[77.644413,12.8398337],[77.6443743,12.8398063],[77.6443003,12.8398032],[77.6440745,12.8398084],[77.6439035,12.8398143],[77.6436193,12.839826],[77.6432623,12.8398539],[77.642999,12.839874],[77.6426508,12.8399148],[77.6424329,12.8399387],[77.6422466,12.8399491],[77.6416875,12.8399627],[77.6415024,12.8399671],[77.6412857,12.8399639],[77.6411693,12.8399569],[77.6411264,12.8399586],[77.6409005,12.8399507],[77.6407521,12.839953],[77.6407081,12.8399586],[77.6406581,12.8399663],[77.6405245,12.8399684],[77.6404271,12.8399722],[77.6403581,12.8399887],[77.6403511,12.839989],[77.6408107,12.8409861],[77.6410477,12.8414876],[77.6411171,12.8416433],[77.6412069,12.8418514],[77.6414342,12.8423433],[77.6415958,12.8426929],[77.6418568,12.843314],[77.6419673,12.8435767],[77.6419788,12.8437745],[77.6420558,12.8439909],[77.6423168,12.8447529],[77.6424119,12.8450304],[77.6427223,12.845775],[77.6430187,12.846856],[77.6431993,12.8475204],[77.6435369,12.8489283],[77.6436429,12.8491933],[77.6435553,12.8494554],[77.643483,12.8497153],[77.6434054,12.8499406],[77.6433776,12.8500213],[77.6433164,12.8501686],[77.6432455,12.8504072],[77.643241,12.8505041],[77.6432417,12.8505373],[77.6432432,12.8506128],[77.6432843,12.8508476],[77.6433315,12.8511909],[77.6431819,12.8511901],[77.6431006,12.8511877],[77.6430792,12.8511807],[77.6430536,12.8511623],[77.6430506,12.8511602],[77.6430271,12.8511434],[77.6430271,12.8514228],[77.643049,12.8516313],[77.6430356,12.8519797],[77.6429267,12.8526856],[77.6429479,12.8537374],[77.6429449,12.8539417],[77.6429604,12.854391],[77.6429928,12.8559349],[77.6429987,12.8562328],[77.643025,12.8570044],[77.6430229,12.8570569],[77.6430389,12.8583051],[77.6430431,12.8589647],[77.6430291,12.8594559],[77.6430222,12.8594826],[77.6430143,12.8595087],[77.6427628,12.8603342],[77.6426999,12.8605177],[77.6426368,12.8607015],[77.6423937,12.8613534],[77.6423717,12.8614388],[77.6420884,12.8623142],[77.6420164,12.8629528],[77.6419508,12.8635263],[77.6419475,12.8635629],[77.6419468,12.8635713],[77.6418856,12.8635805],[77.6417993,12.8635872],[77.6416255,12.8636008],[77.6415938,12.8636883],[77.641415,12.8641821],[77.6413755,12.8642953],[77.6413752,12.8642998],[77.6413747,12.8643109],[77.64137,12.8643255],[77.641353,12.8647032],[77.6413464,12.8649614],[77.6413164,12.8649612],[77.6399518,12.8649539],[77.638871,12.8649006],[77.6388191,12.8641128],[77.6388328,12.863414],[77.6384699,12.8632901],[77.637492,12.8628596],[77.6373975,12.862893],[77.6370096,12.86303],[77.6368994,12.8630689],[77.6365246,12.8630917],[77.6358722,12.8629261],[77.6353508,12.8629078],[77.634857,12.8627014],[77.634731,12.8626405],[77.6346734,12.8626123],[77.6346538,12.8625924],[77.6346357,12.8625705],[77.6343092,12.8620937],[77.6343937,12.8618618],[77.6333388,12.8616326],[77.6331218,12.8615784],[77.633085,12.8615692],[77.6330481,12.8615601],[77.632249,12.8611404],[77.6317648,12.8608494],[77.6315594,12.86072],[77.6311352,12.8603358],[77.6309664,12.8602091],[77.6308726,12.860163],[77.630847,12.8601505],[77.6306809,12.8600201],[77.6306792,12.8599723],[77.6306728,12.8597967],[77.6306579,12.8593256],[77.6304162,12.858711],[77.6303741,12.858604],[77.6303424,12.8585233],[77.6302865,12.8583813],[77.6299268,12.8579168],[77.6290254,12.8567526],[77.6272553,12.8569268],[77.6268101,12.8570475],[77.6263394,12.8573359],[77.6254779,12.8574628],[77.6244379,12.8575851],[77.6231423,12.8577347],[77.6223645,12.8578581],[77.6215034,12.8579947],[77.6211024,12.8580325],[77.620328,12.8581022],[77.6196167,12.8581476],[77.6195811,12.8580063],[77.6195237,12.8577779],[77.619513,12.8576942],[77.6195064,12.8575356],[77.6190539,12.8575862],[77.6189631,12.8575931],[77.6188058,12.857557],[77.6181139,12.8574175],[77.617424,12.857464],[77.6170065,12.8575314],[77.61647,12.8557466],[77.6155604,12.8552571],[77.6150432,12.8548355],[77.6144259,12.8542834],[77.6141775,12.8539453],[77.6137618,12.8533905],[77.613648,12.8532387],[77.6132523,12.8527333],[77.6129315,12.8521723],[77.6127511,12.8518281],[77.6122661,12.8518759],[77.6116206,12.8516986],[77.6111563,12.8516532],[77.6110707,12.8516503],[77.6090071,12.851356],[77.6089982,12.8513547],[77.6089198,12.8513967],[77.6081746,12.851796],[77.607045,12.8526731],[77.6068502,12.8534674],[77.6065094,12.8547348],[77.6065074,12.8547424],[77.6065371,12.8550891],[77.6065676,12.8554451],[77.6066126,12.8559706],[77.6066444,12.856342],[77.6066824,12.8572645],[77.6067044,12.8578509],[77.6066178,12.8578348],[77.6066101,12.8578378],[77.606592,12.8578448],[77.6065829,12.8578483],[77.6065661,12.8578548],[77.6065121,12.8579047],[77.6064942,12.8579213],[77.6064879,12.8579271],[77.6064386,12.8579727],[77.6063774,12.8579919],[77.6063606,12.8579923],[77.6062634,12.8579945],[77.6062106,12.8579888],[77.6059538,12.8579611],[77.6054846,12.857896],[77.605283,12.8578323],[77.6052156,12.8577941],[77.6051323,12.8576874],[77.6051224,12.8576591],[77.6049008,12.8574008],[77.6048457,12.8573365],[77.6048322,12.8572815],[77.6048113,12.8571964],[77.6047687,12.8570227],[77.6044902,12.8566123],[77.6044748,12.8565896],[77.6044448,12.8565674],[77.6043393,12.8564891],[77.6041926,12.8564389],[77.6038324,12.8563434],[77.6036503,12.8562952],[77.603306,12.856224],[77.6032298,12.8562242],[77.6029736,12.8562249],[77.6029041,12.8562251],[77.6028531,12.8562442],[77.6026224,12.8563306],[77.6026004,12.8563964],[77.6022414,12.8574699],[77.6020242,12.8576642],[77.6020072,12.8576794],[77.6016992,12.8576936],[77.6015959,12.857512],[77.601254,12.8572473],[77.6009552,12.8573111],[77.6008935,12.8573282],[77.6007207,12.8573761],[77.600581,12.8574187],[77.6003955,12.8574723],[77.6000744,12.8575591],[77.5999433,12.8575907],[77.5999156,12.8575974],[77.5998711,12.8576107],[77.5998358,12.8576213],[77.5997956,12.8576333],[77.5997735,12.8576399],[77.5996152,12.8576733],[77.5995841,12.8576776],[77.5995651,12.8576802],[77.5995336,12.8576833],[77.5993318,12.8577032],[77.5993301,12.857725],[77.5993295,12.8577337],[77.5993264,12.8578319],[77.5993355,12.8579165],[77.5993455,12.8579832],[77.599361,12.8580716],[77.5993612,12.8580726],[77.5993627,12.8580815],[77.599386,12.8581588],[77.599401,12.8582053],[77.5994037,12.8582138],[77.5994114,12.8582344],[77.5994451,12.8582767],[77.5994679,12.8583038],[77.5994816,12.8583357],[77.5994861,12.8583558],[77.5994911,12.8583781],[77.5994986,12.85842],[77.5995537,12.8585874],[77.5995548,12.8585919],[77.599562,12.858623],[77.5995648,12.8586846],[77.5995654,12.8587152],[77.5995673,12.858809],[77.5995683,12.8588635],[77.5995675,12.8588786],[77.5995671,12.8588843],[77.5995632,12.8589519],[77.5995482,12.859075],[77.599526,12.8591884],[77.5995231,12.8592031],[77.5995208,12.8592326],[77.599519,12.8592821],[77.5995188,12.8592854],[77.5995187,12.8592902],[77.5995248,12.8593847],[77.5995666,12.8596615],[77.5995697,12.8596839],[77.5995693,12.8596841],[77.5995977,12.8599179],[77.5996054,12.8599813],[77.5996429,12.8602906],[77.5995879,12.8602947],[77.5995135,12.8603002],[77.5994871,12.8603002],[77.5994303,12.8603004],[77.5994171,12.8603004],[77.5993316,12.8602273],[77.5991561,12.8602423],[77.5989409,12.860267],[77.5987734,12.8602834],[77.5987361,12.860287],[77.5986659,12.8602925],[77.5986305,12.8602953],[77.5985244,12.8603037],[77.5984822,12.8603045],[77.5981308,12.8603115],[77.5981225,12.8603117],[77.5979011,12.860371],[77.5978566,12.8603785],[77.5976215,12.8604182],[77.5973471,12.8604322],[77.5970185,12.8604491],[77.5965264,12.8604835],[77.5965305,12.8605056],[77.5965641,12.8606849],[77.596577,12.8607359],[77.5966144,12.860884],[77.5967712,12.861334],[77.5967867,12.8613773],[77.5967973,12.8614069],[77.5968351,12.8615125],[77.5970779,12.8621334],[77.5971683,12.8623501],[77.5972777,12.8626124],[77.5972989,12.8626878],[77.5972994,12.8626894],[77.5973021,12.8627326],[77.597285,12.8627564],[77.5972815,12.8627613],[77.5972763,12.8627638],[77.5972756,12.8627641],[77.5972629,12.86277],[77.5971858,12.8628062],[77.5969414,12.8628915],[77.5969475,12.8629061],[77.5969822,12.8629899],[77.5972151,12.8635943],[77.5972454,12.8636729],[77.5973814,12.8640284],[77.5970457,12.8641582],[77.5970307,12.864164],[77.5970235,12.8641737],[77.5970203,12.864178],[77.5970193,12.8641794],[77.5970228,12.8641869],[77.5971127,12.8643783],[77.5971198,12.864402],[77.5971188,12.8644139],[77.5970948,12.8644391],[77.5970843,12.8644432],[77.597011,12.8644718],[77.5970038,12.8644746],[77.5969994,12.864478],[77.5969854,12.864489],[77.5969853,12.8644891],[77.5969729,12.8645151],[77.5969716,12.8645178],[77.5969639,12.864534],[77.5969655,12.8646025],[77.5967283,12.8646042],[77.5965176,12.864606],[77.5961691,12.8646091],[77.5961405,12.8646093],[77.596045,12.8646083],[77.5959343,12.8646072],[77.5956324,12.8646055],[77.5952801,12.8646036],[77.594933,12.8646067],[77.5947756,12.864609],[77.5944471,12.8646188],[77.5943646,12.8646246],[77.5942636,12.8646347],[77.5942533,12.8646357],[77.5941339,12.8646475],[77.5940823,12.8646526],[77.5938634,12.8646728],[77.5937342,12.8646958],[77.5936997,12.8647048],[77.5934967,12.8647744],[77.5934267,12.8647985],[77.5933408,12.8648253],[77.5932666,12.8648486],[77.5931365,12.8648905],[77.5929512,12.8649503],[77.5928306,12.8650045],[77.5927735,12.8650302],[77.5922917,12.8652009],[77.5921583,12.8652489],[77.5921009,12.8652696],[77.5919885,12.8653088],[77.5918794,12.8653404],[77.5918793,12.8653405],[77.5916841,12.8653973],[77.5916177,12.8654166],[77.591703,12.8656644],[77.5917787,12.8658841],[77.5918933,12.8662391],[77.5920493,12.8667219],[77.5921538,12.8670376],[77.5922674,12.8673807],[77.59229,12.867449],[77.5923078,12.8675028],[77.5926384,12.8684941],[77.5928354,12.8690825],[77.5929668,12.869475],[77.5933041,12.870435],[77.5934476,12.8708429],[77.5935115,12.8710244],[77.593511,12.8710247],[77.5935123,12.8710244],[77.5935295,12.8710747],[77.5937144,12.871614],[77.5937978,12.8718573],[77.5938009,12.8718663],[77.5939295,12.8722412],[77.5941344,12.8728389],[77.5942621,12.8732114],[77.5942955,12.8732044],[77.5943597,12.8731829],[77.5944586,12.8731498],[77.5946944,12.8731011],[77.5948415,12.8730811],[77.5952822,12.8730215],[77.5954123,12.873],[77.5956905,12.8729543],[77.5959158,12.8728813],[77.5959973,12.8727972],[77.5960319,12.8727616],[77.5960576,12.8727351],[77.5961461,12.8725717],[77.5961509,12.8725628],[77.5963005,12.8720306],[77.5963475,12.8718583],[77.5964318,12.871549],[77.5965309,12.8711856],[77.5966783,12.870629],[77.5967753,12.8702629],[77.5968868,12.869988],[77.5969525,12.8698348],[77.5970383,12.8696348],[77.5970408,12.8696302],[77.5970436,12.8696234],[77.5970537,12.869604],[77.5971277,12.8694625],[77.5971814,12.8693599],[77.5972641,12.8692669],[77.5974254,12.8691867],[77.59747,12.8691646],[77.5974997,12.8691498],[77.5975281,12.8691267],[77.5975425,12.8691129],[77.5975655,12.8690908],[77.5976058,12.8689583],[77.597631,12.8688342],[77.5976842,12.8685718],[77.5977742,12.8682897],[77.597836,12.8681229],[77.5978774,12.8680112],[77.5978782,12.8680089],[77.5979112,12.8674614],[77.5979162,12.8672203],[77.5979171,12.8671787],[77.5979176,12.8671553],[77.5979177,12.8671399],[77.5979184,12.8669715],[77.5979191,12.8668232],[77.5979223,12.8668234],[77.5990598,12.8668861],[77.5991427,12.8668906],[77.5991462,12.8668673],[77.5991499,12.8668433],[77.5991533,12.8667822],[77.5991831,12.8667161],[77.5993628,12.866615],[77.5994683,12.8665557],[77.5995616,12.8665032],[77.5996146,12.8665046],[77.5997161,12.8665362],[77.5997367,12.8665244],[77.5997449,12.866524],[77.599745,12.8665239],[77.5997641,12.8665063],[77.5999812,12.8664988],[77.6003568,12.8664859],[77.6006475,12.8664759],[77.6006658,12.8664753],[77.6006728,12.8664749],[77.6006747,12.8664821],[77.6007399,12.8667273],[77.6008471,12.8671044],[77.6009291,12.867393],[77.600964,12.8675117],[77.6010986,12.8679688],[77.6016492,12.8699086],[77.6017886,12.8704105],[77.6021703,12.8717848],[77.6021824,12.8718286],[77.6022837,12.8722071],[77.6023377,12.8724098],[77.6024457,12.8728144],[77.6025849,12.8734701],[77.6026444,12.8737863],[77.6026979,12.8742375],[77.6027238,12.8748432],[77.6027485,12.8757287],[77.6027414,12.8757589],[77.602644,12.8761695],[77.6026072,12.8764048],[77.6028393,12.8764575],[77.6029805,12.8760702],[77.6030953,12.8757554],[77.6032342,12.8753743],[77.6034215,12.8746639],[77.603644,12.8743294],[77.603869,12.8741324],[77.6043709,12.873894],[77.6048438,12.87378],[77.6055426,12.8736116],[77.6058806,12.8735113],[77.6064375,12.873465],[77.6065243,12.8734714],[77.606928,12.8735013],[77.6074074,12.8736526],[77.6075179,12.8736817],[77.6076826,12.8737663],[77.6080326,12.8739831],[77.6082626,12.8741256],[77.6083405,12.8742339],[77.6085234,12.8743017],[77.6087475,12.874405],[77.6089986,12.8745045],[77.6090895,12.8747961],[77.6092635,12.875196],[77.6092928,12.8752877],[77.6093673,12.8754525],[77.6094203,12.8756333],[77.60941,12.8756925],[77.6093689,12.8759283],[77.6093459,12.8760604],[77.6093489,12.876132],[77.6093527,12.8762256],[77.6093558,12.8763019],[77.6094148,12.8764012],[77.609508,12.8764726],[77.6095502,12.8765098],[77.6095831,12.8765387],[77.6096615,12.8766201],[77.609711,12.8766737],[77.6098427,12.876818],[77.6099849,12.8769068],[77.6100282,12.8769135],[77.6101674,12.8769349],[77.6102152,12.8768989],[77.6103262,12.8768155],[77.6106397,12.8767321],[77.6109089,12.8766661],[77.6115126,12.8764692],[77.611842,12.8764015],[77.6120384,12.8763569],[77.612235,12.8763297],[77.6125509,12.8762478],[77.6128367,12.8761488],[77.6129784,12.8760822],[77.6130936,12.8760647],[77.6132329,12.8760492],[77.613468,12.8760632],[77.6138083,12.8761195],[77.6140924,12.876175],[77.6141355,12.8761815],[77.6144063,12.8762218],[77.6144267,12.8762243],[77.6146769,12.8762554],[77.614822,12.8762607],[77.6148504,12.8762521],[77.615146,12.8762447],[77.6156074,12.8762132],[77.6161797,12.8761479],[77.6161815,12.8761729],[77.6161821,12.8761827],[77.6161879,12.8762804],[77.6161881,12.8762841],[77.6162102,12.8766562],[77.6162442,12.8768767],[77.6162606,12.8770143],[77.6162817,12.8771976],[77.6163061,12.8775871],[77.6163388,12.8778051],[77.6163588,12.8778726],[77.6164329,12.8778885],[77.6164529,12.8778927],[77.6164558,12.8779191],[77.6165076,12.8783899],[77.6165621,12.8790084],[77.6165872,12.8790739],[77.6166642,12.8792528],[77.6167809,12.8794643],[77.6169847,12.8799854],[77.6170373,12.8801177],[77.6170768,12.880217],[77.6172715,12.8807064],[77.6174239,12.8810738],[77.6175102,12.8813435],[77.6175433,12.8814385],[77.6176549,12.881763],[77.6177238,12.8820572],[77.6177277,12.8822161],[77.6177069,12.8825005],[77.6177434,12.8830332],[77.6175267,12.8830969],[77.6173365,12.8831503],[77.6170518,12.8832337],[77.6169955,12.8832501],[77.6169248,12.8832708],[77.6168066,12.8836225],[77.6167793,12.8837034],[77.6166823,12.8839918],[77.6167505,12.8843213],[77.6158861,12.8845662],[77.6158548,12.8849655],[77.6158588,12.8850369],[77.6158665,12.8851714],[77.6158675,12.885193],[77.6159755,12.8851615],[77.6161902,12.8850989],[77.616201,12.8850957],[77.6163854,12.8850419],[77.6163908,12.8850402],[77.6163983,12.8850378],[77.6163986,12.8850378],[77.6164123,12.8850334],[77.6164324,12.8850271],[77.6164445,12.8850232],[77.6164654,12.8850166],[77.6165061,12.8850038],[77.616512,12.8850019],[77.6165877,12.8849779],[77.6167541,12.8849253],[77.6167707,12.88492],[77.6168258,12.8849026],[77.6169553,12.8848639],[77.6170334,12.884848],[77.617068,12.8848429],[77.6170681,12.8848428],[77.6171209,12.884835],[77.6171503,12.8848304],[77.6172649,12.8848123],[77.6173475,12.8847991],[77.6175152,12.8847723],[77.6175891,12.8847645],[77.6175955,12.8847639],[77.6176954,12.8847533],[77.6177871,12.8847515],[77.6178121,12.884751],[77.6178142,12.884751],[77.6178216,12.8847509],[77.6178826,12.8847497],[77.6179035,12.8847492],[77.6179243,12.8847503],[77.6179439,12.8847513],[77.6179462,12.8847514],[77.6179897,12.8847537],[77.6180675,12.8847577],[77.6182154,12.8847521],[77.6182362,12.8847513],[77.6182385,12.8847619],[77.6183507,12.8851989],[77.6183555,12.8852177],[77.6183565,12.8852217],[77.6183645,12.8852528],[77.6184368,12.8855344],[77.6185339,12.8859365],[77.6185388,12.885957],[77.6185612,12.8860496],[77.6186021,12.8862193],[77.6186064,12.886237],[77.6186541,12.8864346],[77.6186681,12.8864925],[77.6186763,12.8865266],[77.6187065,12.8866518],[77.6187076,12.8866564],[77.6187314,12.8867553],[77.6187431,12.8867882],[77.6187447,12.8867927],[77.6188059,12.8869655],[77.6188302,12.8870294],[77.6188413,12.8870588],[77.6188477,12.8870755],[77.6188824,12.8871667],[77.6188838,12.8871704],[77.6188878,12.8871798],[77.6189756,12.8873824],[77.6189793,12.887391],[77.6189993,12.8874372],[77.6190175,12.8874853],[77.6190214,12.8874959],[77.6190285,12.8875146],[77.6190382,12.8875403],[77.6190531,12.8875798],[77.6191413,12.8878138],[77.6191589,12.8878605],[77.6191896,12.8879418],[77.619203,12.8879872],[77.6192115,12.8880159],[77.6192448,12.8881012],[77.6192586,12.8881364],[77.6192643,12.8881454],[77.6192708,12.8881557],[77.6192748,12.888162],[77.6192836,12.8881759],[77.6193026,12.8881999],[77.6193143,12.8882147],[77.6193205,12.8882225],[77.6193206,12.8882227],[77.6193216,12.8882239],[77.6193515,12.8882617],[77.619389,12.8883132],[77.6194355,12.8883767],[77.6194577,12.8884066],[77.6194712,12.8884247],[77.6194998,12.8884573],[77.6195664,12.8885218],[77.6195668,12.8885222],[77.6196479,12.8886008],[77.6197232,12.8886737],[77.6198322,12.8887917],[77.6198595,12.8888212],[77.6198917,12.888856],[77.6199516,12.88885],[77.6199714,12.8888481],[77.6200061,12.8888446],[77.6202574,12.8888174],[77.6204043,12.8888085],[77.6204128,12.888808],[77.6204222,12.888807],[77.6204367,12.8888055],[77.6204972,12.8887992],[77.6205417,12.8887933],[77.6205771,12.8887887],[77.6206597,12.8887773],[77.6207556,12.888762],[77.6208302,12.88875],[77.6209836,12.8887265],[77.6209972,12.888723],[77.621086,12.8887006],[77.6211256,12.8886906],[77.6211436,12.8886857],[77.6212233,12.8886641],[77.6213174,12.8886388],[77.6213254,12.8886366],[77.6213527,12.8886286],[77.6213826,12.8886199],[77.6214159,12.8886101],[77.6214171,12.8886097],[77.6214224,12.8886074],[77.6214274,12.8886043],[77.6214317,12.8886653],[77.6214475,12.8887941],[77.6214645,12.8888397],[77.621471,12.888839],[77.6218815,12.8887942],[77.6218939,12.8887929],[77.6219686,12.8887847],[77.6224415,12.8887331],[77.622559,12.8887208],[77.6226571,12.8887127],[77.6227435,12.8887055],[77.6228031,12.8886996],[77.6228218,12.8886971],[77.6228639,12.8886914],[77.622917,12.8886823],[77.6229369,12.8886784],[77.6230034,12.8886653],[77.623058,12.8886536],[77.6230745,12.8886501],[77.6231133,12.8886431],[77.623132,12.8886397],[77.6232041,12.8886256],[77.623285,12.888612],[77.623342,12.8886035],[77.6233915,12.8885955],[77.6235008,12.888578],[77.6235409,12.8885716],[77.6236168,12.8885641],[77.6236354,12.8885622],[77.6236674,12.8885591],[77.6236973,12.888556],[77.6237507,12.8885504],[77.6238378,12.8885428],[77.623872,12.8885424],[77.6239198,12.888542],[77.6239897,12.8885438],[77.6240782,12.8885522],[77.6240865,12.888553],[77.6241627,12.8885633],[77.6242357,12.8885698],[77.6242416,12.8885704],[77.6242575,12.8885718],[77.6243499,12.8885829],[77.624364,12.8885844],[77.6243957,12.8885877],[77.6244295,12.8885913],[77.6244592,12.8885945],[77.6244643,12.8885948],[77.624576,12.8886015],[77.6246882,12.8886012],[77.6248006,12.8886007],[77.6248214,12.8886016],[77.624844,12.8886005],[77.624963,12.8885999],[77.625035,12.8885954],[77.6251758,12.8885866],[77.6253082,12.8885765],[77.6254245,12.8885676],[77.625599,12.8885502],[77.6256017,12.8885638],[77.625623,12.8886616],[77.6256408,12.8887712],[77.6256742,12.888956],[77.6256845,12.8890199],[77.6258814,12.888995],[77.6259303,12.8889873],[77.6259538,12.8889837],[77.6259562,12.8889839],[77.6259634,12.8889846],[77.6261387,12.8889625],[77.6261515,12.8889607],[77.6264478,12.8889189],[77.6268306,12.8888648],[77.6270867,12.8888336],[77.6270966,12.888833],[77.6271789,12.888828],[77.6272116,12.888826],[77.627212,12.888826],[77.6273008,12.8888235],[77.6273164,12.8888247],[77.6273424,12.8888266],[77.6273447,12.8888267],[77.6273803,12.8888293],[77.6274015,12.8888308],[77.6274356,12.8888333],[77.6274743,12.8888414],[77.6276389,12.8888758],[77.6276992,12.8888975],[77.6279967,12.8890044],[77.6284413,12.8891526],[77.6285639,12.8891925],[77.6286529,12.8892214],[77.6287263,12.8892452],[77.6287445,12.8892541],[77.6289735,12.8893657],[77.6289836,12.8893706],[77.6290726,12.8894139],[77.629196,12.889467],[77.6292457,12.8894884],[77.6293502,12.8895333],[77.6293574,12.8895363],[77.6296866,12.8896779],[77.6297996,12.8897264],[77.6303161,12.8899414],[77.6303515,12.8899562],[77.6304034,12.8898564],[77.6304821,12.889703],[77.6304935,12.8896797],[77.6304951,12.8896765],[77.6309519,12.8896561],[77.6309806,12.8896584],[77.6310533,12.8896642],[77.6310908,12.8896712],[77.6311087,12.8896729],[77.631149,12.8896767],[77.6311863,12.8896724],[77.6311977,12.8896711],[77.6312713,12.8896582],[77.6313049,12.8896502],[77.6313091,12.8896492],[77.6313163,12.8896475],[77.631349,12.8896358],[77.6313729,12.8896219],[77.6313753,12.8896199],[77.6313895,12.8896075],[77.6314017,12.8895931],[77.6314131,12.8895715],[77.6314195,12.8895493],[77.6314248,12.8895043],[77.6314279,12.889439],[77.6314248,12.8893681],[77.6314221,12.8893055],[77.6314126,12.8892022],[77.6314087,12.8891595],[77.6314065,12.8891357],[77.6313976,12.8890425],[77.6313852,12.8889126],[77.6313845,12.8889009],[77.6313808,12.8888415],[77.6313694,12.8886581],[77.6313669,12.8885938],[77.6313654,12.8885529],[77.6313699,12.8885527],[77.6314275,12.8885505],[77.6314991,12.8885478],[77.6318734,12.8885774],[77.6319736,12.8885853],[77.632657,12.8886393],[77.6332625,12.8886782],[77.6334615,12.888691],[77.6336466,12.8887131],[77.6336865,12.8887179],[77.6338528,12.8887378],[77.6339375,12.8885866],[77.634014,12.8883984],[77.6340508,12.888319],[77.6342011,12.8883804],[77.6342564,12.888403],[77.6343612,12.8884459],[77.6343865,12.8884562],[77.634414,12.8883882],[77.6344272,12.8883555],[77.6344426,12.8883174],[77.634459,12.8882768],[77.6344975,12.88829],[77.6345125,12.8882951],[77.6345182,12.8882622],[77.6345552,12.8880477],[77.6346293,12.8876179],[77.6347302,12.8876257],[77.6348946,12.8876382],[77.634941,12.8876418],[77.6349526,12.8876427],[77.63512,12.8868453],[77.6351405,12.8867695],[77.6351753,12.8866409],[77.6352094,12.8864799],[77.635215,12.8864538],[77.6352276,12.8863943],[77.6352308,12.8863792],[77.6352425,12.8863086],[77.6352442,12.886298],[77.6352711,12.8861359],[77.6352557,12.885858],[77.6352473,12.8857394],[77.6352462,12.8857234],[77.6352375,12.8856],[77.6352292,12.8854824],[77.6352346,12.8852949],[77.6352347,12.8852929],[77.6352352,12.8852757],[77.6352375,12.8851986],[77.6352381,12.885176],[77.6352191,12.8848793],[77.635219,12.8848772],[77.6352182,12.8848652],[77.6352177,12.8848583],[77.6351718,12.8846556],[77.6351654,12.8846405],[77.6350998,12.8844841],[77.6350973,12.8844782],[77.6350863,12.884452],[77.6350768,12.8844295],[77.635,12.8843059],[77.6347416,12.8840599],[77.6346739,12.8840031],[77.6346662,12.8839967],[77.6346584,12.8839901],[77.6345081,12.8838639],[77.6344077,12.8837266],[77.6343747,12.8836815],[77.634345,12.8836409],[77.6343371,12.8836281],[77.6343333,12.8836219],[77.6342762,12.883529],[77.6342539,12.8834927],[77.6342436,12.8834759],[77.6341888,12.8833867],[77.6341793,12.8833642],[77.6341762,12.883357],[77.6341205,12.8832254],[77.6341096,12.8831998],[77.6340367,12.8830275],[77.6339748,12.8828829],[77.6339654,12.8828611],[77.6339624,12.8828539],[77.6339018,12.8827122],[77.6338149,12.8825093],[77.6343038,12.8822972],[77.6351782,12.8820374],[77.6355186,12.8819694],[77.6355186,12.881969],[77.6355886,12.8819621],[77.6357546,12.8819457],[77.6357664,12.8819438],[77.635826,12.881934],[77.6358383,12.881932],[77.6359954,12.8819064],[77.6360176,12.8819027],[77.636029,12.8819009],[77.6360363,12.8819079],[77.6360481,12.8819193],[77.6360692,12.8819347],[77.6360852,12.8819426],[77.6361003,12.8819501],[77.6361234,12.8819577],[77.6361663,12.8819592],[77.6363228,12.8819498],[77.6364837,12.881933],[77.6364984,12.8819315],[77.6365008,12.8819312],[77.6365099,12.8819303],[77.6365556,12.8819274],[77.6367123,12.8819175],[77.6368702,12.8819107],[77.6369187,12.8819086],[77.6371101,12.8819084],[77.6371296,12.8819084],[77.6371293,12.8818975],[77.6371293,12.8818935],[77.6371291,12.8818879],[77.6371283,12.8818518],[77.637128,12.8818393],[77.6371256,12.8817383],[77.637128,12.8816919],[77.6371296,12.8816659],[77.6371326,12.8816549],[77.637136,12.8816426],[77.6371462,12.8816263],[77.6371603,12.8816037],[77.6371623,12.8816006],[77.6371761,12.8815794],[77.6371853,12.8815561],[77.6371935,12.8815264],[77.6371942,12.8814976],[77.6371929,12.8814651],[77.6371846,12.8814085],[77.6371819,12.8813898],[77.6371805,12.8813801],[77.6371797,12.8813746],[77.6371748,12.8813412],[77.6371705,12.8813123],[77.6371613,12.8812491],[77.6371468,12.8811051],[77.6371338,12.8809769],[77.6371212,12.8808369],[77.6371172,12.8807922],[77.637116,12.8807793],[77.6371014,12.8806177],[77.6371003,12.880601],[77.6370992,12.8805141],[77.6370968,12.8805094],[77.637064,12.8804457],[77.6370589,12.8804359],[77.6370348,12.8802228],[77.6370306,12.8801861],[77.637025,12.8801268],[77.6370237,12.8801131],[77.6370169,12.8800409],[77.6370096,12.8799918],[77.6370006,12.8799308],[77.6369907,12.8798694],[77.6369888,12.879858],[77.6370394,12.8798224],[77.6370632,12.8797996],[77.6370901,12.8797685],[77.6371201,12.8797261],[77.6371805,12.8796285],[77.6372251,12.8795566],[77.6372947,12.8794298],[77.6373568,12.8793164],[77.6373668,12.8792999],[77.6373767,12.8792835],[77.6374138,12.8792223],[77.6375051,12.8790715],[77.6375475,12.879001],[77.6375992,12.8789149],[77.6376123,12.8788932],[77.6376264,12.878873],[77.6376287,12.8788697],[77.637666,12.8788164],[77.6377019,12.878792],[77.6377607,12.8787382],[77.637818,12.8786767],[77.637882,12.8786078],[77.6379473,12.8785331],[77.6380154,12.8784419],[77.6380279,12.8784252],[77.6380442,12.8784033],[77.6380494,12.8783964],[77.638165,12.8782416],[77.6381893,12.8782091],[77.6382229,12.8781665],[77.6382708,12.8781057],[77.6383423,12.8780206],[77.6383474,12.8780178],[77.6384021,12.8779477],[77.6384681,12.8778698],[77.6384636,12.8778698],[77.638571,12.8777343],[77.6386289,12.8776613],[77.6387291,12.8775348],[77.6387517,12.8775063],[77.6388724,12.8773616],[77.6389073,12.8773198],[77.6389217,12.8773026],[77.6389351,12.8772873],[77.6389791,12.8772375],[77.6390139,12.8771902],[77.6390185,12.8771839],[77.6390746,12.8771086],[77.6390922,12.8770834],[77.6391059,12.8770637],[77.6391127,12.8770538],[77.6391308,12.8770203],[77.6391545,12.8769762],[77.6391648,12.8769586],[77.6392972,12.8767327],[77.6393222,12.8766902],[77.6393913,12.8765592],[77.6394301,12.8764857],[77.6394373,12.8764721],[77.6394516,12.876445],[77.6394598,12.8764294],[77.6394826,12.8763862],[77.639517,12.8763209],[77.6395731,12.8762148],[77.6396165,12.8761273],[77.6396312,12.8760977],[77.6396449,12.8760695],[77.6396616,12.8760353],[77.6396687,12.8760198],[77.6396767,12.8760023],[77.6396929,12.8759489],[77.6396971,12.8759349],[77.6397104,12.8758905],[77.6397106,12.87589],[77.6397379,12.8757908],[77.6398021,12.8755811],[77.6398542,12.8754106],[77.6398584,12.875397],[77.6398893,12.875296],[77.6399071,12.8752377],[77.6399217,12.8751902],[77.6399284,12.875168],[77.6399943,12.8749528],[77.6400253,12.8748635],[77.6401365,12.8745431],[77.6401731,12.8744478],[77.6401921,12.874413],[77.6402039,12.8743949],[77.6404112,12.8738017],[77.6407343,12.8730681],[77.6409478,12.872645],[77.6411925,12.87216],[77.6414047,12.8719081],[77.6415824,12.8716971],[77.642383,12.8713735],[77.6430973,12.8711942],[77.6434394,12.871144],[77.6434609,12.8711409],[77.6436029,12.87112],[77.6437273,12.8711017],[77.6447758,12.8709478],[77.6463211,12.8707034],[77.6472134,12.8706077],[77.647515,12.8706078],[77.6480005,12.8706081],[77.6481586,12.8706082],[77.6483158,12.8706082],[77.6483341,12.8706083],[77.6490398,12.8706177],[77.6492419,12.8706204],[77.6503759,12.8706355],[77.6507939,12.8706175],[77.6517076,12.8705781],[77.6517784,12.8705751],[77.6526763,12.8705364],[77.6528695,12.8705362],[77.6529184,12.8704743],[77.6530401,12.8703203],[77.6533361,12.8699456],[77.6534248,12.8698333],[77.6535344,12.8696945],[77.6536022,12.8696969],[77.6537822,12.8697032],[77.6538758,12.8697065],[77.6541381,12.8697158],[77.654331,12.8697199],[77.654691,12.8697276],[77.6547151,12.8697281],[77.6551381,12.8697449],[77.6552643,12.8697497],[77.6552732,12.8697501],[77.6553226,12.869752],[77.6553518,12.8697531],[77.6554967,12.8697465],[77.6555617,12.8697435],[77.6557025,12.8697407],[77.65585,12.8697524],[77.6559148,12.8697571],[77.6559202,12.8697574],[77.656049,12.8697667],[77.6561067,12.8697709],[77.6562025,12.8697778],[77.6563852,12.8697863],[77.6564153,12.8697877],[77.6564161,12.8698064],[77.6564178,12.8698505],[77.6564374,12.870342],[77.6564402,12.870413],[77.6564315,12.8705526],[77.6567519,12.870514],[77.6568221,12.8705056],[77.6576423,12.8704067],[77.657714,12.8707626],[77.6577188,12.8707865],[77.6577241,12.870813],[77.6578188,12.8712478],[77.657872,12.8714933],[77.6578832,12.8715519],[77.6578878,12.8715759],[77.6579094,12.8716886],[77.6579581,12.8719314],[77.6579733,12.8720257],[77.6579844,12.8723038],[77.6579862,12.8723481],[77.6579972,12.8726222],[77.6575503,12.8726581],[77.6574489,12.872679],[77.6574083,12.8726874],[77.6573222,12.8727051],[77.6571324,12.8727425],[77.6571203,12.8727449],[77.6570718,12.8727544],[77.6568701,12.8727941],[77.6567093,12.872825],[77.6565683,12.8728535],[77.6563937,12.8728995],[77.6562408,12.8729398],[77.6561488,12.8729662],[77.6560079,12.8730067],[77.6557599,12.8730727],[77.6546196,12.8733857],[77.6546054,12.8733897],[77.6545487,12.8734078],[77.6543133,12.8734884],[77.6540847,12.8735666],[77.6541037,12.8737305],[77.6541413,12.8738608],[77.6542029,12.8740698],[77.6542484,12.8742102],[77.6542712,12.8742816],[77.6542924,12.8743478],[77.6543101,12.8744032],[77.6543854,12.8746783],[77.6544293,12.8748426],[77.6544819,12.8750179],[77.6545553,12.8752385],[77.6546018,12.8753485],[77.6546678,12.8755018],[77.6546901,12.8755796],[77.6546907,12.8755828],[77.6547055,12.8756572],[77.6547215,12.8757378],[77.6547636,12.8762938],[77.6547954,12.8768006],[77.6548017,12.8769012],[77.6547873,12.8768934],[77.6547252,12.87686],[77.6546183,12.8768024],[77.6545359,12.876758],[77.6542646,12.8766014],[77.6538199,12.8763469],[77.6535962,12.8764766],[77.6534475,12.8765629],[77.6533324,12.8768154],[77.6533242,12.8768334],[77.6532839,12.8769217],[77.653312,12.8771077],[77.6533411,12.8772999],[77.6533418,12.8773193],[77.6533442,12.8773805],[77.6533444,12.8773842],[77.6533568,12.8777008],[77.6533427,12.8780248],[77.6540277,12.8784211],[77.6540178,12.8784374],[77.6539694,12.8785167],[77.6539282,12.8785842],[77.6538057,12.8788323],[77.6537748,12.8788949],[77.6537685,12.8789028],[77.6537134,12.8789724],[77.6534171,12.8795487],[77.6531511,12.8800643],[77.6531266,12.8801119],[77.6530692,12.8802232],[77.6527378,12.880869],[77.6526234,12.8810966],[77.6525827,12.8811894],[77.652551,12.8812761],[77.6525323,12.8813456],[77.652516,12.881406],[77.6524922,12.8814948],[77.6524166,12.881752],[77.6523842,12.8818476],[77.6523396,12.8819245],[77.6522035,12.8820879],[77.6519945,12.8822766],[77.6518772,12.8823715],[77.6518379,12.8823956],[77.6517546,12.8824415],[77.6517334,12.8824485],[77.6517217,12.8824523],[77.6515496,12.8825092],[77.651303,12.8825723],[77.6511292,12.8826168],[77.650994,12.8826515],[77.6506553,12.8827382],[77.6504178,12.8828021],[77.6502436,12.8828616],[77.6500816,12.8829274],[77.6499341,12.8830033],[77.649813,12.883094],[77.6496703,12.8832367],[77.6496201,12.883289],[77.6495836,12.883332],[77.649471,12.8834817],[77.6494571,12.8835002],[77.6494328,12.8835326],[77.6493702,12.8836588],[77.6493563,12.8836868],[77.6493417,12.8837373],[77.6493353,12.8837594],[77.6493164,12.8840653],[77.6493155,12.8842474],[77.6493096,12.8844825],[77.6493036,12.8847156],[77.6493125,12.8848265],[77.6493233,12.8849619],[77.6493413,12.8851879],[77.6493467,12.8852548],[77.6493616,12.885404],[77.649421,12.8859981],[77.6494692,12.8864412],[77.6494819,12.8865584],[77.6494819,12.8865585],[77.6495547,12.8872018],[77.6495923,12.8875699],[77.649602,12.8876648],[77.6496062,12.8877065],[77.6496015,12.8877733],[77.6495772,12.8878123],[77.6495587,12.887842],[77.6495294,12.8878826],[77.6494898,12.8879377],[77.6494584,12.8879813],[77.6493852,12.8880802],[77.6492713,12.8882343],[77.6492629,12.8882458],[77.6491631,12.8883941],[77.6491437,12.8884349],[77.6491365,12.8885056],[77.6491355,12.888624],[77.649056,12.8886093],[77.6481834,12.888448],[77.6479039,12.8883892],[77.6478635,12.8883807],[77.6475023,12.8883048],[77.646847,12.888248],[77.6467501,12.8882383],[77.6463702,12.8880497],[77.6463646,12.8880469],[77.646349,12.8880392],[77.6463314,12.8880304],[77.6460672,12.8878993],[77.6458857,12.8877896],[77.6458169,12.8877305],[77.6456668,12.8876324],[77.6452389,12.8873527],[77.6450407,12.8872002],[77.6449104,12.887102],[77.6448957,12.8870909],[77.6447641,12.8869918],[77.6436113,12.8862505],[77.6435631,12.886225],[77.6435141,12.886199],[77.643149,12.8860055],[77.6430845,12.8859714],[77.6429249,12.8859028],[77.6428129,12.8858546],[77.6426168,12.8858021],[77.6424582,12.8857595],[77.6423748,12.8857371],[77.6419981,12.8863378],[77.6419808,12.8863655],[77.641302,12.8874479],[77.6412753,12.8874905],[77.6406454,12.8884951],[77.6405747,12.888608],[77.6402272,12.8891621],[77.6402244,12.8891662],[77.6401616,12.8892603],[77.6405379,12.8893931],[77.6412425,12.8896418],[77.6412426,12.8896419],[77.6415766,12.8897574],[77.6419792,12.8898967],[77.6424593,12.8900729],[77.6431541,12.890328],[77.6431951,12.890343],[77.6437196,12.890536],[77.6437927,12.8905628],[77.6437833,12.890599],[77.6437631,12.8907267],[77.6437605,12.890894],[77.6438002,12.8911869],[77.643821,12.8913198],[77.6438551,12.8914213],[77.6439158,12.8915594],[77.6439512,12.8916503],[77.6439659,12.891688],[77.6440771,12.891974],[77.6441178,12.8920378],[77.6441708,12.8920709],[77.6446557,12.8922553],[77.6449093,12.8922233],[77.6455698,12.8921235],[77.6456145,12.8921168],[77.6459833,12.892061],[77.6464884,12.8919665],[77.6465316,12.8919584],[77.6464325,12.891226],[77.6471165,12.8911245],[77.6473814,12.8910798],[77.647545,12.8910718],[77.6475776,12.8910702],[77.6482732,12.891036],[77.6486132,12.8910054],[77.6489231,12.8909774],[77.6490783,12.8909634],[77.6490767,12.8909821],[77.6490809,12.8910448],[77.6491051,12.8911181],[77.6492868,12.8914528],[77.649354,12.891568],[77.6495554,12.8919219],[77.6497051,12.8921773],[77.6497525,12.8922548],[77.6498028,12.892337],[77.6498445,12.8924052],[77.650032,12.892738],[77.6502195,12.8931017],[77.6502794,12.8931979],[77.6503651,12.8932703],[77.6505148,12.8933815],[77.6507097,12.8935184],[77.6507917,12.8935706],[77.6512706,12.8938461],[77.651703,12.8941225],[77.6517834,12.8941739],[77.6517936,12.8941796],[77.6522529,12.8944333],[77.6525315,12.8945657],[77.6526626,12.8946166],[77.6528682,12.8946319],[77.6530465,12.8946247],[77.6534597,12.8945936],[77.6535255,12.8945817],[77.6535711,12.8945768],[77.6536091,12.8945717],[77.6538014,12.8945459],[77.6539136,12.8945256],[77.6541572,12.8944816],[77.6542002,12.8944703],[77.6542469,12.8944555],[77.6543343,12.894426],[77.6544086,12.8944009],[77.6545063,12.8943592],[77.6545245,12.8943514],[77.6546636,12.8942786],[77.6547166,12.8942508],[77.654782,12.8942166],[77.6550552,12.8940736],[77.6552172,12.8939927],[77.6553325,12.8939531],[77.655412,12.893937],[77.6556169,12.8938957],[77.6560189,12.8938265],[77.6560285,12.8938248],[77.6560716,12.8938174],[77.6562881,12.8937919],[77.6564698,12.8938015],[77.6565336,12.8938183],[77.6567092,12.8938918],[77.6568651,12.8939797],[77.6569431,12.8940237],[77.6569687,12.8940382],[77.6569775,12.8940432],[77.6569891,12.8940531],[77.6570517,12.8941063],[77.6571019,12.8941491],[77.6571461,12.8941473],[77.6571907,12.8941455],[77.6571994,12.8941451],[77.6571995,12.8941451],[77.6574282,12.8941358],[77.6575004,12.8941331],[77.6575489,12.8941363],[77.6576444,12.8941509],[77.6577513,12.8941753],[77.6577931,12.8941848],[77.6582457,12.8942975],[77.6583163,12.8943152],[77.6583254,12.8943175],[77.6584225,12.8943418],[77.6584605,12.8943514],[77.658626,12.8943929],[77.6590128,12.8944789],[77.6590155,12.8944795],[77.6592049,12.8945192],[77.6592201,12.8945224],[77.6595119,12.8945836],[77.6595913,12.8946039],[77.6597142,12.8946351],[77.6598347,12.8946658],[77.6598738,12.8946758],[77.6599687,12.8946887],[77.660168,12.8947159],[77.6603227,12.8947133],[77.6604159,12.8947116],[77.66073,12.8946834],[77.6610074,12.8946511],[77.6613814,12.8946075],[77.661394,12.8946062],[77.6614053,12.8946051],[77.6616954,12.8945755],[77.6620545,12.8945436],[77.6624936,12.8944814],[77.6625944,12.8944658],[77.6626035,12.8944644],[77.6626176,12.8944622],[77.6628232,12.8944303],[77.6628365,12.8944282],[77.6630008,12.8944028],[77.6631388,12.8943783]]]}},{"type":"Feature","properties":{"KGISSub_DivisionID":12,"Sub_DivisionName":"SE5"},"geometry":{"type":"Polygon","coordinates":[[[77.6940847,12.9494717],[77.6941195,12.949466],[77.6941561,12.9494727],[77.6943177,12.9495018],[77.6943929,12.9495151],[77.6945607,12.9495445],[77.6946183,12.9495545],[77.6946339,12.9495571],[77.6946397,12.9495581],[77.6950215,12.9496228],[77.6951707,12.9495513],[77.6955845,12.949499],[77.6959988,12.9494471],[77.6961015,12.9493569],[77.6964806,12.9490249],[77.6966792,12.9489029],[77.6972922,12.9487127],[77.6973024,12.9487094],[77.6975525,12.9486297],[77.6976039,12.9486006],[77.6977257,12.9485319],[77.6981888,12.9481738],[77.6982024,12.9481675],[77.6986658,12.947952],[77.6989866,12.9478127],[77.6990337,12.9477922],[77.6990147,12.947736],[77.6990108,12.9477244],[77.6990061,12.9477104],[77.6989901,12.947663],[77.69899,12.9476627],[77.6989875,12.9476554],[77.6988117,12.947134],[77.6986331,12.9466214],[77.6978738,12.9444421],[77.6976754,12.9438536],[77.6976158,12.9438813],[77.6975936,12.9438916],[77.6969398,12.9441953],[77.6966271,12.9442679],[77.6962904,12.9443401],[77.6962588,12.9443468],[77.6959551,12.944377],[77.6955665,12.9444157],[77.6952966,12.9443463],[77.6951553,12.9442542],[77.6950707,12.9441813],[77.6949567,12.9441226],[77.6943015,12.9437851],[77.6932575,12.9435061],[77.6931754,12.9433813],[77.6931182,12.9432944],[77.6925021,12.9426701],[77.6924618,12.9426292],[77.6923037,12.942469],[77.6920707,12.942123],[77.6917343,12.9416232],[77.6915139,12.9411423],[77.6914549,12.9410138],[77.6913338,12.9407494],[77.6906788,12.9398719],[77.6904965,12.9397901],[77.6904684,12.9397729],[77.6902059,12.9396113],[77.6900136,12.9394929],[77.6899625,12.9394721],[77.689928,12.9394698],[77.6898587,12.9394661],[77.6898086,12.9394598],[77.6898059,12.9394791],[77.689621,12.93944],[77.6895668,12.9394345],[77.6895661,12.9394344],[77.6895258,12.9394239],[77.6894451,12.9394028],[77.6892548,12.9393625],[77.6891163,12.9393168],[77.688611,12.93915],[77.6884648,12.9391018],[77.6884331,12.9392544],[77.6880097,12.9412938],[77.6879258,12.9412705],[77.6879251,12.9412728],[77.6874892,12.9411491],[77.686777,12.940947],[77.6859957,12.9407253],[77.6858948,12.9403284],[77.685687,12.9400308],[77.6851695,12.9395963],[77.6854787,12.9383167],[77.6840466,12.9379676],[77.6829421,12.9374848],[77.682497,12.9371038],[77.6821338,12.9363246],[77.6817317,12.9359109],[77.6816004,12.9354268],[77.6813278,12.9347792],[77.6813443,12.9343647],[77.6813347,12.9332399],[77.6816707,12.9327268],[77.6816775,12.9327163],[77.6819114,12.9327745],[77.6819477,12.9322414],[77.6819896,12.9316275],[77.682,12.9315658],[77.6819698,12.9314802],[77.6815624,12.9315106],[77.6815173,12.9315151],[77.6815049,12.9315149],[77.6812671,12.93151],[77.6812104,12.9315071],[77.6811796,12.9314623],[77.6813786,12.9308209],[77.6813637,12.9304962],[77.6813454,12.9303863],[77.6813984,12.9302777],[77.6814066,12.9302333],[77.6813464,12.9302266],[77.6810795,12.9301933],[77.6809805,12.9301786],[77.6808403,12.9301493],[77.6807008,12.9301201],[77.6806987,12.9299972],[77.6807101,12.9299248],[77.6807159,12.9298877],[77.6815114,12.929981],[77.6816337,12.9300422],[77.681677,12.9300639],[77.6818511,12.9300085],[77.681925,12.9299809],[77.6819655,12.9296482],[77.6819719,12.9293603],[77.681884,12.9288927],[77.6818402,12.928873],[77.6817006,12.9288102],[77.6813415,12.9287419],[77.6814053,12.9286901],[77.681411,12.9286854],[77.6814076,12.9286186],[77.6813985,12.9284437],[77.681407,12.928405],[77.6814158,12.9283649],[77.6814144,12.9283343],[77.6814143,12.9283343],[77.6812035,12.9282351],[77.6796351,12.9274972],[77.6786858,12.9270506],[77.6785451,12.9269811],[77.6779178,12.9266714],[77.6778555,12.9266406],[77.6776966,12.9265622],[77.6775815,12.9265074],[77.6763633,12.9259279],[77.6752647,12.925381],[77.6739729,12.9247366],[77.6712765,12.9235112],[77.6706718,12.9232364],[77.6704242,12.9231206],[77.66981,12.9228393],[77.6688137,12.9223732],[77.6688136,12.9223732],[77.6673872,12.9216736],[77.6656442,12.9208429],[77.6655803,12.9208154],[77.6655026,12.9207885],[77.6653429,12.9207372],[77.6652601,12.9207201],[77.6651419,12.9206958],[77.6651332,12.9206968],[77.6651285,12.9206967],[77.6650024,12.9206936],[77.6648725,12.9206905],[77.6648504,12.92069],[77.6648319,12.920692],[77.6647658,12.920699],[77.6647334,12.9207024],[77.6646312,12.9207202],[77.6644041,12.9207764],[77.6643694,12.920785],[77.6643628,12.9207866],[77.6643449,12.9207911],[77.6641381,12.9208423],[77.6637132,12.9209679],[77.6635898,12.9209999],[77.6631265,12.9211202],[77.6628731,12.9212029],[77.6623956,12.9213588],[77.6618388,12.9214813],[77.6614808,12.9215689],[77.6614123,12.9215844],[77.6613944,12.9215887],[77.6613241,12.9216054],[77.6612651,12.9216194],[77.6605939,12.9217789],[77.6603048,12.9218567],[77.6600818,12.9219167],[77.6596886,12.9220583],[77.6593673,12.9221693],[77.6591461,12.9222458],[77.6587963,12.9223632],[77.6586545,12.9224156],[77.6582925,12.9225406],[77.6577487,12.9227502],[77.6571691,12.9229643],[77.6554665,12.9235208],[77.6551393,12.9235901],[77.6551095,12.9235964],[77.6539799,12.9238354],[77.6535441,12.9239276],[77.6534656,12.9239435],[77.6530262,12.9240323],[77.6529697,12.9240438],[77.6519721,12.9242455],[77.6518371,12.9242705],[77.6517976,12.9242778],[77.6517978,12.9242788],[77.6517982,12.9242806],[77.6512292,12.9243957],[77.6511747,12.9244049],[77.6511168,12.9244148],[77.6507987,12.9244589],[77.6507202,12.9244639],[77.6505125,12.9244754],[77.6503801,12.9244828],[77.6503377,12.9244851],[77.6502832,12.924484],[77.6498936,12.9244756],[77.6498234,12.9244741],[77.6495926,12.9244692],[77.6486761,12.9243799],[77.6485603,12.9243686],[77.6483103,12.9243463],[77.6482831,12.9243439],[77.648264,12.9243422],[77.6482098,12.924329],[77.6480058,12.9242753],[77.647924,12.9242497],[77.6479121,12.9242471],[77.6478979,12.9242422],[77.6478788,12.9242355],[77.6477948,12.9242063],[77.6476509,12.9241562],[77.6475999,12.9241284],[77.6475631,12.9241084],[77.6474467,12.9240451],[77.6472611,12.923944],[77.6469029,12.9237358],[77.6468059,12.923676],[77.646652,12.9235906],[77.6465765,12.9235253],[77.6464967,12.9234563],[77.6459434,12.9229777],[77.6454842,12.9225586],[77.6451517,12.9222551],[77.6450789,12.9221886],[77.645056,12.9221677],[77.6448598,12.9219708],[77.6445832,12.9216931],[77.6445801,12.92169],[77.6444932,12.9215888],[77.6442491,12.9213042],[77.6438739,12.9208603],[77.6432263,12.9200735],[77.6431868,12.9200219],[77.6431349,12.9199598],[77.6422312,12.9187865],[77.6418323,12.9182686],[77.6416646,12.9180936],[77.6411253,12.9175528],[77.6404226,12.9169177],[77.6402322,12.9167523],[77.6400534,12.9166123],[77.63998,12.9165623],[77.6394229,12.9162819],[77.6391473,12.9161779],[77.6389351,12.9161073],[77.638451,12.915972],[77.6381916,12.9159422],[77.6381689,12.9159403],[77.6381572,12.9159393],[77.6381498,12.9159386],[77.6380533,12.9159368],[77.6379435,12.9159393],[77.637827,12.9159447],[77.6377359,12.915951],[77.6376007,12.9159665],[77.6374375,12.9159905],[77.6372701,12.9160192],[77.6370703,12.9160509],[77.636859,12.9160855],[77.6366355,12.9161176],[77.6363465,12.9161572],[77.6361581,12.9161789],[77.6348263,12.9163027],[77.6342535,12.9163604],[77.6338442,12.9163963],[77.6336948,12.9164094],[77.6333529,12.9164393],[77.6332585,12.9164476],[77.6328938,12.9164795],[77.6327671,12.9164937],[77.6323348,12.916542],[77.6320317,12.9165758],[77.6317261,12.9166065],[77.6316659,12.916613],[77.6315201,12.9166288],[77.6314453,12.9166369],[77.6309991,12.9166647],[77.6309589,12.9166672],[77.6305463,12.916693],[77.6304805,12.9166963],[77.6302455,12.916708],[77.6301716,12.9167117],[77.6299478,12.9167229],[77.6292456,12.916758],[77.6292122,12.9167596],[77.6287341,12.9167894],[77.6286444,12.9167999],[77.6283461,12.9168687],[77.6275849,12.9170916],[77.6275848,12.9170917],[77.6263563,12.9174649],[77.6261664,12.9175286],[77.6261254,12.9175419],[77.6260882,12.9175539],[77.6260576,12.9175638],[77.6259686,12.9175858],[77.6259208,12.9175971],[77.6258547,12.9176129],[77.6256782,12.9176463],[77.6256129,12.9176542],[77.6255088,12.9176634],[77.6254275,12.9176671],[77.6253031,12.9176728],[77.6249823,12.9176776],[77.6248719,12.9176739],[77.6248533,12.9176732],[77.6247672,12.9176684],[77.6247321,12.9176651],[77.6246969,12.9176618],[77.6246754,12.9176591],[77.6245827,12.9176476],[77.6243916,12.9176165],[77.6243916,12.9176146],[77.6243806,12.9176147],[77.6239624,12.9175425],[77.623959,12.9175419],[77.623926,12.9175362],[77.6237853,12.917512],[77.623726,12.9175018],[77.6236969,12.9174967],[77.6236858,12.9174948],[77.623286,12.9174259],[77.6232433,12.9174185],[77.6227549,12.9173084],[77.6227547,12.9173084],[77.622363,12.9179291],[77.6223629,12.9179292],[77.6221964,12.9181942],[77.6221334,12.9182927],[77.62202,12.9184697],[77.6219838,12.9185223],[77.6219394,12.9185866],[77.6218519,12.9187135],[77.6217546,12.9188482],[77.6216857,12.9189331],[77.6215714,12.9190817],[77.6214643,12.9192112],[77.6213957,12.9193073],[77.6213664,12.9193482],[77.6210341,12.9198133],[77.6209498,12.9199519],[77.6205658,12.9205836],[77.6205253,12.9206502],[77.6204114,12.9208408],[77.6203588,12.9209414],[77.6203293,12.9210104],[77.620233,12.9211844],[77.6190288,12.923169],[77.6188092,12.9234979],[77.6186027,12.9237975],[77.6181143,12.9245936],[77.6179328,12.9248859],[77.6173446,12.9258332],[77.6171364,12.9261685],[77.6171235,12.9261895],[77.6168547,12.9266263],[77.6168304,12.9266659],[77.6166104,12.9270234],[77.6163264,12.9274849],[77.61628,12.9275642],[77.6159377,12.9281322],[77.6157963,12.9283668],[77.6153315,12.9291379],[77.6152547,12.9292745],[77.6152332,12.9293127],[77.6152247,12.9293279],[77.6151675,12.9294106],[77.6149563,12.9297161],[77.6148497,12.9298818],[77.6146853,12.9301373],[77.6142496,12.9308875],[77.6142469,12.9308923],[77.6142284,12.9309239],[77.6142283,12.930924],[77.6139196,12.9314614],[77.6139075,12.931523],[77.6138956,12.931568],[77.6138676,12.9316736],[77.6138653,12.9316822],[77.6138532,12.9317038],[77.6137815,12.931832],[77.6137639,12.9318635],[77.6136871,12.9320008],[77.6131709,12.932891],[77.6129127,12.9333624],[77.6127174,12.9337191],[77.6123777,12.9343175],[77.6123776,12.9343177],[77.6123262,12.934407],[77.6121196,12.9347665],[77.6120789,12.9348423],[77.6118464,12.9352754],[77.6118115,12.9353403],[77.6118103,12.9353426],[77.6111846,12.9365039],[77.6111845,12.936504],[77.6111138,12.9366345],[77.6110456,12.9367606],[77.6109678,12.9369043],[77.6109628,12.9369136],[77.6107001,12.937399],[77.6106252,12.9375373],[77.6105112,12.9377481],[77.6104531,12.9378554],[77.6102512,12.9382285],[77.6101935,12.9383351],[77.6101791,12.9383618],[77.609727,12.939229],[77.6094304,12.9398404],[77.6093452,12.9399915],[77.6093451,12.9399916],[77.609187,12.9402652],[77.6087014,12.9411514],[77.6086088,12.9413324],[77.6083714,12.9417961],[77.608251,12.9420318],[77.6081679,12.9422088],[77.6080312,12.9425624],[77.6079111,12.9429607],[77.6077949,12.9433926],[77.6077016,12.9437245],[77.607592,12.9440287],[77.607589,12.944037],[77.6074591,12.9444612],[77.6074457,12.944505],[77.6074121,12.9446147],[77.60739,12.9446871],[77.6073849,12.9447035],[77.6073365,12.9448791],[77.6073219,12.944932],[77.6072348,12.9452472],[77.6072233,12.945289],[77.6072596,12.9452742],[77.6072773,12.9452695],[77.6079657,12.9450852],[77.6081724,12.9448035],[77.6081794,12.9448041],[77.6082618,12.9448114],[77.6083187,12.9448164],[77.6084774,12.9448459],[77.6085114,12.9448557],[77.6086534,12.9448967],[77.6087467,12.9449579],[77.6088908,12.9449595],[77.6089709,12.9449604],[77.6093646,12.9449752],[77.6093732,12.9449755],[77.609416,12.9449726],[77.6103095,12.944927],[77.6104238,12.9449414],[77.6107388,12.944981],[77.6104821,12.9438742],[77.6105292,12.9438546],[77.6105739,12.94383],[77.6106108,12.9438069],[77.6106167,12.9438032],[77.6107674,12.943709],[77.6108009,12.9436902],[77.6108058,12.9436875],[77.6108461,12.9436696],[77.6109399,12.9436334],[77.6112295,12.943541],[77.6114454,12.9434736],[77.6114799,12.9434643],[77.6115151,12.9434576],[77.6117559,12.9434213],[77.6118502,12.9434112],[77.6120221,12.9433929],[77.6120411,12.9433898],[77.6120596,12.9433849],[77.6122109,12.9433362],[77.6124839,12.9432515],[77.6125162,12.943242],[77.6126676,12.9431976],[77.6126949,12.9431896],[77.612805,12.9431577],[77.6128945,12.9431317],[77.6129063,12.9431279],[77.6130601,12.943072],[77.6130837,12.9430614],[77.6131056,12.9430478],[77.6132138,12.9429692],[77.6132553,12.9429373],[77.6132743,12.9429244],[77.6132948,12.942914],[77.6133667,12.9428829],[77.6133904,12.9428745],[77.6135228,12.9428375],[77.6136344,12.9428041],[77.6136673,12.9427957],[77.6139267,12.9427007],[77.6139671,12.9426859],[77.6141308,12.9426234],[77.6141514,12.9426156],[77.6141683,12.9426091],[77.6142278,12.9426709],[77.6145813,12.9429565],[77.6154674,12.9430809],[77.6155366,12.9433808],[77.6156171,12.9437298],[77.615618,12.9437333],[77.6156182,12.9437333],[77.6156369,12.9437355],[77.6156531,12.9437374],[77.6160647,12.9437852],[77.6161775,12.9438115],[77.6162056,12.9438324],[77.6162348,12.943856],[77.6162618,12.9438819],[77.6164202,12.9440461],[77.616505,12.9441277],[77.6165379,12.9441629],[77.616566,12.9442001],[77.6165669,12.9442013],[77.6165915,12.9442425],[77.6166125,12.9442823],[77.6166777,12.9444368],[77.6166918,12.94447],[77.6167033,12.9444974],[77.6168023,12.9447718],[77.6168082,12.9447849],[77.6168162,12.9447969],[77.616826,12.9448075],[77.6168374,12.9448165],[77.6168561,12.9448289],[77.616878,12.9448435],[77.6168891,12.9448522],[77.6168988,12.9448624],[77.6169067,12.944874],[77.6169126,12.9448867],[77.6169263,12.9449225],[77.616934,12.9449429],[77.6168765,12.9449677],[77.6168368,12.944985],[77.6167857,12.9450097],[77.6167057,12.945072],[77.6166768,12.9450945],[77.6166656,12.9451032],[77.6166167,12.9451603],[77.6165439,12.9452883],[77.6164464,12.9455608],[77.6164394,12.9455803],[77.6163659,12.9456582],[77.6162375,12.9460553],[77.6162097,12.9460534],[77.6161927,12.9460523],[77.6161708,12.9460508],[77.6161633,12.9460503],[77.6161455,12.9461131],[77.6161392,12.9461459],[77.6160903,12.9464025],[77.6160858,12.9464775],[77.6160578,12.9469391],[77.6161218,12.9472173],[77.6162846,12.947643],[77.6164208,12.9484274],[77.6168029,12.9488947],[77.616809,12.9489021],[77.6168676,12.9489737],[77.6169741,12.9491039],[77.617041,12.9491515],[77.6172563,12.9490633],[77.617259,12.9490622],[77.6172718,12.9490569],[77.6172793,12.9490515],[77.6173044,12.949033],[77.617944,12.9486301],[77.618428,12.948344],[77.6184647,12.9483218],[77.6186057,12.9482376],[77.6188094,12.9481179],[77.6188783,12.9480759],[77.6191419,12.9479153],[77.6193377,12.9477997],[77.6194644,12.9477195],[77.6194701,12.9477159],[77.6194898,12.9477035],[77.6195041,12.9477288],[77.6195711,12.9478472],[77.6195736,12.9478517],[77.6197048,12.9480924],[77.6197304,12.9481393],[77.6198341,12.9483248],[77.6198615,12.9483737],[77.6200721,12.9487504],[77.6201172,12.9488311],[77.6202347,12.9490412],[77.620323,12.9492003],[77.6203396,12.9492303],[77.6203597,12.9492665],[77.6204791,12.9494816],[77.6205036,12.9495257],[77.6205496,12.9496087],[77.6205767,12.9496576],[77.6206542,12.9497972],[77.6206641,12.9498149],[77.6208049,12.9500688],[77.6208116,12.9500807],[77.6213587,12.9497374],[77.6213916,12.9496833],[77.6213995,12.9495637],[77.6214172,12.9495097],[77.6214532,12.9494586],[77.6217991,12.9493206],[77.6219868,12.9492082],[77.6221767,12.9490181],[77.6223806,12.9487595],[77.6228032,12.9482323],[77.6229315,12.9480722],[77.6229435,12.9480572],[77.6229597,12.9480242],[77.6230644,12.9478105],[77.6230741,12.9478053],[77.6233687,12.9476475],[77.623699,12.9473613],[77.6238029,12.9472179],[77.6239791,12.9465887],[77.6239534,12.9464925],[77.6239411,12.9464462],[77.6239361,12.9464276],[77.6239849,12.9464047],[77.6242154,12.9462966],[77.6242824,12.9462625],[77.6243077,12.946216],[77.6244019,12.9461443],[77.6244596,12.9461004],[77.6245448,12.9460429],[77.6245841,12.946018],[77.6246084,12.9460054],[77.624648,12.9459831],[77.6246613,12.9459757],[77.6247403,12.9459272],[77.6248386,12.9458669],[77.6248531,12.9458584],[77.6248937,12.9458346],[77.6249171,12.945821],[77.6249643,12.9458066],[77.6251544,12.9457079],[77.6251677,12.9457003],[77.6252921,12.9456262],[77.6253408,12.9456008],[77.6253781,12.9455812],[77.6254487,12.9455571],[77.6254617,12.9455498],[77.6254885,12.9455292],[77.6255286,12.945498],[77.6255389,12.9454898],[77.6255855,12.9454528],[77.6256307,12.9454278],[77.6256644,12.9454137],[77.6257258,12.9453947],[77.6258183,12.9453528],[77.6259037,12.9453069],[77.6259144,12.9453012],[77.6259805,12.9452754],[77.6260203,12.9452558],[77.6260556,12.9452368],[77.6260686,12.9452299],[77.6261042,12.9452153],[77.6261693,12.9451886],[77.6261882,12.9451821],[77.6262253,12.9451693],[77.6262358,12.9451657],[77.6262405,12.9451644],[77.62624,12.9451516],[77.6262377,12.9450877],[77.6262467,12.9450143],[77.626258,12.9449322],[77.6262616,12.944906],[77.6262657,12.9448754],[77.6262877,12.9447563],[77.6262954,12.944714],[77.6263171,12.9445955],[77.6263213,12.9445805],[77.6263216,12.9445794],[77.6263233,12.9445736],[77.626337,12.9445245],[77.6263394,12.9445157],[77.6263766,12.9444124],[77.6264027,12.9443448],[77.6264617,12.9441864],[77.6264855,12.944121],[77.6265083,12.9440594],[77.6265192,12.9440318],[77.6265206,12.9439893],[77.6264967,12.9437274],[77.6264638,12.9434091],[77.6264619,12.9433945],[77.6264584,12.9433667],[77.6264557,12.9433311],[77.6261609,12.9416945],[77.6265686,12.9415362],[77.6267003,12.9414678],[77.626794,12.9414192],[77.626881,12.9413466],[77.6269514,12.9410999],[77.626994,12.9405735],[77.6270077,12.9405249],[77.6270597,12.9403402],[77.6270915,12.9402394],[77.6271175,12.9402109],[77.6271448,12.9401939],[77.6271889,12.9401446],[77.627225,12.9399989],[77.627225,12.9399988],[77.6273317,12.9395636],[77.6273675,12.939399],[77.6274268,12.939176],[77.627566,12.9388848],[77.6275724,12.9388631],[77.627651,12.9385971],[77.6277389,12.9383499],[77.6277618,12.9382647],[77.6277781,12.9382657],[77.6287252,12.9383253],[77.628771,12.9383282],[77.6287516,12.938321],[77.6287383,12.9383161],[77.6286855,12.9382966],[77.6288235,12.9383417],[77.62903,12.9384092],[77.6292607,12.9384847],[77.6293893,12.9385122],[77.6297875,12.9385192],[77.6298292,12.9385177],[77.6302994,12.938501],[77.6307134,12.9384924],[77.6307627,12.9384914],[77.6311468,12.9385089],[77.631457,12.938523],[77.6321761,12.9385389],[77.6324191,12.9385322],[77.6325873,12.9385276],[77.6327385,12.9385234],[77.6334151,12.9385048],[77.6335087,12.938507],[77.6335383,12.9385076],[77.6338691,12.9385153],[77.6341424,12.9385533],[77.6341979,12.938568],[77.6344631,12.9386384],[77.6347921,12.9387556],[77.6348187,12.9387684],[77.6350999,12.9389039],[77.6352813,12.9389913],[77.6353699,12.9390573],[77.6358659,12.9394266],[77.6358897,12.9394444],[77.6360837,12.9396554],[77.6361152,12.9396896],[77.6361466,12.9397238],[77.6362886,12.939897],[77.6363683,12.9400212],[77.6377426,12.942228],[77.6378224,12.9423561],[77.6380484,12.9427231],[77.6388549,12.9440325],[77.639325,12.9447925],[77.6396195,12.9452686],[77.6399585,12.945825],[77.6401118,12.9460767],[77.6407816,12.9472396],[77.6407872,12.9472502],[77.6408074,12.9473079],[77.6408387,12.9474386],[77.6408424,12.9474601],[77.6408489,12.9475433],[77.6408472,12.9477819],[77.6408386,12.9478283],[77.6407999,12.9479923],[77.6407723,12.9480684],[77.6405658,12.9484271],[77.6401777,12.9487731],[77.6399031,12.9490259],[77.6398151,12.949105],[77.6397171,12.9491932],[77.6396469,12.9492554],[77.6396459,12.9492572],[77.6396376,12.9492647],[77.6396221,12.9492786],[77.6396234,12.9492787],[77.6396326,12.9492796],[77.6396858,12.9492851],[77.6396933,12.9492858],[77.6397035,12.9492869],[77.6400306,12.9493202],[77.6403842,12.9493563],[77.6404257,12.9493606],[77.6411697,12.9491552],[77.6416138,12.9490327],[77.6416737,12.9490161],[77.6418078,12.9489133],[77.642189,12.9486211],[77.6431787,12.948424],[77.6431808,12.9484236],[77.6432066,12.9484054],[77.6432555,12.9483711],[77.6433576,12.9482995],[77.6433883,12.9482717],[77.643442,12.9482233],[77.643464,12.9482034],[77.6435053,12.9481504],[77.6435656,12.9480731],[77.6436562,12.9479629],[77.6436836,12.9479302],[77.6437086,12.9479003],[77.6438141,12.9478202],[77.6438344,12.9478048],[77.6438462,12.9477958],[77.6438456,12.9477936],[77.6437305,12.9473461],[77.6437283,12.9473374],[77.6437151,12.9472862],[77.6449952,12.9466613],[77.6450897,12.9464854],[77.6454111,12.9458868],[77.645475,12.9458264],[77.6455753,12.9457314],[77.6458494,12.9455172],[77.6458634,12.9455063],[77.6460523,12.9453587],[77.6465168,12.9449957],[77.6466791,12.9448689],[77.6470813,12.9445546],[77.6482103,12.9436994],[77.6483009,12.9436446],[77.6496412,12.9428342],[77.6506102,12.9421427],[77.6529051,12.9406148],[77.6534985,12.9403946],[77.6544063,12.940058],[77.6548665,12.9398874],[77.6561245,12.9396703],[77.6571043,12.9395012],[77.6572525,12.9391266],[77.6577725,12.9381614],[77.6582541,12.9376156],[77.6597663,12.9375129],[77.6612451,12.9376995],[77.6612475,12.9376998],[77.6615377,12.9388663],[77.6620819,12.9403892],[77.6624639,12.941312],[77.6626366,12.9414221],[77.6627551,12.9414829],[77.6637102,12.9419758],[77.6649191,12.9419838],[77.6652131,12.9416131],[77.6662963,12.9413308],[77.6671397,12.9408326],[77.6679547,12.941015],[77.6685175,12.9411409],[77.6685862,12.9411544],[77.668605,12.9411581],[77.6686816,12.9407159],[77.6686864,12.9406879],[77.668694,12.9406441],[77.668798,12.9400437],[77.6699761,12.9398259],[77.670263,12.9402567],[77.6704882,12.9403159],[77.670531,12.9403242],[77.6709121,12.9403986],[77.6711392,12.9406292],[77.6713662,12.9408599],[77.6714515,12.9409635],[77.6717128,12.9412808],[77.6719721,12.9415959],[77.6725794,12.9415599],[77.6730057,12.9415342],[77.6743576,12.9414838],[77.6752773,12.9414674],[77.6758116,12.9413444],[77.6765667,12.9411628],[77.6769277,12.9411627],[77.6772112,12.9411912],[77.677212,12.9411912],[77.6772128,12.9411913],[77.677293,12.9411994],[77.6777313,12.9416322],[77.6777458,12.9416466],[77.677934,12.9418325],[77.677975,12.9418764],[77.6784057,12.9423383],[77.6786788,12.9426267],[77.6790866,12.9432218],[77.6795472,12.9425459],[77.6794971,12.9424438],[77.6794834,12.9424158],[77.6794153,12.9420854],[77.6792461,12.9416592],[77.6793984,12.9416468],[77.6795868,12.9416314],[77.6796488,12.941627],[77.6796725,12.9416214],[77.6798877,12.9415702],[77.6799038,12.9415696],[77.6800191,12.9415657],[77.680062,12.9416717],[77.6803074,12.9417765],[77.6805065,12.9419218],[77.6806414,12.9420199],[77.6807612,12.9421382],[77.6809079,12.9422451],[77.6811644,12.9419983],[77.681195,12.9419447],[77.6813127,12.9417371],[77.6813435,12.941743],[77.68139,12.9417519],[77.6814526,12.941764],[77.6815587,12.9417854],[77.6816852,12.9418159],[77.6817043,12.9418205],[77.6821571,12.9417995],[77.682252,12.9418028],[77.6824052,12.9418082],[77.682444,12.9418096],[77.6825427,12.9418433],[77.6825486,12.9420018],[77.6825499,12.9420329],[77.6825604,12.942291],[77.682631,12.9424557],[77.6827885,12.9426234],[77.6830559,12.9428474],[77.6836411,12.9431446],[77.6835191,12.9432709],[77.6838441,12.943336],[77.6839355,12.9433787],[77.68422,12.9434574],[77.6842202,12.9434574],[77.6842237,12.9434584],[77.6842607,12.9434985],[77.6844198,12.9436712],[77.684426,12.9436779],[77.6845652,12.9438114],[77.6851579,12.9442393],[77.6857222,12.944463],[77.6858798,12.9445069],[77.6863846,12.9446433],[77.6868158,12.9446325],[77.6868163,12.9446324],[77.6868685,12.9446311],[77.6868236,12.9452302],[77.68691,12.9453707],[77.687269,12.9454948],[77.6874035,12.9455454],[77.6874804,12.9455743],[77.6877716,12.9456837],[77.687785,12.9458286],[77.6877868,12.9458478],[77.6877938,12.9459231],[77.6881341,12.9463865],[77.6882614,12.9465562],[77.6886571,12.9470839],[77.6886398,12.9470899],[77.688489,12.947142],[77.6885692,12.9472375],[77.6888102,12.9475247],[77.688853,12.9476081],[77.6888533,12.9476085],[77.6889371,12.9477718],[77.6890044,12.9481282],[77.6890113,12.9481804],[77.68905,12.9484762],[77.689188,12.9488326],[77.6891041,12.9493598],[77.689134,12.9493877],[77.6892231,12.9494709],[77.6894808,12.9495632],[77.689495,12.9496169],[77.6894951,12.9496175],[77.6896079,12.9500442],[77.6896728,12.9504408],[77.689628,12.9507303],[77.6896437,12.9508385],[77.6896621,12.9511378],[77.6896627,12.9512626],[77.6896632,12.9513873],[77.6896659,12.9514987],[77.6897276,12.9516562],[77.6897874,12.9517244],[77.6897877,12.9517244],[77.6898457,12.9517257],[77.6899746,12.9519233],[77.6899753,12.9519257],[77.6900152,12.9520696],[77.6908213,12.9519128],[77.6911096,12.9509824],[77.691635,12.9507073],[77.6921388,12.9502646],[77.692452,12.950053],[77.6925427,12.9499917],[77.6926128,12.9499419],[77.6926542,12.949863],[77.692693,12.9497884],[77.6932736,12.9497823],[77.6934342,12.949702],[77.6935899,12.9496225],[77.6936706,12.9495806],[77.6937847,12.9495412],[77.6938342,12.9495241],[77.693899,12.9495017],[77.6940847,12.9494717]]]}},{"type":"Feature","properties":{"KGISSub_DivisionID":13,"Sub_DivisionName":"W21"},"geometry":{"type":"MultiPolygon","coordinates":[[[[77.5021222,12.9475349],[77.5027024,12.9466822],[77.5032848,12.9458197],[77.503408,12.9456372],[77.5037224,12.9451716],[77.504363,12.944227],[77.5045911,12.9438906],[77.5047628,12.9436374],[77.5051351,12.9430884],[77.5054782,12.9425824],[77.5057593,12.9421667],[77.505983,12.9417981],[77.5064322,12.9411411],[77.506662,12.9408437],[77.506988,12.9404234],[77.5071976,12.94018],[77.5076452,12.9396343],[77.5077137,12.9395211],[77.5079994,12.9390854],[77.5083485,12.9386074],[77.5085684,12.9382885],[77.5086023,12.9382591],[77.5087077,12.9382093],[77.5091448,12.9380517],[77.5102259,12.9377032],[77.5106462,12.9375681],[77.5111558,12.9373966],[77.5116008,12.9372309],[77.5118052,12.9371021],[77.5120797,12.9368793],[77.512102,12.9368529],[77.5123411,12.9365703],[77.5126162,12.9362282],[77.5127179,12.9360424],[77.5127243,12.9360289],[77.5128637,12.9357323],[77.5129434,12.9355629],[77.5129558,12.9355364],[77.5129601,12.9355375],[77.5132849,12.9356253],[77.5132928,12.9356274],[77.5133842,12.9356521],[77.5134112,12.9356594],[77.5138658,12.9358147],[77.5139743,12.9358518],[77.5140105,12.9358642],[77.5140329,12.9358714],[77.51426,12.9359445],[77.5143049,12.9359589],[77.514966,12.936072],[77.515725,12.9362018],[77.5158467,12.9362196],[77.5163181,12.9362884],[77.5163535,12.9362918],[77.5167148,12.9363271],[77.5170271,12.9363577],[77.5170432,12.9363593],[77.5170612,12.9363597],[77.5176339,12.9363738],[77.5176707,12.9363747],[77.5180047,12.9363831],[77.5183803,12.9363926],[77.518405,12.9363956],[77.5186591,12.9364265],[77.5186744,12.9364284],[77.5188967,12.9364748],[77.5189111,12.9364786],[77.5193349,12.9365909],[77.5196494,12.9366743],[77.5200584,12.9368253],[77.5203585,12.9369754],[77.5204536,12.937023],[77.5205407,12.9370717],[77.5207368,12.9372455],[77.5207609,12.9372704],[77.5208666,12.9373842],[77.5211009,12.9376368],[77.5213557,12.9379113],[77.5214769,12.9380085],[77.5216427,12.9381414],[77.5216576,12.9381533],[77.521662,12.9381563],[77.5225675,12.9387591],[77.5227786,12.9388977],[77.5227787,12.9388977],[77.5228344,12.9389357],[77.5230906,12.9391556],[77.5231058,12.9391696],[77.5232875,12.9393672],[77.5236412,12.9397549],[77.5238383,12.9399709],[77.523917,12.940058],[77.5241361,12.9403004],[77.5242145,12.9403937],[77.524489,12.9407466],[77.5245293,12.940814],[77.5247701,12.9412324],[77.5249332,12.9415158],[77.5250025,12.9416197],[77.5251257,12.9418194],[77.5254826,12.942347],[77.5256639,12.9426104],[77.5260251,12.9431158],[77.5260655,12.94317],[77.5263254,12.943519],[77.5265343,12.9437822],[77.5267545,12.9440581],[77.5267608,12.9440659],[77.5267641,12.9440702],[77.5267661,12.9440725],[77.5271254,12.9444846],[77.5278607,12.9451914],[77.5281305,12.9454507],[77.5283616,12.9453618],[77.5284463,12.9453261],[77.5288534,12.9451545],[77.5289359,12.9451197],[77.528998,12.9450781],[77.5293622,12.944834],[77.5295209,12.9447276],[77.5295883,12.944643],[77.5296512,12.944564],[77.5300109,12.9441127],[77.5301025,12.9439808],[77.5301876,12.9438583],[77.5301994,12.9438414],[77.5302087,12.9438247],[77.5302324,12.9437821],[77.5306517,12.9430302],[77.53074,12.9428717],[77.5309737,12.942448],[77.5311755,12.9420823],[77.5314407,12.9416015],[77.531467,12.9415577],[77.5315523,12.9414007],[77.5315389,12.9413019],[77.5314995,12.9410119],[77.5314344,12.940876],[77.5313744,12.9407921],[77.5313595,12.9407712],[77.5312324,12.9405933],[77.5312217,12.9405678],[77.5312142,12.9405501],[77.5312081,12.9405355],[77.5312008,12.9404629],[77.5312219,12.9403359],[77.5312338,12.9403008],[77.531284,12.9401522],[77.5313068,12.9400952],[77.5313696,12.9399612],[77.5314821,12.9397817],[77.5315811,12.9396238],[77.5315843,12.9396187],[77.5316379,12.9395333],[77.5316624,12.9394906],[77.5317393,12.9393572],[77.5318002,12.9390982],[77.5318083,12.9390639],[77.5318221,12.9388817],[77.5318474,12.9385474],[77.5318711,12.9382339],[77.5318074,12.9380833],[77.5318068,12.9380819],[77.5317842,12.9380066],[77.5317686,12.937955],[77.5317639,12.9379393],[77.5316906,12.9376953],[77.5315961,12.9373144],[77.5315886,12.937284],[77.5315278,12.9370386],[77.5314617,12.9366821],[77.5313811,12.936165],[77.5313653,12.936064],[77.5313506,12.9358232],[77.5313316,12.935512],[77.531325,12.9354036],[77.5313291,12.9352189],[77.531348,12.9343835],[77.531349,12.9343704],[77.5313994,12.9336894],[77.5314009,12.933669],[77.5314696,12.9327404],[77.5315942,12.9311083],[77.5315962,12.9310815],[77.5316511,12.9303489],[77.5316708,12.9300878],[77.5316724,12.9300668],[77.5318249,12.9280578],[77.5319535,12.9280759],[77.5320534,12.9280911],[77.532246,12.9281389],[77.5322786,12.9281439],[77.5324152,12.9281651],[77.5324455,12.9281698],[77.5324547,12.9281702],[77.5325134,12.9281727],[77.5327243,12.9281657],[77.5327556,12.9281647],[77.532758,12.9281646],[77.5327672,12.9281638],[77.5331365,12.9281344],[77.533145,12.9281337],[77.5331982,12.9281544],[77.5332905,12.9281904],[77.5333372,12.9282085],[77.5334124,12.9282455],[77.5335753,12.9283255],[77.5337475,12.9284292],[77.5339127,12.9285287],[77.5344898,12.9288792],[77.5346408,12.9290218],[77.53471,12.9290911],[77.53474,12.9291211],[77.5347486,12.9291298],[77.5349048,12.9293722],[77.5349108,12.9293816],[77.5350215,12.9295534],[77.5350998,12.9295143],[77.5350623,12.928792],[77.5349931,12.9280776],[77.5349892,12.9280381],[77.5349931,12.9280229],[77.5350343,12.9278625],[77.535151,12.9274081],[77.535452,12.9271686],[77.5359775,12.9269359],[77.5360075,12.9269226],[77.5360234,12.9269155],[77.5367468,12.9268774],[77.5369937,12.9267125],[77.5370002,12.9266223],[77.5369545,12.9263143],[77.5367592,12.9256948],[77.5367128,12.9251677],[77.5367042,12.9250691],[77.5367791,12.9246754],[77.5368546,12.9242744],[77.5374551,12.9239417],[77.5377015,12.9238928],[77.5377482,12.9238836],[77.5378693,12.9238596],[77.5379543,12.9238274],[77.5381127,12.9237672],[77.5382209,12.9237221],[77.5382339,12.9237167],[77.5382332,12.9237109],[77.5381724,12.9233037],[77.5381559,12.9231875],[77.5381419,12.9231075],[77.5381126,12.9229407],[77.538085,12.9227834],[77.538086,12.922705],[77.5380863,12.9226838],[77.5380881,12.922548],[77.5380887,12.9225009],[77.5380888,12.9224925],[77.5381436,12.9220466],[77.5381667,12.9218286],[77.5382206,12.9216219],[77.5382645,12.9214517],[77.5382648,12.9214285],[77.5382653,12.9213973],[77.5382659,12.9213596],[77.5382339,12.9212185],[77.5382075,12.921102],[77.5381379,12.9207949],[77.5381375,12.9207925],[77.5381178,12.9206821],[77.5381133,12.9206571],[77.5381275,12.9205037],[77.5381628,12.9203972],[77.5372493,12.920546],[77.5355526,12.9205349],[77.5332373,12.9205176],[77.5332005,12.9205173],[77.5323413,12.9205165],[77.5308246,12.9207675],[77.5306118,12.9208037],[77.5305945,12.9208068],[77.5301772,12.9208804],[77.5299148,12.9209868],[77.5293672,12.9212094],[77.5293556,12.9212141],[77.5292879,12.9212431],[77.5290187,12.9213582],[77.5290118,12.9213598],[77.5289197,12.9213813],[77.5287746,12.9214324],[77.5286118,12.9214896],[77.5285257,12.9215199],[77.5285255,12.9215252],[77.5285245,12.9215626],[77.5285056,12.9215334],[77.5284873,12.921505],[77.5284425,12.9214356],[77.5284284,12.921377],[77.5284414,12.9212541],[77.5284474,12.9211973],[77.5284573,12.9211603],[77.528505,12.9209837],[77.5285157,12.9209413],[77.528549,12.9207589],[77.5285596,12.9207007],[77.5286231,12.9205393],[77.5286364,12.9205055],[77.5287064,12.9203554],[77.5287795,12.9202247],[77.5288188,12.920156],[77.5288589,12.9200961],[77.5292033,12.9195975],[77.5292152,12.9194852],[77.5291813,12.9193518],[77.5291458,12.9192205],[77.529048,12.918884],[77.5290218,12.9187835],[77.5290207,12.9187789],[77.5289405,12.9184713],[77.528802,12.9179275],[77.5286704,12.9174315],[77.5286106,12.9166136],[77.5285945,12.9159098],[77.5283527,12.9151056],[77.5283056,12.9145896],[77.5282059,12.9142413],[77.528071,12.9138153],[77.528171,12.91379],[77.5283445,12.913746],[77.5283576,12.9137468],[77.5284133,12.9137104],[77.5284183,12.9137071],[77.5284238,12.9136359],[77.528426,12.9136072],[77.5284274,12.913588],[77.52778,12.9116627],[77.5273696,12.9103124],[77.5272904,12.9099015],[77.5272382,12.9094154],[77.5268265,12.9066449],[77.5248682,12.9066665],[77.5246654,12.9064004],[77.5246629,12.9063971],[77.5257903,12.9056634],[77.5258405,12.9056307],[77.5258114,12.9053139],[77.5258099,12.9052972],[77.5256955,12.9040507],[77.5258821,12.9041047],[77.5258846,12.9041054],[77.5260256,12.9041462],[77.526256,12.9042129],[77.526345,12.9042387],[77.526572,12.9043329],[77.5265956,12.9043426],[77.5266653,12.9043653],[77.5272537,12.9045566],[77.5282458,12.9048927],[77.5282538,12.9048931],[77.5283399,12.9049205],[77.5284934,12.9049693],[77.528862,12.9050566],[77.5292099,12.9050525],[77.5296115,12.9049691],[77.5299011,12.9048838],[77.5300195,12.904849],[77.5301639,12.9047822],[77.5302593,12.9047252],[77.5304729,12.9045977],[77.530816,12.9043946],[77.5309404,12.9043342],[77.5309847,12.9043128],[77.5310661,12.9042921],[77.5311029,12.9042827],[77.5311518,12.9042791],[77.531194,12.9042761],[77.5313205,12.9042899],[77.5315239,12.9043833],[77.5316326,12.9044656],[77.532177,12.9050269],[77.5321964,12.9050241],[77.5331296,12.9048919],[77.5340486,12.9047616],[77.5341613,12.9034208],[77.5345091,12.9033635],[77.5344737,12.9025172],[77.534414,12.901146],[77.5344071,12.9005625],[77.5344,12.8999564],[77.5344561,12.8992235],[77.534252,12.8991624],[77.5342484,12.8991613],[77.5341208,12.899123],[77.5340704,12.8990659],[77.5340268,12.8990166],[77.533817,12.8987793],[77.5336523,12.8986731],[77.5334808,12.8985625],[77.5334374,12.89855],[77.5330298,12.8984327],[77.5329746,12.898356],[77.5329417,12.8983104],[77.5328752,12.8982182],[77.5326531,12.8979794],[77.5323598,12.8974322],[77.5322031,12.896859],[77.5320902,12.8966235],[77.5318148,12.8960439],[77.531726,12.8958413],[77.5315912,12.8955383],[77.5314915,12.8953263],[77.5313257,12.8948317],[77.5311505,12.8947083],[77.5311412,12.8947017],[77.531096,12.8946699],[77.5309847,12.8946729],[77.5307973,12.8946784],[77.5302514,12.8951172],[77.5299521,12.8952532],[77.5297722,12.8952641],[77.5296365,12.8952921],[77.5293485,12.8953239],[77.5293357,12.8953197],[77.5291402,12.8954103],[77.5287644,12.8954357],[77.5286026,12.8954609],[77.5284465,12.8954736],[77.5281807,12.8954782],[77.5280711,12.8955237],[77.5280573,12.8954626],[77.5280325,12.8953935],[77.527979,12.8953619],[77.5278809,12.8953589],[77.5277974,12.8953571],[77.5277595,12.895479],[77.5277416,12.8955148],[77.5277084,12.8955355],[77.5276515,12.895551],[77.5275949,12.895543],[77.5274795,12.8953672],[77.5272939,12.8953675],[77.5271054,12.8953794],[77.5269681,12.8953979],[77.5267657,12.8953917],[77.5264446,12.8954652],[77.5263318,12.8954992],[77.5261519,12.8955603],[77.5259747,12.8956286],[77.5259966,12.896001],[77.5259426,12.8961976],[77.5258868,12.8962534],[77.5258051,12.8962257],[77.5256866,12.8960717],[77.5256619,12.8960413],[77.525502,12.8958439],[77.5254643,12.8958131],[77.5254081,12.8957672],[77.5252978,12.8957076],[77.5251668,12.8956651],[77.5249857,12.895666],[77.5248092,12.8957093],[77.5246887,12.8957594],[77.5246059,12.8958212],[77.5245588,12.8959753],[77.5245464,12.8960132],[77.524535,12.8960478],[77.5245116,12.8961192],[77.5245171,12.8962344],[77.524604,12.8962406],[77.5246534,12.8962458],[77.5246597,12.8962464],[77.5247429,12.8962551],[77.5247966,12.8962575],[77.5248332,12.8962748],[77.5248352,12.8964347],[77.5248181,12.8965368],[77.5248312,12.8966204],[77.5248807,12.896699],[77.5249502,12.8967671],[77.5250024,12.8968354],[77.5250388,12.8970337],[77.5250529,12.897294],[77.5250121,12.8974039],[77.5249565,12.8975241],[77.5249162,12.8975771],[77.5247735,12.897614],[77.5247694,12.8976542],[77.5245595,12.8976642],[77.5244137,12.8977311],[77.5243101,12.8977985],[77.5242159,12.897839],[77.5241428,12.897849],[77.5241031,12.8978095],[77.5239282,12.8977588],[77.5238084,12.897774],[77.5237398,12.8978308],[77.5236185,12.8978444],[77.5235586,12.8978564],[77.5234645,12.8978735],[77.523332,12.8978961],[77.5232191,12.8978655],[77.5231365,12.8978067],[77.5230604,12.8978123],[77.5229256,12.897782],[77.5227759,12.8976908],[77.5226789,12.8976166],[77.5225623,12.8976061],[77.5225187,12.8976279],[77.5224703,12.8976854],[77.5222918,12.8977232],[77.5221097,12.8977443],[77.5220107,12.897767],[77.5219235,12.8978128],[77.5218464,12.8979308],[77.5217566,12.8979499],[77.5216821,12.8979956],[77.5215698,12.8980139],[77.5215058,12.898061],[77.5212793,12.8979453],[77.5212666,12.8979454],[77.5203456,12.8979484],[77.5166667,12.8966073],[77.5157434,12.8962707],[77.5157387,12.896269],[77.5156287,12.8962141],[77.5151256,12.8959631],[77.5149138,12.8958574],[77.513935,12.8952652],[77.5136834,12.8949789],[77.513104,12.8943084],[77.5131597,12.8941086],[77.5130964,12.8939506],[77.5129713,12.8936382],[77.5128918,12.8936401],[77.511882,12.8936639],[77.5112618,12.8936496],[77.51115,12.893647],[77.5110867,12.8936485],[77.5094826,12.8936863],[77.509386,12.8936868],[77.5090497,12.8936976],[77.5084949,12.8936952],[77.5083753,12.8936946],[77.5079478,12.8936927],[77.5069681,12.8936941],[77.5065109,12.8936725],[77.5062578,12.8936648],[77.5060862,12.8936596],[77.505524,12.8936426],[77.50443,12.8935897],[77.5037136,12.8935559],[77.5023665,12.8936837],[77.5008386,12.8939855],[77.4994419,12.8943611],[77.4989554,12.8944919],[77.4988069,12.8941611],[77.4987928,12.8941297],[77.498669,12.8939124],[77.4984332,12.8934985],[77.4983994,12.8934391],[77.4983897,12.8934221],[77.4983265,12.8934553],[77.4979695,12.8936427],[77.4974308,12.8939256],[77.4970601,12.8940185],[77.4969199,12.8940536],[77.49687,12.8940653],[77.4967018,12.8940724],[77.4965383,12.8940643],[77.4963601,12.8940526],[77.4962264,12.8940474],[77.496142,12.8940236],[77.4961057,12.8939989],[77.4960426,12.893956],[77.4958798,12.893863],[77.4958645,12.8938795],[77.4958558,12.893889],[77.4958045,12.8938815],[77.4957411,12.8938575],[77.4956133,12.8937943],[77.4954219,12.8936985],[77.4953331,12.8936664],[77.4953097,12.8936579],[77.4952911,12.8936512],[77.4952487,12.8936477],[77.495242,12.8936472],[77.4951811,12.8936422],[77.4949639,12.8936328],[77.4949444,12.893632],[77.4948477,12.8936278],[77.4948481,12.8935807],[77.4948496,12.8933667],[77.49485,12.8933201],[77.494852,12.8930447],[77.4948533,12.8928626],[77.4948534,12.8928423],[77.4947622,12.8927978],[77.4946478,12.8927544],[77.4946426,12.8927543],[77.4944606,12.8927502],[77.4944148,12.8927542],[77.4941945,12.8927734],[77.494073,12.8928],[77.4939889,12.8928192],[77.4939256,12.8928338],[77.4939058,12.8928378],[77.4938724,12.8928447],[77.4938174,12.8928611],[77.4937916,12.8928687],[77.4937296,12.8928981],[77.4936149,12.8929524],[77.4934925,12.8930127],[77.493446,12.8930122],[77.493263,12.8930191],[77.493156,12.8930335],[77.4929727,12.8930583],[77.4926028,12.8931152],[77.4924723,12.8931327],[77.4923315,12.8931794],[77.4922473,12.8932117],[77.4921688,12.89327],[77.4921074,12.8933129],[77.4920378,12.8934556],[77.4920085,12.8935363],[77.4919458,12.8936039],[77.4918911,12.8936314],[77.4918061,12.893674],[77.4916744,12.8937618],[77.4915781,12.8938821],[77.4915344,12.8939013],[77.4913956,12.8942583],[77.4912357,12.8944434],[77.4911597,12.8944441],[77.4908742,12.8943627],[77.4904513,12.8941774],[77.4901153,12.8935093],[77.4901072,12.8935035],[77.4900907,12.8934915],[77.4899681,12.8934026],[77.4897952,12.8932772],[77.4897376,12.8932861],[77.4896871,12.8933171],[77.4896801,12.8933214],[77.4893033,12.8935522],[77.488889,12.8933895],[77.4886208,12.8932729],[77.4879072,12.8934107],[77.4874154,12.8935874],[77.4871987,12.8936285],[77.4869844,12.8936054],[77.4866987,12.8932892],[77.4864569,12.8931621],[77.4850977,12.8926705],[77.4843823,12.8924118],[77.4823714,12.8916444],[77.4822938,12.8916007],[77.4818045,12.8913704],[77.481727,12.8910377],[77.4816658,12.8907752],[77.4816074,12.8905245],[77.4816066,12.8905211],[77.4815949,12.8904705],[77.4815521,12.8901817],[77.4815505,12.8901708],[77.4817435,12.8899158],[77.481789,12.8898556],[77.4817944,12.8898484],[77.4818002,12.8898328],[77.4818041,12.8898222],[77.4818025,12.8897517],[77.4818014,12.8896995],[77.4817983,12.8895567],[77.4817292,12.8896315],[77.4814984,12.8898608],[77.4813417,12.8900305],[77.4810528,12.8901451],[77.4809141,12.8901464],[77.4807874,12.8901476],[77.4806991,12.8901236],[77.4805599,12.8900752],[77.4804708,12.8900263],[77.4803443,12.8899778],[77.4802168,12.8898932],[77.4799887,12.8897587],[77.4796848,12.8896995],[77.4795461,12.8897008],[77.4794201,12.8897144],[77.4793075,12.88979],[77.4792716,12.8900004],[77.4792616,12.8902727],[77.4792656,12.8906815],[77.4792171,12.8912478],[77.4792175,12.891293],[77.4792123,12.8914658],[77.4792039,12.8917211],[77.4792025,12.8917573],[77.4792047,12.891807],[77.4792052,12.8918578],[77.4791988,12.8919075],[77.4791815,12.8919574],[77.4790911,12.8921378],[77.4790702,12.8921719],[77.4790422,12.8921981],[77.4790057,12.8922267],[77.4789832,12.8922386],[77.4789746,12.8922696],[77.4787489,12.8923947],[77.4785141,12.8925249],[77.4784541,12.8925736],[77.4782892,12.8927074],[77.4780128,12.8928788],[77.4778324,12.8930239],[77.4777851,12.8930729],[77.4771933,12.8935924],[77.4769174,12.8938918],[77.4767576,12.8940652],[77.4765581,12.894169],[77.4758802,12.8945219],[77.4755884,12.8948115],[77.4755524,12.8951074],[77.4755484,12.8951405],[77.4748681,12.8957907],[77.4744884,12.8960484],[77.4744432,12.8960748],[77.474109,12.8962711],[77.4739997,12.8963422],[77.4734921,12.8966418],[77.4728784,12.8968723],[77.4723785,12.8968375],[77.4723713,12.8968418],[77.4721669,12.8965104],[77.4719024,12.8961605],[77.4715665,12.8958085],[77.4715156,12.8957514],[77.4712276,12.8953986],[77.4708867,12.8949812],[77.470598,12.8946277],[77.4704058,12.8944183],[77.4703316,12.8942957],[77.4703155,12.8942278],[77.4703153,12.8942022],[77.470309,12.8941855],[77.4702841,12.8941188],[77.4702358,12.8939896],[77.4698624,12.8932959],[77.469799,12.8931781],[77.4697077,12.8930248],[77.4696957,12.8929207],[77.4696431,12.8928366],[77.469608,12.8923291],[77.4696118,12.8921336],[77.4696318,12.8911115],[77.4695823,12.8906387],[77.4695842,12.8899588],[77.4694562,12.8893467],[77.4694026,12.8885171],[77.4692494,12.8873971],[77.4678048,12.8890578],[77.4668232,12.8903536],[77.4666718,12.8905535],[77.4661589,12.8912327],[77.464726,12.8931302],[77.464312,12.8936785],[77.4634951,12.8947603],[77.4626191,12.8958165],[77.4615169,12.8971454],[77.4615536,12.8971721],[77.4615479,12.8971791],[77.4607656,12.8978811],[77.4603447,12.898461],[77.4602768,12.8988799],[77.4601699,12.899539],[77.4601308,12.8997799],[77.4598671,12.9012484],[77.4598453,12.9017229],[77.4598258,12.9021455],[77.4598813,12.9028712],[77.459845,12.9035153],[77.4598353,12.9039988],[77.4598523,12.9043205],[77.4598807,12.9046319],[77.4598817,12.9046478],[77.4598623,12.9046491],[77.4599049,12.9050473],[77.4599077,12.9050473],[77.4604123,12.9051232],[77.4608763,12.9051929],[77.4609514,12.9052219],[77.4610508,12.9052603],[77.461377,12.9055209],[77.4621742,12.9061578],[77.4629295,12.9061248],[77.4632836,12.906128],[77.4638785,12.9061457],[77.4638926,12.9061461],[77.4639094,12.9061467],[77.4641855,12.9061564],[77.4642143,12.9061556],[77.4642184,12.9061552],[77.4642224,12.9061541],[77.4642729,12.9061549],[77.4642701,12.9060028],[77.4643134,12.9060076],[77.4643293,12.9060056],[77.4643667,12.9060008],[77.4644651,12.9059883],[77.4644885,12.9059853],[77.4644951,12.9059845],[77.4646302,12.9059673],[77.4647056,12.9059595],[77.4647387,12.9059561],[77.4648257,12.9059471],[77.4650175,12.9059273],[77.4650994,12.9059188],[77.4654315,12.9059449],[77.4654854,12.9059491],[77.4656394,12.9060266],[77.4659372,12.9061764],[77.4660975,12.9063199],[77.4661398,12.9063578],[77.4662131,12.9064233],[77.4664315,12.9066234],[77.4665017,12.9068841],[77.4665408,12.907029],[77.4665808,12.9073516],[77.4665871,12.9076396],[77.4665857,12.9077056],[77.4665839,12.9077887],[77.4666484,12.9080783],[77.466654,12.9080958],[77.466836,12.9086571],[77.4669578,12.9089936],[77.4673557,12.9095884],[77.4674232,12.909677],[77.4674237,12.9096777],[77.4675155,12.9097981],[77.4675538,12.9098638],[77.4673388,12.9105618],[77.4673347,12.910575],[77.4671613,12.9115305],[77.4671237,12.912239],[77.4671058,12.9125781],[77.4671235,12.9128558],[77.467191,12.9135677],[77.4674625,12.9140843],[77.4675998,12.9146767],[77.4677117,12.9151596],[77.4677758,12.9154364],[77.467816,12.9156051],[77.4678246,12.9156403],[77.4678464,12.91573],[77.4678989,12.9159459],[77.4679668,12.9162355],[77.4680124,12.9164387],[77.4680832,12.9167301],[77.4681368,12.9169513],[77.4681981,12.9172053],[77.4682207,12.9172987],[77.4682825,12.9175683],[77.4683673,12.9179072],[77.4684292,12.9181787],[77.468518,12.9185318],[77.4686079,12.9188935],[77.4686607,12.9191299],[77.4687026,12.9193455],[77.4687152,12.9193945],[77.4687507,12.9195324],[77.4687685,12.9196016],[77.4687893,12.9196824],[77.4688631,12.9199834],[77.4689187,12.9202121],[77.4689777,12.9204904],[77.4690434,12.9207562],[77.4690799,12.9209156],[77.4691437,12.9211919],[77.4691885,12.9214046],[77.4692053,12.9214914],[77.4692247,12.9216014],[77.4692502,12.9217618],[77.4692905,12.9220097],[77.4693183,12.9222778],[77.4693295,12.9224242],[77.4693459,12.9229112],[77.469363,12.9234572],[77.4693672,12.9237908],[77.4693715,12.9238832],[77.4693744,12.924044],[77.4693778,12.9242339],[77.4693811,12.9244166],[77.4693887,12.924967],[77.4693937,12.9252244],[77.4693963,12.9253578],[77.4693966,12.9253727],[77.4693966,12.9253737],[77.4693974,12.9254108],[77.4693984,12.9254634],[77.4698672,12.9251274],[77.4699127,12.9250887],[77.4700487,12.9249728],[77.4702874,12.9247846],[77.4702966,12.9247773],[77.4704119,12.9246865],[77.4706239,12.9245168],[77.4708337,12.9243489],[77.4709346,12.924248],[77.4712071,12.9239754],[77.4714667,12.9237709],[77.471512,12.9237326],[77.4715283,12.9237204],[77.4715458,12.9237093],[77.4715528,12.9237056],[77.4715581,12.9237028],[77.4715756,12.9236963],[77.4715857,12.9236932],[77.4715967,12.9236898],[77.4716454,12.923679],[77.4719063,12.923642],[77.4721696,12.9236089],[77.4722778,12.9235952],[77.4724255,12.9235721],[77.4725053,12.9235596],[77.4725016,12.923545],[77.472786,12.9235264],[77.4729251,12.9235264],[77.4729457,12.9234767],[77.4730239,12.9233748],[77.4731047,12.9232832],[77.4731399,12.9232434],[77.4731403,12.923243],[77.4731631,12.9232232],[77.4732543,12.9231443],[77.4732548,12.9231439],[77.4732576,12.9231417],[77.4733642,12.9230624],[77.4734667,12.9229949],[77.4736227,12.9229117],[77.4737948,12.9228318],[77.4739038,12.9227812],[77.4739153,12.9227759],[77.4742541,12.9225952],[77.4746198,12.9224178],[77.4747464,12.9223563],[77.4748246,12.9223193],[77.4752598,12.9221131],[77.4753047,12.9220903],[77.4753326,12.9220761],[77.4753995,12.9220421],[77.4754095,12.922037],[77.4755017,12.9219902],[77.4757013,12.9218802],[77.475801,12.921821],[77.4758557,12.9217776],[77.4758949,12.9217342],[77.4759352,12.9216687],[77.4759889,12.9215296],[77.4760672,12.9213001],[77.4761002,12.9212057],[77.4761539,12.9210518],[77.4761882,12.9209538],[77.4762155,12.9208648],[77.4762419,12.9208119],[77.4763128,12.9206948],[77.4763297,12.9206681],[77.4764937,12.9204103],[77.4766829,12.9201104],[77.4767774,12.9199709],[77.4768627,12.919845],[77.4769017,12.9197874],[77.4769271,12.91975],[77.4769504,12.9197156],[77.4772312,12.9193483],[77.4773005,12.9192576],[77.4773212,12.9192318],[77.4774384,12.919085],[77.4774356,12.9190789],[77.4774771,12.9190365],[77.4775281,12.9189727],[77.4777531,12.9187197],[77.4778606,12.9186091],[77.477902,12.9186703],[77.4779541,12.9187472],[77.4779664,12.9187676],[77.4779689,12.9187717],[77.4779835,12.9187959],[77.4780015,12.9188241],[77.4780276,12.9188618],[77.4780634,12.9189009],[77.478189,12.9190508],[77.4782117,12.919078],[77.47829,12.9191768],[77.4783164,12.919219],[77.4783538,12.9192788],[77.4784175,12.9193714],[77.4784421,12.9194201],[77.4784603,12.9194642],[77.478472,12.9195146],[77.4784855,12.9195713],[77.4784957,12.9196313],[77.4784969,12.9196502],[77.4786294,12.9200405],[77.4786639,12.9201419],[77.4790052,12.9214887],[77.4790958,12.9218807],[77.4791241,12.922003],[77.4791581,12.9221504],[77.479311,12.9229644],[77.4793162,12.9229857],[77.4794202,12.9234097],[77.4794203,12.9234102],[77.47943,12.9234495],[77.4794386,12.9234845],[77.4794918,12.923502],[77.4799422,12.9236495],[77.4802226,12.9235282],[77.480587,12.9233705],[77.480959,12.9232095],[77.4811568,12.9237901],[77.4811648,12.9238135],[77.4811592,12.9238343],[77.4811286,12.9239486],[77.4810901,12.9240924],[77.4810842,12.9241145],[77.4809825,12.9244947],[77.4809879,12.9245116],[77.4813422,12.9256142],[77.4813935,12.9257738],[77.4814842,12.9259691],[77.4820464,12.9271804],[77.4824247,12.9277216],[77.482769,12.9282142],[77.4832644,12.9295399],[77.4832525,12.9295431],[77.4830707,12.9295928],[77.4828928,12.9296415],[77.4829101,12.9296711],[77.4829109,12.9296725],[77.4831415,12.9300676],[77.4834444,12.9305864],[77.4835606,12.9317668],[77.4835709,12.9318688],[77.483812,12.9342511],[77.483815,12.9343024],[77.4838341,12.9342965],[77.4838701,12.9342855],[77.4839969,12.9342525],[77.4842466,12.9341874],[77.4850461,12.9339789],[77.4850946,12.9339662],[77.4853461,12.9339007],[77.4858388,12.9337722],[77.4858792,12.9337617],[77.4859753,12.9337366],[77.4860174,12.9337261],[77.4867284,12.9335491],[77.487038,12.933472],[77.4871573,12.9334422],[77.4875102,12.9333543],[77.4875933,12.9333253],[77.4876294,12.9333127],[77.4876584,12.9332996],[77.4877316,12.9332668],[77.4877571,12.9332502],[77.4877591,12.9332489],[77.4878343,12.9332001],[77.4878415,12.933228],[77.4878416,12.9332283],[77.4879702,12.9337241],[77.4879766,12.9337487],[77.4880109,12.9338813],[77.4880387,12.9339881],[77.4881168,12.9343062],[77.4881177,12.934319],[77.4881185,12.9343321],[77.4881172,12.9343498],[77.4881121,12.9343617],[77.4881008,12.9343714],[77.4880843,12.9343797],[77.4880392,12.934395],[77.4879997,12.9344043],[77.4880876,12.9346598],[77.4880986,12.9346918],[77.4882505,12.9350713],[77.4882871,12.9351673],[77.4882918,12.9351797],[77.4883031,12.9352094],[77.4883926,12.9354445],[77.4884638,12.9356633],[77.4884767,12.9357028],[77.488502,12.9357805],[77.4885227,12.9358442],[77.48856,12.9359643],[77.4885821,12.9360356],[77.4886071,12.9361165],[77.4886118,12.9361319],[77.4886344,12.9361962],[77.4887139,12.936372],[77.4887326,12.9364134],[77.4888231,12.9365981],[77.4888331,12.9366185],[77.4889047,12.9367645],[77.4889106,12.9367796],[77.489013,12.9370403],[77.4889391,12.9370592],[77.4888374,12.9370846],[77.4887037,12.9371267],[77.4885018,12.9371901],[77.4884914,12.9371934],[77.4883348,12.9372437],[77.4882664,12.937265],[77.4881927,12.9372879],[77.488091,12.9373123],[77.487954,12.9373381],[77.4878308,12.9373587],[77.4876396,12.9373789],[77.4876157,12.9373814],[77.4874692,12.9373969],[77.4874195,12.9374025],[77.4873164,12.9374142],[77.4872333,12.9374236],[77.486834,12.9374715],[77.4868127,12.937474],[77.4865622,12.9374982],[77.4864756,12.9375101],[77.4863799,12.9375233],[77.4863322,12.9375298],[77.4863118,12.9375326],[77.4857879,12.9376066],[77.4850877,12.9376551],[77.4843329,12.9377519],[77.4843429,12.9377733],[77.4843557,12.9378876],[77.4844632,12.9382525],[77.4844841,12.9383233],[77.4847075,12.9389675],[77.484722,12.9390443],[77.4847418,12.9391484],[77.4847422,12.9391504],[77.4847466,12.9391736],[77.4848153,12.9395363],[77.4846122,12.9399206],[77.4844026,12.9403171],[77.4839037,12.9405558],[77.4832404,12.940873],[77.48324,12.9408732],[77.4832388,12.9408738],[77.4831534,12.9409147],[77.4832133,12.9415592],[77.4832138,12.9415641],[77.4832142,12.9415685],[77.4832565,12.9420234],[77.4832565,12.9420236],[77.4832574,12.9420334],[77.4835385,12.9420273],[77.4835384,12.9420246],[77.4836424,12.942025],[77.4837386,12.9420229],[77.483923,12.9420189],[77.4840929,12.9420173],[77.484136,12.9420169],[77.4844928,12.9420135],[77.4845422,12.9420211],[77.4845763,12.9420283],[77.4845928,12.9420319],[77.4846933,12.9420653],[77.4847895,12.942094],[77.4847982,12.9420959],[77.4848077,12.942098],[77.4848258,12.9420996],[77.4848279,12.9420994],[77.4848878,12.9423719],[77.4849196,12.9425165],[77.4849224,12.9425293],[77.4849264,12.9425471],[77.4849599,12.9426997],[77.4850745,12.9431912],[77.4850789,12.9432104],[77.485143,12.9434853],[77.4851458,12.9434953],[77.4851715,12.9435898],[77.4851905,12.9436417],[77.4851923,12.9436465],[77.4851983,12.9436626],[77.4852109,12.943697],[77.4852264,12.943733],[77.4852391,12.9437623],[77.4852502,12.943788],[77.4852731,12.9438448],[77.4852782,12.9438576],[77.4852923,12.9438977],[77.4853301,12.9439595],[77.4853346,12.9439668],[77.4853397,12.9439752],[77.4853676,12.9440233],[77.4854015,12.9440816],[77.4854158,12.944106],[77.4855655,12.9443627],[77.4855844,12.9443956],[77.4856128,12.9444451],[77.4857107,12.9446155],[77.4858972,12.94494],[77.4859262,12.9449896],[77.4860053,12.945125],[77.4860631,12.9452239],[77.4860771,12.9452479],[77.4861174,12.9453168],[77.4861931,12.9454549],[77.4861967,12.9454616],[77.4862346,12.9455307],[77.4862478,12.9455524],[77.4862736,12.9455948],[77.4863013,12.9456268],[77.48636,12.945685],[77.4863645,12.9456894],[77.4863693,12.9456942],[77.4863878,12.9457097],[77.4864071,12.945726],[77.4864449,12.9457669],[77.4864868,12.9458261],[77.486505,12.9458519],[77.4867155,12.9461499],[77.4869502,12.9464966],[77.4870673,12.9466697],[77.487094,12.9467097],[77.4871869,12.946853],[77.4873042,12.9470339],[77.4873507,12.9471057],[77.4876027,12.9474946],[77.4876143,12.9475125],[77.4876792,12.9476127],[77.4877038,12.9476506],[77.4877833,12.9477696],[77.4881538,12.9483242],[77.4881692,12.9483473],[77.4882239,12.9484292],[77.4882851,12.9485209],[77.4886089,12.9490329],[77.4886317,12.9490688],[77.4886349,12.9490739],[77.48873,12.9489814],[77.4887313,12.9489801],[77.4889383,12.9487785],[77.4894892,12.948279],[77.4895098,12.9482603],[77.4895262,12.9482471],[77.4897916,12.9480341],[77.4898211,12.9480104],[77.489835,12.9479992],[77.4903106,12.9476174],[77.490485,12.9474774],[77.4905642,12.9477272],[77.4916783,12.9476319],[77.4922247,12.9476682],[77.4922589,12.9476705],[77.492427,12.9476817],[77.4928816,12.9476735],[77.4933488,12.94766],[77.4935619,12.9476485],[77.4939617,12.9476092],[77.4940156,12.9478912],[77.4947725,12.9477846],[77.4948903,12.947768],[77.4949757,12.947756],[77.4963115,12.9476921],[77.4968321,12.9476313],[77.4973776,12.947514],[77.4978731,12.9474647],[77.4988505,12.9473933],[77.4991664,12.9491436],[77.4984436,12.9495061],[77.4978602,12.9498552],[77.4979185,12.9498949],[77.4988866,12.9505543],[77.4994129,12.9509127],[77.4994289,12.9509021],[77.4994291,12.9509019],[77.4994364,12.9508971],[77.4999555,12.9505513],[77.5002202,12.950375],[77.5009244,12.9497043],[77.5010087,12.9495235],[77.5012715,12.9489598],[77.5015242,12.9484133],[77.5016075,12.948291],[77.5019439,12.947797],[77.5021222,12.9475349]]],[[[77.5308291,12.9443588],[77.5307982,12.9443371],[77.53083,12.9443595],[77.5308316,12.9443605],[77.5308291,12.9443588]]]]}},{"type":"Feature","properties":{"KGISSub_DivisionID":14,"Sub_DivisionName":"NW3"},"geometry":{"type":"Polygon","coordinates":[[[77.5399803,13.0686972],[77.5402682,13.0684459],[77.5405047,13.0683699],[77.5406309,13.0683293],[77.5406766,13.0683146],[77.5409368,13.068239],[77.540949,13.0680955],[77.5410686,13.0680578],[77.5411604,13.0680333],[77.5412306,13.0679916],[77.5413525,13.0678719],[77.5413814,13.0678463],[77.541479,13.0677493],[77.5415607,13.067625],[77.5416855,13.067411],[77.5417741,13.067219],[77.5418383,13.0670103],[77.541932,13.0667544],[77.542015,13.066513],[77.5420152,13.0665125],[77.5420309,13.0664671],[77.5422044,13.0659672],[77.5424557,13.0652158],[77.5425433,13.0649611],[77.5425763,13.0648652],[77.542586,13.0648368],[77.542898,13.0638948],[77.5429802,13.0636047],[77.543043,13.0632894],[77.5431219,13.0629902],[77.5431448,13.0629036],[77.5432004,13.0627808],[77.5435157,13.0620849],[77.5439286,13.0611606],[77.5440119,13.060978],[77.5440132,13.0609751],[77.5448361,13.0591717],[77.544895,13.0590427],[77.5458723,13.056901],[77.5459209,13.0567944],[77.5461753,13.056237],[77.5461852,13.0562153],[77.5462386,13.0562631],[77.5467368,13.0567094],[77.5467369,13.0567094],[77.5467379,13.0567104],[77.5467973,13.0567635],[77.5468529,13.0567086],[77.5469602,13.0566025],[77.5475437,13.056063],[77.5476329,13.0559806],[77.5477987,13.0558273],[77.5484396,13.0552639],[77.5484772,13.0552308],[77.548829,13.0549214],[77.5489214,13.0548403],[77.5491597,13.0546307],[77.549341,13.0544969],[77.5493473,13.0544922],[77.5497418,13.054201],[77.5498119,13.0541492],[77.5504718,13.0536619],[77.55084,13.0533808],[77.5509285,13.0532833],[77.550969,13.0532386],[77.550902,13.0525342],[77.5508422,13.0520918],[77.5505917,13.0502372],[77.5505336,13.0500035],[77.5498598,13.0481297],[77.5498588,13.0481267],[77.5498064,13.0479811],[77.5509674,13.046791],[77.5525824,13.0450902],[77.5533489,13.044289],[77.553781,13.0438336],[77.5528883,13.0435571],[77.5522968,13.0433794],[77.5520844,13.0433078],[77.5513062,13.0430491],[77.5508065,13.0428964],[77.5506283,13.0428327],[77.5504192,13.0427676],[77.5501143,13.0426735],[77.5497621,13.0425622],[77.549466,13.0424732],[77.5486952,13.0422111],[77.5481499,13.0420273],[77.5477319,13.0418716],[77.5474166,13.0417757],[77.5471614,13.0416982],[77.5467575,13.0415794],[77.5462901,13.0414024],[77.5458454,13.0412702],[77.5448158,13.0409869],[77.5445328,13.0407986],[77.5437525,13.0400879],[77.5434468,13.0398258],[77.5429506,13.0392826],[77.5438959,13.0382616],[77.5443621,13.0376696],[77.5448323,13.0368571],[77.5448802,13.0367744],[77.5455241,13.0356615],[77.5462644,13.0341423],[77.5465017,13.0335961],[77.5465341,13.0335213],[77.5468074,13.0328923],[77.5471397,13.0322292],[77.5471775,13.0321539],[77.549076,13.0283657],[77.5496563,13.0267047],[77.5502119,13.0256056],[77.5508041,13.0245181],[77.5510805,13.0235353],[77.5511854,13.0230622],[77.5512674,13.0224177],[77.5512682,13.0224115],[77.5512683,13.0224106],[77.551281,13.0223112],[77.5509096,13.0225525],[77.5502275,13.0229535],[77.5482013,13.0241566],[77.5475499,13.0245359],[77.5465564,13.0251174],[77.5460979,13.025388],[77.5456409,13.0256521],[77.5450978,13.0259702],[77.5446614,13.0262257],[77.5445248,13.0263027],[77.5444149,13.0263647],[77.5443188,13.0264189],[77.5437191,13.0267705],[77.5432189,13.0270689],[77.5432563,13.0274694],[77.5432722,13.0274947],[77.5432736,13.027497],[77.5433732,13.0276555],[77.5433767,13.0276765],[77.5433771,13.0276791],[77.5434204,13.0279398],[77.5431587,13.0282633],[77.5428223,13.0284131],[77.5424733,13.0284753],[77.5422339,13.0284263],[77.5419303,13.0282325],[77.5416687,13.0279487],[77.5416584,13.0279544],[77.540156,13.0287852],[77.538707,13.0295976],[77.5384395,13.0297484],[77.5383417,13.0298036],[77.5374906,13.0302833],[77.5372349,13.0304274],[77.5372317,13.030423],[77.5361289,13.0310306],[77.5349359,13.0317194],[77.5345972,13.0319149],[77.5337962,13.0323774],[77.5322848,13.0332851],[77.5309613,13.0340849],[77.5304972,13.034349],[77.5304167,13.0343904],[77.5299097,13.0346176],[77.529715,13.0346899],[77.5295976,13.0347334],[77.528734,13.0349643],[77.5282259,13.0350876],[77.5280786,13.0351211],[77.5273236,13.0352928],[77.527082,13.035358],[77.5270183,13.0353751],[77.5269428,13.0353955],[77.5268742,13.0354181],[77.5265745,13.0355167],[77.5265303,13.0355313],[77.5261828,13.0356799],[77.5261472,13.0356995],[77.5247687,13.0364586],[77.5247009,13.0364958],[77.5230611,13.0373952],[77.5218453,13.0380622],[77.5214799,13.0382626],[77.5197903,13.0391889],[77.5184629,13.0399457],[77.5183708,13.0400172],[77.5183641,13.0400224],[77.518306,13.0400675],[77.517932,13.0403578],[77.5174375,13.0408151],[77.5166746,13.0414859],[77.5160894,13.0418541],[77.5154378,13.042123],[77.5144771,13.0424446],[77.5122465,13.0431842],[77.5121733,13.0432084],[77.5113344,13.043527],[77.5107044,13.043837],[77.5092598,13.0445897],[77.5086466,13.0448912],[77.5079617,13.0451484],[77.5073108,13.045342],[77.5069341,13.0454482],[77.5066704,13.0455226],[77.5052015,13.0459367],[77.501198,13.0473454],[77.4966746,13.0489577],[77.4966514,13.048966],[77.4966344,13.0489724],[77.4966287,13.0489744],[77.4966094,13.0489813],[77.4960196,13.0491911],[77.4958593,13.0492479],[77.4953281,13.0494361],[77.4951289,13.0495067],[77.4947485,13.0496434],[77.4922426,13.0505513],[77.4922398,13.0505523],[77.4922202,13.0505594],[77.4922387,13.0506908],[77.4922733,13.0509375],[77.4922739,13.0509418],[77.4922739,13.0509442],[77.4922712,13.0512838],[77.492147,13.0528302],[77.4916961,13.0544153],[77.4906736,13.0567854],[77.4908286,13.0584247],[77.4912183,13.0593609],[77.4919887,13.0608452],[77.4929738,13.0621429],[77.493046,13.062125],[77.4930619,13.0621211],[77.493887,13.0620387],[77.49397,13.0623205],[77.493998,13.0623237],[77.4940704,13.0623337],[77.4942067,13.0623854],[77.4944371,13.0624483],[77.4946755,13.0624931],[77.4947574,13.0625075],[77.494859,13.0625254],[77.4949455,13.0625325],[77.4951394,13.0625379],[77.4954368,13.0625269],[77.4955238,13.0625237],[77.495578,13.0625208],[77.4957794,13.06251],[77.4958968,13.0625009],[77.4959593,13.0625004],[77.4962594,13.0624977],[77.4964762,13.0625015],[77.4965116,13.0625021],[77.4967278,13.0625],[77.4968069,13.0624939],[77.4968235,13.0624926],[77.4968852,13.0624878],[77.4969102,13.0624859],[77.4969178,13.0624853],[77.4969847,13.0624801],[77.4969977,13.0624795],[77.4971224,13.062473],[77.4973548,13.0624611],[77.4976282,13.0624286],[77.4978099,13.0624227],[77.4979578,13.0624131],[77.498066,13.0624084],[77.4981737,13.0624124],[77.4983542,13.0624336],[77.4985053,13.0624392],[77.4987055,13.0624923],[77.4987492,13.0624981],[77.4987943,13.0625158],[77.4988938,13.0625548],[77.4989727,13.0625888],[77.4992814,13.0627217],[77.4992856,13.0627236],[77.4994891,13.0628193],[77.4995756,13.06286],[77.4997205,13.0629241],[77.4997969,13.0629536],[77.4998413,13.0629697],[77.4998743,13.0629816],[77.4998862,13.062986],[77.4999594,13.0630125],[77.5000262,13.0630318],[77.5001218,13.0630596],[77.5004304,13.0631235],[77.5005393,13.0631393],[77.5008309,13.0631819],[77.5012653,13.0632468],[77.5014578,13.0632725],[77.50183,13.0633331],[77.5021738,13.0633902],[77.5022046,13.063395],[77.5023315,13.0634149],[77.5023984,13.0634253],[77.5025597,13.0634564],[77.5027685,13.0635102],[77.5029882,13.0635483],[77.5030882,13.0635656],[77.5031245,13.0635719],[77.5032597,13.0635954],[77.5033559,13.0636161],[77.503476,13.0636435],[77.5037066,13.0636834],[77.5037702,13.0636942],[77.5039371,13.0637086],[77.5042075,13.0637319],[77.5043618,13.0637472],[77.5044598,13.0637555],[77.5046085,13.063771],[77.5050907,13.0638066],[77.5051866,13.0636458],[77.5052403,13.0635689],[77.5056037,13.0629857],[77.5058384,13.0626184],[77.5058647,13.0625773],[77.5058969,13.0625268],[77.505975,13.0624046],[77.5064283,13.0616981],[77.506444,13.0617107],[77.5065979,13.0618346],[77.5066749,13.0618934],[77.507291,13.0621578],[77.5075851,13.0622568],[77.5077414,13.0623094],[77.5079026,13.0623637],[77.5079112,13.0623677],[77.5091308,13.0629408],[77.5093533,13.0629558],[77.510242,13.0632958],[77.5103716,13.0633454],[77.5103777,13.0634104],[77.5104047,13.063478],[77.5104402,13.0635162],[77.5104061,13.0640361],[77.5103963,13.064186],[77.5103913,13.0642031],[77.51038,13.0642187],[77.5103706,13.0642281],[77.5103503,13.0642405],[77.510384,13.0643974],[77.5105226,13.065044],[77.5105387,13.0651191],[77.5106252,13.0651042],[77.5127925,13.0650461],[77.5128147,13.0650455],[77.5131553,13.0650364],[77.5131901,13.0650355],[77.5132332,13.0650211],[77.5134056,13.0649598],[77.513416,13.0649561],[77.5134874,13.0649307],[77.5134965,13.0649269],[77.5135019,13.0649229],[77.5135051,13.064918],[77.5135075,13.0649123],[77.5135102,13.0648997],[77.5135108,13.064896],[77.5135102,13.0648903],[77.5134885,13.064801],[77.5134308,13.0645688],[77.5134108,13.0645018],[77.5133593,13.0643294],[77.5132657,13.0625067],[77.5133366,13.0624838],[77.5134134,13.0624566],[77.5137596,13.0623411],[77.5142901,13.062297],[77.5145773,13.0621619],[77.5148623,13.0616973],[77.5150899,13.0613437],[77.5155731,13.0608141],[77.5161296,13.0607098],[77.5165966,13.060604],[77.517083,13.0604938],[77.5176852,13.0603393],[77.5181922,13.060158],[77.5184122,13.0600363],[77.5185559,13.0599568],[77.5195178,13.0592369],[77.5196497,13.0591585],[77.5197046,13.0591343],[77.519782,13.0591234],[77.519928,13.0591241],[77.5202951,13.0591719],[77.5205836,13.0592064],[77.5206916,13.0592009],[77.5206917,13.0592009],[77.5208597,13.0591923],[77.5210032,13.059166],[77.521107,13.0591261],[77.5212297,13.0590617],[77.5214442,13.0589181],[77.5215014,13.0588606],[77.5215197,13.0588287],[77.5215199,13.0588284],[77.5215279,13.0588247],[77.5216813,13.0587557],[77.5217608,13.05872],[77.5227415,13.0582399],[77.5232184,13.0580065],[77.5244595,13.0574323],[77.5250227,13.0571718],[77.527266,13.0563541],[77.5284517,13.0558491],[77.5285966,13.0558027],[77.5287497,13.0557537],[77.5293447,13.0555632],[77.5293593,13.0555585],[77.5293385,13.056309],[77.5273389,13.0585063],[77.5254477,13.0620641],[77.5252989,13.0623441],[77.524869,13.0631528],[77.5246588,13.0635483],[77.5247257,13.0637862],[77.5247418,13.0642656],[77.5248267,13.0646772],[77.5248657,13.064804],[77.5248695,13.0648265],[77.524887,13.0649321],[77.524934,13.0651672],[77.5249384,13.0651894],[77.5249553,13.0652543],[77.5249655,13.0652604],[77.5249699,13.0652631],[77.5249995,13.0652808],[77.5250042,13.0652943],[77.5251106,13.065647],[77.5251232,13.0656887],[77.5251391,13.0657739],[77.5251722,13.065951],[77.525203,13.0659628],[77.5252389,13.0659766],[77.5252496,13.0659756],[77.5253787,13.0659633],[77.525498,13.066406],[77.5255597,13.0665784],[77.5257418,13.0670318],[77.5255906,13.0671093],[77.5253105,13.0672528],[77.5230718,13.0683633],[77.5230533,13.0683725],[77.5230942,13.0685399],[77.5234198,13.0698711],[77.5234249,13.0698919],[77.5245742,13.0697238],[77.5275192,13.0691042],[77.5279628,13.0690143],[77.5280141,13.0690039],[77.5281656,13.0689754],[77.5282962,13.0689557],[77.5283624,13.0689473],[77.5283858,13.0689458],[77.5284393,13.0689426],[77.5286215,13.0689314],[77.5288474,13.0689176],[77.5292692,13.0688733],[77.5294263,13.0688656],[77.5296111,13.0688567],[77.529883,13.0688445],[77.5299092,13.0688433],[77.5304166,13.0687909],[77.5305905,13.0687729],[77.5308483,13.0694735],[77.5309606,13.0697787],[77.5313879,13.0714501],[77.531484,13.0718261],[77.5315055,13.0719099],[77.5315165,13.0719008],[77.5315296,13.07189],[77.5316513,13.0717895],[77.531878,13.0716026],[77.5318995,13.0715848],[77.532269,13.07128],[77.5327349,13.0708957],[77.5328219,13.070824],[77.5328801,13.0708088],[77.5341343,13.0704818],[77.5343987,13.0704128],[77.5361471,13.0699569],[77.5362506,13.0699258],[77.5364529,13.069865],[77.5385356,13.0692393],[77.5386018,13.0692194],[77.5388595,13.069142],[77.5399803,13.0686972]]]}},{"type":"Feature","properties":{"KGISSub_DivisionID":15,"Sub_DivisionName":"NE1"},"geometry":{"type":"Polygon","coordinates":[[[77.557958,13.0437463],[77.5583887,13.0437153],[77.5592235,13.0437147],[77.5601169,13.0437154],[77.5603471,13.0437227],[77.5607263,13.0438031],[77.5611518,13.0438314],[77.5611816,13.0435986],[77.5611821,13.0435945],[77.5611926,13.043513],[77.5612093,13.0434304],[77.5612354,13.0433509],[77.5612708,13.0432728],[77.5612844,13.0432428],[77.5614633,13.042965],[77.5622004,13.0418619],[77.5622136,13.0418442],[77.5621976,13.0418118],[77.5621933,13.0418031],[77.561956,13.041322],[77.5618546,13.0411478],[77.5617819,13.0410372],[77.5617587,13.0410039],[77.5616754,13.0408843],[77.5616458,13.0408419],[77.5616156,13.0407986],[77.5614659,13.0405495],[77.5613479,13.0403552],[77.5612467,13.0401831],[77.5611604,13.040084],[77.561133,13.0400576],[77.5611197,13.0400447],[77.5611075,13.040033],[77.560995,13.0399244],[77.5609492,13.0398541],[77.5609416,13.039841],[77.5609356,13.039827],[77.560922,13.0397901],[77.5609154,13.0397645],[77.5609145,13.0397505],[77.5609175,13.0397395],[77.5609672,13.0396689],[77.5609938,13.0396312],[77.5610047,13.0396054],[77.5610447,13.0394037],[77.5610607,13.0393358],[77.5610917,13.0392509],[77.5611438,13.0391421],[77.5611552,13.0391192],[77.5611765,13.0390766],[77.5612389,13.0389515],[77.561395,13.0385127],[77.5614139,13.0384541],[77.5615013,13.0381817],[77.5615153,13.038131],[77.5615454,13.0380215],[77.5615518,13.0379982],[77.5616077,13.0377949],[77.5616731,13.037557],[77.561691,13.0374836],[77.561696,13.0374633],[77.5617064,13.0373959],[77.5617209,13.037302],[77.561747,13.0370821],[77.5617523,13.0369949],[77.5617531,13.0369804],[77.5617565,13.036925],[77.5617584,13.0366703],[77.5617546,13.036512],[77.561773,13.0365006],[77.5618863,13.0364307],[77.5619714,13.0363782],[77.5622136,13.0362273],[77.5622821,13.0361847],[77.5625558,13.0360142],[77.5626112,13.0359803],[77.5627902,13.035871],[77.5627663,13.0358666],[77.5628012,13.0358453],[77.5628064,13.0358332],[77.5628278,13.0357832],[77.5629077,13.0355969],[77.5629295,13.0355461],[77.563015,13.0353466],[77.5629698,13.0348275],[77.5627012,13.0343773],[77.5625888,13.0341889],[77.5625902,13.0341489],[77.5626041,13.0339683],[77.5626175,13.0338306],[77.5626268,13.0337594],[77.5626288,13.0337435],[77.5626392,13.0336639],[77.5626485,13.0335924],[77.5626657,13.0334727],[77.5626679,13.0334572],[77.5626855,13.0333353],[77.5627157,13.0331731],[77.5627477,13.0330017],[77.5627692,13.0328691],[77.5627943,13.0327148],[77.5627993,13.0326768],[77.5628118,13.0325811],[77.5628182,13.032533],[77.5628335,13.0324404],[77.5629152,13.032031],[77.5629693,13.0320285],[77.5629803,13.032028],[77.5630014,13.032027],[77.5632229,13.0320117],[77.5633702,13.032001],[77.5634235,13.0319961],[77.5636999,13.0319702],[77.5638441,13.0319547],[77.5638388,13.0319191],[77.563836,13.0319003],[77.563819,13.0317828],[77.5637467,13.0312837],[77.5637379,13.0312232],[77.563615,13.0303753],[77.563609,13.0303333],[77.5635913,13.0302113],[77.5635736,13.0300865],[77.5635586,13.0300456],[77.563531,13.0300155],[77.5635018,13.0300069],[77.5636342,13.0299651],[77.5636473,13.0299609],[77.5637351,13.0299332],[77.5637771,13.0299183],[77.5638951,13.0298812],[77.564134,13.0298153],[77.5643026,13.0297722],[77.5645473,13.0297256],[77.565548,13.0295419],[77.565711,13.0295132],[77.5660417,13.0294287],[77.5661008,13.0294079],[77.5661277,13.0293985],[77.5661064,13.0292848],[77.5658373,13.0280086],[77.5686273,13.0275864],[77.5688928,13.0275462],[77.5716263,13.0271325],[77.5717241,13.0271177],[77.5717607,13.0271122],[77.5718252,13.0268773],[77.5718516,13.0267566],[77.5718518,13.0267555],[77.5718614,13.0267119],[77.5718815,13.0265885],[77.5718873,13.0265128],[77.5719026,13.0263144],[77.5719081,13.0262456],[77.571962,13.0256474],[77.5720157,13.0248883],[77.5720264,13.0247364],[77.5720839,13.0239236],[77.5721103,13.0235313],[77.5721166,13.0234375],[77.5722096,13.0220535],[77.5722145,13.0219807],[77.5722947,13.0207886],[77.5723133,13.0205558],[77.5723178,13.0204995],[77.5724102,13.0193409],[77.5724162,13.019266],[77.5724893,13.0183499],[77.5720354,13.0182881],[77.5720327,13.0180251],[77.5723386,13.0179026],[77.5725427,13.0176586],[77.5725446,13.0176563],[77.5725446,13.0176558],[77.5725775,13.0172444],[77.5725775,13.0172443],[77.5725909,13.0170764],[77.572619,13.0166449],[77.5726397,13.0163283],[77.5726437,13.0162677],[77.5727207,13.015088],[77.5727247,13.0150265],[77.5727432,13.0147426],[77.5727433,13.0147423],[77.572748,13.014669],[77.5725714,13.0146524],[77.5725394,13.0146499],[77.5725387,13.0146498],[77.5725385,13.0146498],[77.5725391,13.0146462],[77.5725391,13.0146461],[77.5725393,13.0146445],[77.5725793,13.0143878],[77.5726291,13.0142518],[77.5729088,13.0138436],[77.5729349,13.0136334],[77.5730793,13.0124719],[77.5731156,13.0121792],[77.573143,13.0121852],[77.5731431,13.0121852],[77.5736687,13.0123002],[77.5736714,13.0123008],[77.5742832,13.0123301],[77.5749319,13.0123611],[77.5750081,13.0123648],[77.575083,13.0122567],[77.5754042,13.0117935],[77.5754878,13.0116729],[77.5754861,13.0116689],[77.575485,13.0116647],[77.5754846,13.0116604],[77.5754793,13.0100435],[77.5754793,13.010043],[77.5754787,13.00986],[77.5754781,13.0097023],[77.575537,13.0096437],[77.5755378,13.0096429],[77.5756147,13.0095663],[77.5757379,13.0094512],[77.5757578,13.0094215],[77.5758244,13.0093219],[77.5758441,13.0092925],[77.5762142,13.0087391],[77.5763558,13.0085675],[77.5764749,13.0084327],[77.5765377,13.0083863],[77.5768538,13.0082217],[77.5771327,13.0080561],[77.5772541,13.0079971],[77.5772734,13.0079877],[77.5770364,13.0075234],[77.5770362,13.007523],[77.5769659,13.0073853],[77.5772155,13.0072499],[77.5774532,13.0071181],[77.5776107,13.0070334],[77.5776239,13.0070263],[77.5779194,13.0068674],[77.5782318,13.0066878],[77.5783223,13.006644],[77.5787887,13.0064067],[77.578807,13.0063974],[77.5786875,13.0061814],[77.5786418,13.0060904],[77.578627,13.0060539],[77.5786146,13.0060185],[77.5786048,13.0059729],[77.578595,13.0059233],[77.5785881,13.0058793],[77.5785829,13.0058083],[77.5785825,13.0058032],[77.5785743,13.0057151],[77.5785691,13.0056596],[77.5785438,13.0053889],[77.5785415,13.0053642],[77.578539,13.0053194],[77.5785326,13.0046805],[77.5785267,13.0040786],[77.5785258,13.0039877],[77.578524,13.0038077],[77.5785233,13.003736],[77.5785232,13.0037322],[77.5785223,13.0036359],[77.5785099,13.0027772],[77.5785096,13.0027535],[77.5785084,13.0025107],[77.5785079,13.0024224],[77.5785062,13.0020768],[77.5785029,13.0019367],[77.5784935,13.0018509],[77.5784915,13.0018329],[77.5784907,13.0018257],[77.5784589,13.0015353],[77.5784387,13.0014313],[77.5784313,13.0013932],[77.5784242,13.0013567],[77.5783901,13.0011812],[77.5783692,13.001076],[77.5783631,13.0010453],[77.5783488,13.0009734],[77.5783483,13.0009707],[77.5783266,13.0008693],[77.5783114,13.0007986],[77.5782817,13.0006596],[77.5782468,13.0004962],[77.5782367,13.0004313],[77.5782269,13.0003681],[77.5782039,13.0002196],[77.5781884,13.0001192],[77.5781621,12.9999493],[77.5781541,12.9998878],[77.5781503,12.9998582],[77.5781355,12.9997443],[77.5781345,12.9997367],[77.5781268,12.9996778],[77.5781163,12.999481],[77.5781145,12.9994475],[77.578108,12.9993277],[77.578108,12.9993272],[77.5781044,12.9992593],[77.5780844,12.9992603],[77.5780659,12.9992602],[77.5780458,12.9992602],[77.5779817,12.9992548],[77.577915,12.9992485],[77.5778482,12.9992368],[77.577776,12.9992237],[77.5776963,12.9992015],[77.5773558,12.9990926],[77.5773483,12.9990902],[77.5772539,12.99906],[77.5770538,12.998996],[77.5770274,12.9989879],[77.5769798,12.9989732],[77.576944,12.9989645],[77.5768037,12.9989516],[77.5767658,12.9989487],[77.5767381,12.9989466],[77.5767195,12.9989452],[77.5766759,12.9989419],[77.5765894,12.9989418],[77.5764874,12.9989418],[77.5762806,12.9989431],[77.5760774,12.9989443],[77.5759658,12.998945],[77.5758749,12.9989455],[77.5758501,12.9989457],[77.5757625,12.9989462],[77.5757473,12.9989463],[77.575647,12.9989469],[77.5752701,12.9989379],[77.5751387,12.9989347],[77.5751023,12.9989338],[77.5750728,12.9989331],[77.5750675,12.998933],[77.5747876,12.9989314],[77.5744464,12.9989296],[77.5743758,12.9989292],[77.5743563,12.9989291],[77.5741077,12.9989331],[77.573974,12.9989353],[77.573969,12.9989354],[77.5739708,12.9989035],[77.5739743,12.9988425],[77.5739751,12.9988303],[77.5739863,12.9986359],[77.574,12.9983985],[77.574023,12.9984012],[77.5740982,12.9984101],[77.5740988,12.9984102],[77.5741088,12.9984114],[77.5741139,12.9983996],[77.5741142,12.9983989],[77.5742082,12.9981845],[77.5742595,12.9980675],[77.5742695,12.9980446],[77.5743808,12.9977906],[77.5745352,12.9974382],[77.5745615,12.9973599],[77.574567,12.9973436],[77.5746339,12.997144],[77.574682,12.9969156],[77.5746821,12.9969151],[77.5746945,12.9968559],[77.5746994,12.9968328],[77.5746562,12.9968366],[77.574595,12.9968401],[77.5744717,12.9968522],[77.5744002,12.9968691],[77.5743078,12.9968948],[77.5743078,12.996896],[77.5743026,12.9968958],[77.5741911,12.9969176],[77.5740633,12.9969286],[77.5740138,12.9969276],[77.5739536,12.9969264],[77.5734663,12.9969001],[77.5734498,12.9968992],[77.5734074,12.9968969],[77.5732224,12.9968901],[77.5732221,12.9968901],[77.5732327,12.9966598],[77.5732512,12.9965101],[77.5732613,12.9964391],[77.573264,12.9964275],[77.5732641,12.996427],[77.5732701,12.9964005],[77.5732727,12.9963893],[77.5732798,12.9963632],[77.5731887,12.9963576],[77.5729284,12.9963416],[77.5727531,12.9963352],[77.572753,12.9963352],[77.5727294,12.9963343],[77.5727295,12.9961127],[77.5727295,12.9959377],[77.5727296,12.9958964],[77.5727273,12.9956722],[77.572729,12.9956371],[77.572753,12.9951587],[77.5727544,12.9951297],[77.5727618,12.9949834],[77.5727629,12.9949603],[77.5727554,12.9946747],[77.572756,12.9946582],[77.5727577,12.9946133],[77.5727604,12.9945428],[77.5727719,12.9942812],[77.572777,12.9941674],[77.5727883,12.9939363],[77.5727909,12.9938827],[77.5727939,12.9938214],[77.5727943,12.9938076],[77.5727952,12.9937836],[77.5727968,12.9937346],[77.5728016,12.9935945],[77.5728016,12.993594],[77.572804,12.993526],[77.5726771,12.9935186],[77.572648,12.9935167],[77.5722941,12.9934932],[77.5722644,12.9934899],[77.5722097,12.9934837],[77.5721485,12.9934767],[77.5721124,12.9934727],[77.5719783,12.9934575],[77.5719654,12.9934559],[77.5717256,12.9934257],[77.5715059,12.993405],[77.5714668,12.9934013],[77.5714081,12.9933958],[77.5713842,12.9933936],[77.571319,12.9933874],[77.5710479,12.9933702],[77.5708781,12.9933595],[77.5708407,12.9933572],[77.5708113,12.9933552],[77.5708242,12.9932144],[77.5708405,12.993037],[77.5708423,12.993017],[77.5708649,12.9926877],[77.5708677,12.9926472],[77.5708683,12.9926384],[77.5708683,12.9926382],[77.5708634,12.9926035],[77.570713,12.9923757],[77.5706322,12.9922455],[77.5706232,12.9922122],[77.5706036,12.9921402],[77.570579,12.9920495],[77.5705713,12.9919242],[77.5705307,12.9918309],[77.5705293,12.9918248],[77.5705289,12.9918227],[77.5705155,12.9917471],[77.5705153,12.9917461],[77.5705129,12.9917261],[77.5705129,12.9917258],[77.5705185,12.9916616],[77.5705326,12.9916265],[77.5706692,12.991528],[77.5707653,12.9914542],[77.5707751,12.9914466],[77.5710251,12.9912546],[77.5711855,12.9911295],[77.5712759,12.991059],[77.5712823,12.9910442],[77.5712848,12.9910381],[77.5712882,12.9910295],[77.5712879,12.9909945],[77.5712493,12.9909395],[77.571042,12.990678],[77.5709511,12.9905632],[77.5709508,12.9905629],[77.5709069,12.9905075],[77.5707966,12.9903692],[77.5707901,12.9903546],[77.5707901,12.9903541],[77.5707899,12.9903377],[77.5708007,12.9903195],[77.5708636,12.9902732],[77.5709113,12.990238],[77.5709156,12.9902348],[77.571051,12.9901351],[77.5710556,12.9901318],[77.5710741,12.990083],[77.571074,12.9900826],[77.571064,12.9899809],[77.5710615,12.9899555],[77.5710554,12.9898946],[77.5710283,12.9898328],[77.5709889,12.989784],[77.5709706,12.9897614],[77.5709432,12.9897274],[77.5708806,12.9896942],[77.5707577,12.9896818],[77.5707415,12.9896802],[77.5705559,12.9896615],[77.5705469,12.9896605],[77.5704157,12.9896473],[77.570411,12.9896469],[77.5704011,12.9896459],[77.5703445,12.9896207],[77.5703357,12.9896167],[77.5702812,12.9895925],[77.5702782,12.9895912],[77.570215,12.9895631],[77.5702102,12.9895609],[77.5701493,12.9895338],[77.5701453,12.989532],[77.5700801,12.9895031],[77.5700783,12.9895022],[77.5700784,12.9895018],[77.570097,12.9893654],[77.5701339,12.9890872],[77.5701632,12.9888599],[77.5701779,12.9887186],[77.5701853,12.9885989],[77.5701853,12.9885986],[77.5701776,12.988482],[77.5701776,12.9884818],[77.5702091,12.9882385],[77.5702227,12.9880884],[77.5702519,12.9874721],[77.5702409,12.9870001],[77.5702212,12.9867043],[77.5701975,12.9863492],[77.5701941,12.9862984],[77.570103,12.9857346],[77.5699416,12.9851475],[77.5698266,12.9848111],[77.569748,12.9845814],[77.5696494,12.9842929],[77.5694247,12.9837788],[77.569273,12.9832567],[77.5692094,12.9830379],[77.569189,12.9829676],[77.5691257,12.9827501],[77.5691026,12.9826704],[77.5690543,12.9826752],[77.5689767,12.982683],[77.5688092,12.9826521],[77.5686651,12.9826055],[77.5684126,12.9825184],[77.5681651,12.9824488],[77.5681517,12.9824448],[77.5680997,12.9824291],[77.5680534,12.9824152],[77.5676639,12.9822981],[77.5676637,12.9822981],[77.5669064,12.9820675],[77.5667817,12.9820277],[77.5666629,12.9819934],[77.5665842,12.9819707],[77.5665262,12.98196],[77.5665261,12.9819599],[77.5664745,12.9819504],[77.5664316,12.9819428],[77.5663754,12.9819411],[77.5663354,12.9819416],[77.5663029,12.981942],[77.5662699,12.981944],[77.5662422,12.981948],[77.5662106,12.9819529],[77.5661315,12.9819701],[77.5660532,12.9819878],[77.564692,12.9822463],[77.564525,12.9822712],[77.5644729,12.9822789],[77.5643623,12.9822944],[77.5643216,12.9823017],[77.564105,12.9823341],[77.5641049,12.9823341],[77.5639378,12.9823613],[77.5638133,12.9823801],[77.5632974,12.9824579],[77.5632396,12.982466],[77.5632372,12.9824658],[77.5632245,12.9824651],[77.5630365,12.9824909],[77.5629825,12.9824986],[77.5621396,12.9825942],[77.562129,12.9825951],[77.5619371,12.9826133],[77.5619343,12.9826136],[77.5616796,12.9826376],[77.5616565,12.9826394],[77.5616482,12.9826404],[77.5616469,12.9826405],[77.5616436,12.9826409],[77.5615846,12.9828217],[77.561527,12.9830039],[77.5615028,12.9833044],[77.5614621,12.9836146],[77.5613491,12.984197],[77.5612849,12.9843956],[77.5612018,12.9845656],[77.5610782,12.984781],[77.5610369,12.9848455],[77.5610135,12.9849318],[77.560988,12.9851137],[77.5609727,12.985328],[77.5609902,12.9854572],[77.5610409,12.9858541],[77.5610371,12.9859977],[77.5608569,12.9864039],[77.5607794,12.9866399],[77.5607847,12.98668],[77.5608447,12.9868295],[77.5609573,12.9869544],[77.561069,12.9870243],[77.5611515,12.9870419],[77.5611541,12.9870425],[77.5611542,12.9870425],[77.561799,12.9871806],[77.5618341,12.9872212],[77.5618342,12.9872214],[77.5618346,12.9872218],[77.5618523,12.9872422],[77.5618459,12.987292],[77.5618225,12.9873811],[77.5617437,12.9874986],[77.5616356,12.9877014],[77.5616114,12.9878553],[77.5615609,12.9879287],[77.5615234,12.9879721],[77.5613561,12.988493],[77.5613478,12.9885351],[77.5613016,12.9885987],[77.5612116,12.9886655],[77.5611534,12.9886919],[77.5610966,12.9893379],[77.5610613,12.9896031],[77.561026,12.989766],[77.561021,12.9898512],[77.5610345,12.9899304],[77.5610704,12.9900084],[77.5611197,12.9900329],[77.5611202,12.990033],[77.561121,12.9900331],[77.5616142,12.9900834],[77.5616465,12.9900917],[77.5616414,12.990117],[77.5616414,12.9901171],[77.5616413,12.9901174],[77.5616363,12.9901424],[77.56163,12.990197],[77.5615544,12.990432],[77.561348,12.9908414],[77.5612424,12.9910002],[77.5611614,12.9910928],[77.5610668,12.9912028],[77.5609418,12.9913483],[77.5608446,12.9914745],[77.5607976,12.9915534],[77.5607827,12.9916195],[77.5607704,12.9916588],[77.5607216,12.9917483],[77.5606524,12.9918465],[77.5605761,12.9919141],[77.5604641,12.9919751],[77.5603686,12.9921256],[77.5603322,12.9921881],[77.5601578,12.9924862],[77.5600762,12.9928064],[77.560037,12.9929779],[77.5600754,12.9936717],[77.5601028,12.9939541],[77.5601465,12.9940488],[77.5603945,12.9944715],[77.5604044,12.9945996],[77.5591276,12.9950018],[77.5591116,12.9950089],[77.5591378,12.9951108],[77.559138,12.9951116],[77.5591725,12.9952454],[77.5590803,12.9952655],[77.5590792,12.9952658],[77.5587542,12.9953366],[77.5587473,12.9953357],[77.5587294,12.995681],[77.5587968,12.9956778],[77.5587981,12.9956778],[77.5590354,12.9956665],[77.5590588,12.9958566],[77.5587336,12.995899],[77.5587285,12.9958129],[77.5587284,12.9958124],[77.558723,12.9957222],[77.5585262,12.9957284],[77.5585249,12.9957284],[77.5584124,12.995732],[77.5584113,12.995732],[77.5583682,12.9957333],[77.5583692,12.9958302],[77.5583692,12.9958308],[77.5583696,12.9958634],[77.5572475,12.9959815],[77.5570211,12.9960201],[77.55702,12.9960203],[77.5570199,12.9960203],[77.5570263,12.9961106],[77.5570263,12.9961111],[77.557006,12.996113],[77.5568629,12.9961268],[77.5570151,12.9980472],[77.5570483,12.9980783],[77.5573864,12.9983955],[77.5574003,12.9984445],[77.5574005,12.9984454],[77.5574009,12.9984467],[77.5574045,12.9984594],[77.5574248,12.9985309],[77.557466,12.9986968],[77.5575475,12.9990247],[77.5576628,12.9994339],[77.5576695,12.9994574],[77.5577203,12.9996377],[77.5577909,12.9998964],[77.5577981,12.999923],[77.5578374,13.0000669],[77.5579507,13.0004977],[77.5579531,13.0005062],[77.5580219,13.0007433],[77.5580671,13.0009152],[77.5580747,13.000944],[77.5580997,13.0010392],[77.5581344,13.0011709],[77.5582011,13.0014166],[77.5582813,13.0016856],[77.5582901,13.0017207],[77.5583273,13.0018675],[77.5583296,13.0018766],[77.5583579,13.0019886],[77.5583662,13.0020212],[77.5583772,13.0020641],[77.558384,13.0020906],[77.5584034,13.0021663],[77.5584213,13.0022364],[77.5584972,13.0025607],[77.5585482,13.0027696],[77.5586247,13.0031226],[77.5586602,13.0032585],[77.5586946,13.0033902],[77.5587336,13.0035623],[77.5587396,13.0035886],[77.5588,13.0038548],[77.5589123,13.0043075],[77.558956,13.0045188],[77.5589734,13.0045145],[77.558974,13.0045143],[77.5589741,13.0045143],[77.5590992,13.0044827],[77.5593598,13.004426],[77.5593852,13.0044205],[77.5594017,13.0044871],[77.5594019,13.0044875],[77.559402,13.0044879],[77.5594858,13.0048262],[77.5595159,13.0048194],[77.559516,13.0048194],[77.5595168,13.0048192],[77.5595892,13.004803],[77.5596747,13.0047838],[77.5598313,13.0047464],[77.5598629,13.0047388],[77.5602484,13.0046467],[77.5607174,13.004538],[77.5607347,13.0045347],[77.5607597,13.0045299],[77.5612294,13.0044394],[77.561534,13.004409],[77.561227,13.0051552],[77.5611564,13.0053559],[77.561116,13.0054707],[77.5604972,13.0072306],[77.5604804,13.0072783],[77.5603722,13.0075861],[77.5602958,13.0078364],[77.5602272,13.0080527],[77.5601126,13.0084104],[77.5598582,13.0092463],[77.5598354,13.0093211],[77.5593751,13.0108329],[77.5592548,13.011124],[77.5592038,13.0112474],[77.5588613,13.0120762],[77.5582763,13.0129484],[77.5582182,13.013035],[77.5580714,13.0132539],[77.5573193,13.014113],[77.5565402,13.0149553],[77.5565239,13.0149729],[77.5563806,13.0151279],[77.5563308,13.0151818],[77.5562139,13.0153118],[77.5562138,13.0153119],[77.5562088,13.0153174],[77.5559781,13.015574],[77.5558314,13.015761],[77.5557904,13.0158131],[77.5557892,13.0158123],[77.555702,13.0157499],[77.555625,13.0157019],[77.5556058,13.0156899],[77.5554675,13.0156091],[77.5553476,13.0155548],[77.555261,13.0155234],[77.5552578,13.0155222],[77.5552525,13.0155203],[77.5552081,13.0155082],[77.5551315,13.0154872],[77.5551195,13.0154839],[77.5549825,13.0154601],[77.5548759,13.0154483],[77.5547817,13.0153866],[77.5547437,13.0153655],[77.5547373,13.0153619],[77.554736,13.0153612],[77.5547338,13.0153601],[77.5547147,13.0153505],[77.5546922,13.0153416],[77.5546624,13.0153316],[77.5546188,13.0153223],[77.5545891,13.0153168],[77.5545083,13.0153066],[77.5544046,13.0152973],[77.5543538,13.01529],[77.5543273,13.0152845],[77.5543015,13.0152776],[77.5542738,13.0152688],[77.5542506,13.0152607],[77.5542254,13.015248],[77.5542243,13.0152473],[77.5542208,13.015245],[77.5542108,13.0152384],[77.5541988,13.0152301],[77.5541869,13.0152193],[77.5541795,13.0152084],[77.5541701,13.0151923],[77.5541594,13.0151737],[77.5541533,13.0151589],[77.5541494,13.0151428],[77.5541455,13.0151253],[77.553926,13.0158329],[77.5539213,13.0158774],[77.5538976,13.0160755],[77.5538645,13.0163322],[77.5538378,13.0164994],[77.5538351,13.0165164],[77.5538296,13.0165509],[77.5538249,13.0165757],[77.5538209,13.0165971],[77.5538191,13.0166065],[77.5537828,13.0167993],[77.5536656,13.0172947],[77.5536257,13.017436],[77.5536102,13.0174911],[77.5535287,13.0177803],[77.5535138,13.0178376],[77.553394,13.0182977],[77.5533888,13.0183124],[77.5533166,13.018499],[77.553247,13.018679],[77.5532008,13.0188009],[77.5531475,13.0189415],[77.5531333,13.0189825],[77.5530635,13.0191847],[77.5529823,13.0194036],[77.5528923,13.019606],[77.5527732,13.0198511],[77.5527673,13.019863],[77.552734,13.0199316],[77.5525995,13.020208],[77.5523949,13.020606],[77.5521868,13.0210109],[77.5520119,13.0213624],[77.5519985,13.0213893],[77.5519518,13.0214833],[77.5518002,13.0217359],[77.5516941,13.0218862],[77.5515621,13.0220437],[77.5514267,13.0221821],[77.5513101,13.0222888],[77.551281,13.0223112],[77.5512683,13.0224106],[77.5512682,13.0224115],[77.5512674,13.0224177],[77.5511854,13.0230622],[77.5510805,13.0235353],[77.5508041,13.0245181],[77.5502119,13.0256056],[77.5496563,13.0267047],[77.549076,13.0283657],[77.5471775,13.0321539],[77.5471397,13.0322292],[77.5468074,13.0328923],[77.5465341,13.0335213],[77.5465017,13.0335961],[77.5462644,13.0341423],[77.5455241,13.0356615],[77.5448802,13.0367744],[77.5448323,13.0368571],[77.5443621,13.0376696],[77.5438959,13.0382616],[77.5429506,13.0392826],[77.5434468,13.0398258],[77.5437525,13.0400879],[77.5445328,13.0407986],[77.5448158,13.0409869],[77.5458454,13.0412702],[77.5462901,13.0414024],[77.5467575,13.0415794],[77.5471614,13.0416982],[77.5474166,13.0417757],[77.5477319,13.0418716],[77.5481499,13.0420273],[77.5486952,13.0422111],[77.549466,13.0424732],[77.5497621,13.0425622],[77.5501143,13.0426735],[77.5504192,13.0427676],[77.5506283,13.0428327],[77.5508065,13.0428964],[77.5513062,13.0430491],[77.5520844,13.0433078],[77.5522968,13.0433794],[77.5528883,13.0435571],[77.553781,13.0438336],[77.5539337,13.0438801],[77.5539347,13.0438803],[77.5542758,13.0439841],[77.554763,13.0441848],[77.5549001,13.0442408],[77.5550393,13.0442634],[77.5565342,13.0440574],[77.5568721,13.0440377],[77.5573152,13.0440166],[77.5574214,13.043918],[77.5575709,13.0438458],[77.557958,13.0437463]]]}},{"type":"Feature","properties":{"KGISSub_DivisionID":16,"Sub_DivisionName":"S12"},"geometry":{"type":"Polygon","coordinates":[[[77.6157963,12.9283668],[77.6159377,12.9281322],[77.61628,12.9275642],[77.6163264,12.9274849],[77.6166104,12.9270234],[77.6168304,12.9266659],[77.6168547,12.9266263],[77.6171235,12.9261895],[77.6171364,12.9261685],[77.6173446,12.9258332],[77.6179328,12.9248859],[77.6181143,12.9245936],[77.6186027,12.9237975],[77.6188092,12.9234979],[77.6190288,12.923169],[77.620233,12.9211844],[77.6203293,12.9210104],[77.6203588,12.9209414],[77.6204114,12.9208408],[77.6205253,12.9206502],[77.6205658,12.9205836],[77.6209498,12.9199519],[77.6210341,12.9198133],[77.6213664,12.9193482],[77.6213957,12.9193073],[77.6214643,12.9192112],[77.6215714,12.9190817],[77.6216857,12.9189331],[77.6217546,12.9188482],[77.6218519,12.9187135],[77.6219394,12.9185866],[77.6219838,12.9185223],[77.62202,12.9184697],[77.6221334,12.9182927],[77.6221964,12.9181942],[77.6223629,12.9179292],[77.622363,12.9179291],[77.6227547,12.9173084],[77.622808,12.9172196],[77.6228388,12.9171684],[77.6228863,12.9170893],[77.6230644,12.9167716],[77.6234869,12.9160099],[77.6235492,12.9158961],[77.6238711,12.9153077],[77.6238764,12.9152983],[77.6238799,12.9152917],[77.62433,12.9144973],[77.6243595,12.9144494],[77.624427,12.9143308],[77.625032,12.9133573],[77.6252174,12.9130562],[77.6252336,12.9130299],[77.6250246,12.9129271],[77.6249752,12.9129027],[77.6249408,12.9128901],[77.6249083,12.9128782],[77.6248849,12.9128727],[77.6248544,12.9128654],[77.624799,12.9128565],[77.6247073,12.9128428],[77.6246905,12.9128403],[77.6246163,12.9128292],[77.6246031,12.9128271],[77.6245724,12.9128223],[77.6245434,12.9128177],[77.6245334,12.9128161],[77.6244783,12.9128075],[77.6244659,12.9128055],[77.6243648,12.9128034],[77.62433,12.9128033],[77.6243236,12.9128032],[77.6243062,12.9128032],[77.624267,12.9128091],[77.6241966,12.9128211],[77.6241631,12.9128268],[77.6241523,12.9128291],[77.6241522,12.9128287],[77.6241298,12.9128325],[77.6239366,12.9128718],[77.6238737,12.9128846],[77.6238584,12.9128832],[77.6238285,12.9128654],[77.6238042,12.912842],[77.6237195,12.9127424],[77.6236993,12.9127188],[77.6236807,12.9127009],[77.6236702,12.9126947],[77.6236517,12.9126917],[77.6236426,12.9126918],[77.6236172,12.9126921],[77.6235504,12.9127001],[77.6234085,12.9127167],[77.6233251,12.9127265],[77.6232593,12.9127295],[77.6232268,12.9127309],[77.6232176,12.9127314],[77.6232144,12.9127315],[77.6231775,12.9127369],[77.6231709,12.9127379],[77.6231639,12.9127389],[77.6231624,12.9127391],[77.6231331,12.912744],[77.623062,12.9127559],[77.6230164,12.9127603],[77.6229346,12.9127493],[77.6228201,12.9127432],[77.6227888,12.9127413],[77.6226341,12.9127539],[77.6225897,12.9127586],[77.6225534,12.9127625],[77.6225442,12.9127635],[77.6224882,12.9127695],[77.6224537,12.9127742],[77.6223584,12.9127872],[77.6222778,12.9127983],[77.6222598,12.9128007],[77.6222411,12.9128033],[77.622233,12.9128044],[77.6222248,12.9127728],[77.6222005,12.9126789],[77.6221684,12.9125547],[77.6221507,12.9124863],[77.6221505,12.9124861],[77.6218721,12.9122344],[77.6216535,12.9120398],[77.6216154,12.9119965],[77.6216081,12.9119882],[77.6215992,12.9119782],[77.6215627,12.9118293],[77.6214869,12.9115205],[77.6214822,12.9115013],[77.6213769,12.91124],[77.621256,12.910422],[77.6211234,12.9097862],[77.6211615,12.9094872],[77.6211947,12.9087602],[77.6212597,12.908514],[77.6212595,12.9085061],[77.6212592,12.9084914],[77.621259,12.9084839],[77.6212547,12.9082928],[77.6212498,12.9080718],[77.6212457,12.9078926],[77.621243,12.9077735],[77.6212427,12.9077582],[77.6212369,12.9073848],[77.6209146,12.9070433],[77.6207529,12.906872],[77.6206342,12.9067413],[77.6206179,12.9067239],[77.6204186,12.9066655],[77.6197456,12.9064234],[77.6197011,12.9064074],[77.619345,12.9062468],[77.6192018,12.9061822],[77.6190023,12.9060922],[77.6187577,12.9057915],[77.6184829,12.9053773],[77.6181466,12.9046225],[77.6178854,12.9036586],[77.6177218,12.9028472],[77.6177034,12.9027562],[77.6177359,12.9027552],[77.6176566,12.9027506],[77.6176524,12.9027503],[77.6175883,12.9027356],[77.6175101,12.902682],[77.6174693,12.9026414],[77.6173845,12.9023729],[77.6173755,12.9023444],[77.6173483,12.9022582],[77.6172836,12.9021275],[77.6172523,12.9021],[77.6172062,12.9020859],[77.6171833,12.9020832],[77.6171112,12.9020746],[77.6168887,12.9020066],[77.6168497,12.9019785],[77.6167994,12.9019053],[77.6167055,12.9018597],[77.6163447,12.9015647],[77.6162829,12.9015198],[77.615903,12.9012441],[77.6157882,12.9011609],[77.6157181,12.9011099],[77.614549,12.8997975],[77.614499,12.8997414],[77.6144636,12.8997085],[77.6140251,12.8993004],[77.6139241,12.8992331],[77.6138484,12.8992097],[77.6137914,12.8992167],[77.6136016,12.8992885],[77.613558,12.8990814],[77.6134345,12.8984948],[77.6134396,12.8984793],[77.6134952,12.8984549],[77.613535,12.8984225],[77.6135315,12.898393],[77.6135038,12.8981597],[77.6131074,12.8981817],[77.6129906,12.8981881],[77.612988,12.8981775],[77.6129753,12.8981389],[77.612969,12.8981197],[77.6129387,12.8980801],[77.6129137,12.8980634],[77.6128411,12.8980454],[77.6127119,12.8980397],[77.6126038,12.8980534],[77.6125411,12.8980622],[77.6125255,12.8980606],[77.6124915,12.8980569],[77.612414,12.8980274],[77.6123639,12.8980057],[77.6123168,12.8979881],[77.6122886,12.8979815],[77.6122029,12.89798],[77.6121424,12.8979876],[77.6120965,12.8979996],[77.612025,12.8980385],[77.6120145,12.8980489],[77.6120005,12.8980707],[77.6119937,12.8981048],[77.6119924,12.8981531],[77.6119981,12.8982441],[77.6120202,12.8983727],[77.6120641,12.8985066],[77.6121061,12.8985906],[77.612163,12.8987017],[77.6122416,12.8988849],[77.612303,12.899094],[77.6123267,12.8991748],[77.6123446,12.8992431],[77.6123898,12.8995693],[77.6124249,12.899813],[77.6124241,12.8998634],[77.612421,12.8998847],[77.6124035,12.899908],[77.6123743,12.8999303],[77.6123414,12.899948],[77.612305,12.8999599],[77.6122147,12.8999684],[77.6118783,12.9000054],[77.6118094,12.9000216],[77.6117673,12.9000396],[77.6117475,12.900064],[77.6117336,12.9001133],[77.6117419,12.9003914],[77.611756,12.9006744],[77.6117558,12.9006745],[77.6117816,12.9011631],[77.6118001,12.9015298],[77.6118054,12.9016306],[77.6118131,12.9017175],[77.6118349,12.9019347],[77.6118447,12.9020522],[77.6118381,12.90208],[77.6118242,12.9021033],[77.6117621,12.9021444],[77.6117236,12.9021572],[77.6116742,12.9021737],[77.6116236,12.9021847],[77.6114313,12.9022219],[77.6113584,12.9022493],[77.6113409,12.902261],[77.6113258,12.9022843],[77.6113167,12.9023225],[77.6113163,12.9023873],[77.6113207,12.90245],[77.6113312,12.9025832],[77.6113234,12.9026318],[77.6113146,12.9026379],[77.6113047,12.9026447],[77.6110976,12.9026705],[77.6109624,12.9026959],[77.6108727,12.902716],[77.6107551,12.9027401],[77.610701,12.9027501],[77.6106354,12.9027741],[77.6105416,12.902834],[77.6104877,12.9028576],[77.6104305,12.9028744],[77.6102433,12.9029161],[77.610113,12.9029391],[77.6097931,12.9029668],[77.60973,12.9029783],[77.6096118,12.9029998],[77.6093865,12.9029986],[77.6093162,12.903008],[77.609105,12.9030645],[77.60906,12.9030989],[77.6090224,12.9031959],[77.6090128,12.9032964],[77.6090063,12.9033857],[77.6090068,12.9035248],[77.6087738,12.9034252],[77.6084725,12.9033073],[77.608227,12.903288],[77.6078145,12.9032959],[77.6074469,12.9032627],[77.6069414,12.9032199],[77.6066769,12.9031999],[77.6053092,12.9031539],[77.6046778,12.9032138],[77.6034224,12.9033125],[77.6026577,12.9033617],[77.6015046,12.9034171],[77.6014746,12.9034185],[77.6014755,12.9034223],[77.6015341,12.9036496],[77.6015962,12.9038923],[77.6017762,12.9046236],[77.6018077,12.9047604],[77.6018793,12.9050711],[77.6019008,12.9052706],[77.6018873,12.9054267],[77.6018832,12.9054528],[77.6018693,12.9055421],[77.6017819,12.9057599],[77.6016684,12.905934],[77.6016349,12.9059756],[77.6016138,12.9060018],[77.6015991,12.9060204],[77.6013552,12.9063271],[77.6012647,12.9064409],[77.6007715,12.9070338],[77.6007329,12.9070802],[77.600596,12.9072805],[77.6005861,12.9072953],[77.6005822,12.9073012],[77.6005675,12.9073233],[77.6005558,12.9073458],[77.6005022,12.9074491],[77.6004702,12.9075355],[77.6004211,12.907635],[77.6003961,12.9077188],[77.6003725,12.9078851],[77.6003611,12.9079541],[77.6003385,12.9081034],[77.6003269,12.9082627],[77.6003178,12.9083283],[77.6002984,12.9085114],[77.6002831,12.908646],[77.6002817,12.9086833],[77.6002639,12.9088506],[77.600243,12.9090044],[77.6002399,12.9090372],[77.6002269,12.9092247],[77.6002136,12.9093898],[77.6002026,12.9095502],[77.6001816,12.9097469],[77.600137,12.9101008],[77.6000957,12.9104538],[77.6000952,12.9104581],[77.6000525,12.9107838],[77.6000107,12.9111365],[77.5999524,12.9118429],[77.5999359,12.9121954],[77.5999261,12.9124371],[77.599932,12.913731],[77.599954,12.9142608],[77.5999632,12.9149886],[77.5999599,12.9152447],[77.5999598,12.9152467],[77.599918,12.9167459],[77.599917,12.9167802],[77.6000633,12.9193064],[77.6000646,12.9193349],[77.6001678,12.9211114],[77.6002146,12.9220388],[77.6002333,12.922413],[77.600254,12.9228252],[77.6002543,12.9228323],[77.6002929,12.9236032],[77.600353,12.924728],[77.6003974,12.9255589],[77.6004664,12.9268414],[77.6004743,12.9270332],[77.6005057,12.9277898],[77.6005191,12.9281126],[77.6005294,12.9283611],[77.6005295,12.9283611],[77.6005303,12.9283947],[77.6005305,12.9284025],[77.6005362,12.9286295],[77.6005383,12.9287326],[77.6005654,12.9294382],[77.6005744,12.9296171],[77.600666,12.9307927],[77.6006842,12.9310199],[77.6006888,12.9310686],[77.6006949,12.9311329],[77.600696,12.9311478],[77.6007194,12.9314609],[77.6007245,12.9315288],[77.6007564,12.9319098],[77.6007579,12.9319199],[77.6007585,12.9319245],[77.6008012,12.9322162],[77.6008902,12.9326953],[77.6009584,12.933062],[77.6011611,12.9341097],[77.6012411,12.9345357],[77.6012741,12.9347137],[77.6012808,12.9347677],[77.6013781,12.9355839],[77.6013863,12.935634],[77.6014155,12.9358801],[77.6014637,12.9361043],[77.6015636,12.9365692],[77.601583,12.9366599],[77.6016232,12.9368373],[77.6016939,12.9371495],[77.6029546,12.9369571],[77.604347,12.9367391],[77.6053928,12.9365804],[77.6062481,12.93648],[77.6063055,12.9364711],[77.6063926,12.9364601],[77.6065854,12.9364272],[77.6066091,12.9364186],[77.6070016,12.9362752],[77.6079076,12.9359261],[77.6083224,12.9356854],[77.6090951,12.9351997],[77.6091674,12.9351543],[77.6091761,12.935148],[77.6100636,12.9345141],[77.6102249,12.9343988],[77.6108067,12.933949],[77.6111316,12.9336977],[77.6112724,12.9335889],[77.6118958,12.9330952],[77.612387,12.9327079],[77.6124579,12.9326524],[77.6132136,12.9320655],[77.6134425,12.931882],[77.6136411,12.9317257],[77.6136833,12.9316926],[77.613802,12.9315995],[77.6139196,12.9314614],[77.6142283,12.930924],[77.6142284,12.9309239],[77.6142469,12.9308923],[77.6142496,12.9308875],[77.6146853,12.9301373],[77.6148497,12.9298818],[77.6149563,12.9297161],[77.6151675,12.9294106],[77.6152247,12.9293279],[77.6152332,12.9293127],[77.6152547,12.9292745],[77.6153315,12.9291379],[77.6157963,12.9283668]]]}},{"type":"Feature","properties":{"KGISSub_DivisionID":17,"Sub_DivisionName":"SW3"},"geometry":{"type":"Polygon","coordinates":[[[77.5521352,12.9514578],[77.5522645,12.9512813],[77.552341,12.9512985],[77.552477,12.9513291],[77.5527845,12.9514212],[77.55313,12.9515301],[77.5534808,12.9516473],[77.5541055,12.951867],[77.5543594,12.9518861],[77.554741,12.9518815],[77.5552147,12.9518374],[77.5554032,12.9518016],[77.5557247,12.9517405],[77.5556997,12.9516376],[77.5556705,12.9515177],[77.555557,12.9510279],[77.5555487,12.9509741],[77.5555446,12.9509473],[77.5555201,12.9507881],[77.5555061,12.9506517],[77.5555034,12.9505649],[77.5555064,12.9505082],[77.5555079,12.9504974],[77.5555147,12.9504473],[77.5555147,12.9504311],[77.5555152,12.950431],[77.5556493,12.950413],[77.5557476,12.950388],[77.5557846,12.9503786],[77.5560594,12.9503215],[77.5561367,12.9503054],[77.5564022,12.9502434],[77.5565089,12.9502101],[77.55651,12.9502098],[77.5565508,12.9501923],[77.5565822,12.9501788],[77.556607,12.9501644],[77.5566354,12.950148],[77.556692,12.9501031],[77.5567062,12.9500889],[77.5567296,12.9500655],[77.5567383,12.9500518],[77.556746,12.9500397],[77.5580453,12.9501499],[77.5580456,12.9500619],[77.5580463,12.9498391],[77.5580137,12.9497766],[77.5579295,12.9496156],[77.5579299,12.9495597],[77.5579335,12.9489563],[77.5578786,12.9486403],[77.5578663,12.9485693],[77.5578863,12.9485674],[77.5580535,12.9485517],[77.5581324,12.948542],[77.5581941,12.9485316],[77.5582412,12.9485205],[77.5583118,12.9484958],[77.5583751,12.9484711],[77.5588383,12.9482927],[77.5588563,12.9482858],[77.5589163,12.9482627],[77.5589631,12.9482447],[77.559057,12.9482072],[77.5591556,12.9481679],[77.5592166,12.9481505],[77.5592767,12.9481352],[77.5593395,12.9481259],[77.5593998,12.9481253],[77.5594664,12.9481271],[77.5594783,12.948129],[77.5595117,12.9481341],[77.559552,12.948146],[77.5595836,12.948158],[77.5596328,12.9481735],[77.5596807,12.9481879],[77.5597354,12.9482012],[77.5597453,12.9482036],[77.5598117,12.9482198],[77.559826,12.9482245],[77.5599075,12.9482509],[77.5600031,12.9482942],[77.560006,12.9482955],[77.5601506,12.9483676],[77.560288,12.9484277],[77.5603287,12.9484454],[77.5603387,12.9484498],[77.5604304,12.9484899],[77.5604861,12.9485111],[77.5605183,12.9485195],[77.5605599,12.9485268],[77.5605649,12.9485277],[77.5606004,12.9485273],[77.5606425,12.9485237],[77.5607111,12.9485143],[77.5608089,12.9485016],[77.560814,12.9485009],[77.5608827,12.948492],[77.5610709,12.9484695],[77.5610747,12.9484691],[77.5612319,12.9484536],[77.5613295,12.9484486],[77.5613327,12.9484486],[77.5614006,12.9484492],[77.5614495,12.948457],[77.5614845,12.9484676],[77.5615223,12.9484849],[77.5615273,12.948488],[77.5615661,12.9485119],[77.56157,12.9485143],[77.5615914,12.9485274],[77.5616121,12.9485401],[77.5616507,12.9485651],[77.5616888,12.9485899],[77.5620821,12.948845],[77.5621019,12.9488568],[77.562293,12.948971],[77.5623233,12.9489863],[77.5623493,12.9489995],[77.5624109,12.9490258],[77.5624827,12.9490531],[77.562488,12.9490551],[77.5625573,12.949077],[77.562585,12.9490837],[77.5626386,12.9490966],[77.5627068,12.9491088],[77.562791,12.9491077],[77.5628074,12.9491075],[77.5629621,12.9490558],[77.5637193,12.9487178],[77.5637915,12.9486896],[77.5638091,12.948686],[77.563909,12.9486655],[77.5639525,12.9486566],[77.5640024,12.9486466],[77.5640355,12.9486381],[77.5642403,12.9485875],[77.5642368,12.9485254],[77.564235,12.9484942],[77.5642326,12.948452],[77.5642321,12.9484425],[77.564229,12.9483881],[77.5642279,12.9483116],[77.5642206,12.9478342],[77.564219,12.9477313],[77.5642174,12.9476275],[77.564217,12.9476005],[77.5642125,12.9473031],[77.5647308,12.9472937],[77.5650403,12.9472881],[77.5650853,12.9472873],[77.5653125,12.9472831],[77.56533,12.9472828],[77.5654782,12.9472801],[77.566214,12.9472878],[77.5665611,12.9472914],[77.5665821,12.9472916],[77.5669231,12.9472891],[77.5669274,12.9472891],[77.5672064,12.9472871],[77.5672444,12.9472868],[77.5677289,12.9472833],[77.5677265,12.9473162],[77.5677229,12.9473647],[77.5677222,12.9473744],[77.5677153,12.9474682],[77.567703,12.9476357],[77.5676979,12.9477707],[77.5676952,12.9478414],[77.5676972,12.9479488],[77.5677035,12.9479993],[77.5677165,12.9480363],[77.5677354,12.9480676],[77.5677561,12.9480941],[77.56783,12.9481652],[77.5678355,12.9481706],[77.5678889,12.9482218],[77.5678898,12.9482212],[77.5678941,12.9482182],[77.5678985,12.9482154],[77.567903,12.9482128],[77.5679075,12.9482103],[77.5679121,12.9482079],[77.5679168,12.9482057],[77.5679216,12.9482037],[77.5679264,12.9482018],[77.5679313,12.9482002],[77.5679348,12.9481991],[77.5679413,12.9481974],[77.5679465,12.9481962],[77.5679516,12.9481952],[77.5679568,12.9481943],[77.5679617,12.9481935],[77.5679621,12.9481935],[77.5679674,12.9481927],[77.5679726,12.9481919],[77.5680654,12.9481952],[77.5682409,12.9482014],[77.5684413,12.9482085],[77.568605,12.9482143],[77.5687545,12.9482089],[77.5694658,12.9481942],[77.5699468,12.9481977],[77.5700198,12.9481983],[77.5700976,12.9481988],[77.5704665,12.9482016],[77.5705177,12.9482019],[77.5706828,12.9482064],[77.5711743,12.9482198],[77.5714995,12.9482286],[77.5715404,12.9482291],[77.5720457,12.9482344],[77.5720723,12.9482347],[77.5722706,12.9482368],[77.5723333,12.9482375],[77.5734029,12.9482448],[77.5737285,12.948247],[77.5739624,12.9482486],[77.5744757,12.9482579],[77.5752488,12.9482703],[77.5752708,12.9482707],[77.5758773,12.9482805],[77.5764417,12.9482722],[77.576795,12.9482741],[77.5772736,12.9482765],[77.5774788,12.9482776],[77.5777367,12.9482796],[77.5779116,12.948281],[77.5784212,12.9482851],[77.5787653,12.948287],[77.5799686,12.9482934],[77.579969,12.9482707],[77.5799714,12.948183],[77.5799839,12.9480803],[77.5799884,12.9480431],[77.5800021,12.9476103],[77.5800161,12.9471687],[77.5800347,12.9456628],[77.5800365,12.9454686],[77.5800383,12.9452588],[77.5800493,12.9440082],[77.5800526,12.9433847],[77.5800525,12.9418404],[77.580052,12.93973],[77.5800769,12.9371477],[77.5800769,12.9371454],[77.5800802,12.9368052],[77.5800808,12.9367406],[77.5800804,12.9367414],[77.5801059,12.934507],[77.5801077,12.9343439],[77.5801093,12.934202],[77.5795278,12.9342043],[77.5790818,12.934216],[77.5788912,12.9342209],[77.5788709,12.9342215],[77.5784439,12.9342326],[77.5784337,12.9342329],[77.5782316,12.9342382],[77.5781886,12.9342393],[77.5779007,12.9342828],[77.5776171,12.9342985],[77.5776068,12.9343025],[77.5775676,12.9343013],[77.5774074,12.9343101],[77.5771556,12.934445],[77.5771311,12.9345638],[77.5771034,12.9347186],[77.5770647,12.9347476],[77.5770301,12.9347477],[77.5770013,12.9347605],[77.5765458,12.934755],[77.5764679,12.9347496],[77.576191,12.9347301],[77.5761238,12.9346923],[77.5760142,12.9346099],[77.575799,12.9343727],[77.5753276,12.9344141],[77.5752382,12.934422],[77.5755234,12.9332852],[77.5755524,12.9331372],[77.5750022,12.9331694],[77.5745156,12.9331979],[77.5744056,12.9332044],[77.5743774,12.9332051],[77.5737283,12.9332211],[77.5736594,12.931576],[77.5736588,12.9310788],[77.5736588,12.9310126],[77.5736437,12.929461],[77.5736429,12.9293797],[77.572887,12.9295487],[77.5727681,12.9295721],[77.5727157,12.9295825],[77.5724149,12.9296417],[77.5721745,12.9296804],[77.5719815,12.9297114],[77.5717145,12.9297504],[77.5714907,12.929772],[77.5710957,12.9298096],[77.5710398,12.9298149],[77.5709246,12.9298225],[77.5697094,12.9299026],[77.5694474,12.9299191],[77.5691176,12.9299313],[77.568921,12.9299409],[77.5679601,12.9299783],[77.5667522,12.9299682],[77.566679,12.9299676],[77.5666364,12.9298639],[77.5666173,12.9298175],[77.5662512,12.9298884],[77.5662202,12.9298939],[77.5652413,12.9300693],[77.5639204,12.9303226],[77.5638045,12.9303448],[77.5636642,12.9303715],[77.5637671,12.9309167],[77.5637739,12.930949],[77.5638384,12.9312559],[77.5639278,12.9316808],[77.5640653,12.9323566],[77.5640724,12.9323914],[77.5640667,12.9324127],[77.5639247,12.9324941],[77.5639276,12.9324994],[77.5638346,12.9325544],[77.5637603,12.9325983],[77.5636434,12.932662],[77.5635461,12.9327151],[77.5635432,12.9327167],[77.563521,12.9327288],[77.5633945,12.9327979],[77.5632425,12.9328745],[77.563012,12.9329727],[77.5626837,12.9331029],[77.5626781,12.9331927],[77.5626702,12.9333194],[77.5626692,12.9333598],[77.562674,12.9333972],[77.5626802,12.933426],[77.5626881,12.9334494],[77.5626923,12.9334619],[77.5627191,12.933523],[77.5621885,12.9342094],[77.5621922,12.9342182],[77.5622005,12.9342377],[77.562217,12.9342769],[77.5622396,12.9343414],[77.5622818,12.9344956],[77.5622968,12.9345505],[77.5617153,12.9347707],[77.5614107,12.9348974],[77.5612752,12.9349459],[77.561212,12.9349686],[77.5610638,12.9350201],[77.5609828,12.9350552],[77.5608815,12.9350947],[77.5608188,12.9351158],[77.5607853,12.9351241],[77.5607305,12.9351328],[77.5607104,12.935136],[77.5607112,12.9351413],[77.5607126,12.9351637],[77.5607116,12.9351819],[77.5607085,12.9351968],[77.5607043,12.9352123],[77.5606958,12.9352352],[77.5606937,12.9352407],[77.5606815,12.9352697],[77.5606785,12.9352749],[77.5606692,12.9352912],[77.5606558,12.9353089],[77.5606192,12.935354],[77.5606065,12.9353695],[77.5605188,12.9354694],[77.5603701,12.9356365],[77.5603505,12.9356586],[77.5602196,12.9358058],[77.5598909,12.9361754],[77.5598189,12.9362565],[77.5597471,12.9363372],[77.55956,12.9364921],[77.559539,12.9365094],[77.5594687,12.9365676],[77.5593878,12.9366239],[77.5590403,12.9368844],[77.5588887,12.9370049],[77.5585236,12.9372637],[77.5584667,12.9372984],[77.5584064,12.9373355],[77.5583581,12.9373629],[77.558345,12.93737],[77.5582933,12.9373981],[77.5582526,12.9374224],[77.5582406,12.9374297],[77.5581781,12.9374686],[77.5580077,12.9375617],[77.5577048,12.9377326],[77.557602,12.9377815],[77.5572799,12.9379349],[77.5570568,12.9380263],[77.5570212,12.9380409],[77.5569429,12.938073],[77.5567904,12.938127],[77.5565994,12.9381875],[77.5565047,12.9382149],[77.5563904,12.9382416],[77.5562301,12.9382706],[77.556053,12.9382955],[77.5556849,12.9383452],[77.5556099,12.9383528],[77.5555752,12.9383563],[77.555429,12.9383711],[77.5549977,12.9384147],[77.5549924,12.9384152],[77.5548496,12.9384294],[77.5547571,12.9384386],[77.5546507,12.9384492],[77.5546441,12.9384499],[77.5543062,12.9384791],[77.5542628,12.9384829],[77.5539296,12.9385111],[77.5536974,12.9385281],[77.5535726,12.9385365],[77.5535641,12.9385371],[77.5535256,12.9385409],[77.5535038,12.938543],[77.5534664,12.9385468],[77.5533468,12.9385609],[77.5532608,12.9385753],[77.5531765,12.9385938],[77.5528189,12.938693],[77.5527883,12.9387017],[77.5524801,12.9387945],[77.5524585,12.938801],[77.5522766,12.9388558],[77.5522652,12.9388593],[77.5520962,12.9389114],[77.5518816,12.9389737],[77.5518207,12.9389913],[77.5516675,12.9390358],[77.5516473,12.9390409],[77.5516228,12.9390451],[77.5515772,12.9390499],[77.5515331,12.9390509],[77.5515098,12.9390488],[77.551479,12.9390435],[77.5514461,12.939036],[77.5513929,12.9390213],[77.5513231,12.9389987],[77.5512385,12.9389657],[77.5511287,12.938913],[77.5509585,12.9388237],[77.5508512,12.9387633],[77.5508029,12.9387345],[77.550727,12.9386858],[77.5506469,12.9386319],[77.5505433,12.938559],[77.5504294,12.9384714],[77.5501277,12.9382285],[77.5499982,12.9381208],[77.5497772,12.937937],[77.5497784,12.9379359],[77.5494972,12.9376992],[77.5494097,12.9376035],[77.5492821,12.9374823],[77.5491404,12.9373232],[77.5489067,12.9370476],[77.5486107,12.9366959],[77.5485065,12.9365723],[77.5483736,12.9364144],[77.5478079,12.9357212],[77.5476854,12.935572],[77.5469086,12.9346399],[77.5468555,12.9345762],[77.5467568,12.9344579],[77.5466105,12.9345413],[77.5462187,12.9347646],[77.5456035,12.9351175],[77.5453838,12.9352495],[77.5453324,12.9352818],[77.5453057,12.9352987],[77.5452196,12.9353423],[77.5450242,12.9354272],[77.5448145,12.9355107],[77.5445213,12.9356182],[77.5443721,12.9356729],[77.5442495,12.9357179],[77.5438621,12.9358761],[77.543814,12.9358958],[77.5438099,12.9358831],[77.5436919,12.9355224],[77.5436634,12.9354352],[77.5430317,12.9356457],[77.5427444,12.9357315],[77.5426981,12.9357446],[77.5426702,12.9357525],[77.5426683,12.935753],[77.5422202,12.9358787],[77.5417627,12.9360044],[77.5417159,12.9360133],[77.5416177,12.9360268],[77.5414559,12.9360239],[77.5414535,12.9360239],[77.5412844,12.9360174],[77.5406936,12.9360009],[77.5405765,12.9359968],[77.540351,12.9359868],[77.540274,12.9359829],[77.5402676,12.9359826],[77.5401886,12.9357768],[77.5401272,12.9355552],[77.5400946,12.9354348],[77.5400559,12.9352623],[77.540022,12.9351114],[77.5400146,12.9350785],[77.539912,12.9346685],[77.5398965,12.9346125],[77.5398593,12.9344784],[77.5398592,12.9344784],[77.5398592,12.9344783],[77.5398521,12.9344528],[77.5398315,12.9342424],[77.539841,12.9341316],[77.5398548,12.9340836],[77.5398696,12.9340564],[77.539894,12.9340258],[77.5399511,12.9339648],[77.5399759,12.9339383],[77.5396644,12.9334184],[77.5396637,12.9334172],[77.5396197,12.9334479],[77.5394698,12.9335526],[77.5394571,12.933561],[77.5393257,12.9336477],[77.5391304,12.9337632],[77.5390139,12.933829],[77.5382295,12.9342805],[77.5376352,12.9346226],[77.5375397,12.9346782],[77.5369312,12.9350328],[77.5367673,12.9351284],[77.5367582,12.9351331],[77.536367,12.9353365],[77.5358673,12.9355965],[77.535573,12.9357482],[77.5353655,12.9358552],[77.535284,12.935897],[77.5352143,12.9359329],[77.5346195,12.9362591],[77.5344683,12.9363747],[77.5343702,12.9364655],[77.5342929,12.9365509],[77.5342313,12.9366296],[77.5341676,12.9367276],[77.5340554,12.9370654],[77.5340375,12.9371224],[77.5339774,12.9373003],[77.5339774,12.9373004],[77.5338972,12.937538],[77.5338803,12.9375879],[77.5338301,12.9376928],[77.5337663,12.9377974],[77.5336933,12.9379141],[77.5336558,12.937974],[77.5335695,12.9381141],[77.5334865,12.9382489],[77.5332311,12.9386603],[77.5332309,12.9386606],[77.5325772,12.9397231],[77.5320297,12.9406192],[77.5319903,12.9406838],[77.5316386,12.9412594],[77.5315523,12.9414007],[77.531467,12.9415577],[77.5314407,12.9416015],[77.5311755,12.9420823],[77.5309737,12.942448],[77.53074,12.9428717],[77.5306517,12.9430302],[77.5302324,12.9437821],[77.5302087,12.9438247],[77.5301994,12.9438414],[77.5302503,12.9438918],[77.5304594,12.9440989],[77.5305367,12.9441532],[77.5307982,12.9443371],[77.5308291,12.9443588],[77.5308316,12.9443605],[77.5310658,12.9445152],[77.5313129,12.9446714],[77.5314571,12.9447626],[77.5316348,12.9448541],[77.5316666,12.944846],[77.531725,12.944831],[77.531743,12.9448264],[77.5318695,12.9447941],[77.5319409,12.9447759],[77.5323533,12.9446705],[77.5323636,12.9446678],[77.5324581,12.9447038],[77.5325031,12.9447209],[77.5328716,12.9448097],[77.5328884,12.9448137],[77.5329201,12.9448213],[77.5341804,12.9450303],[77.534214,12.9450359],[77.5342434,12.9450451],[77.5345442,12.9451403],[77.5346282,12.9451668],[77.5350209,12.945291],[77.5350945,12.9453348],[77.5351088,12.9453475],[77.5351865,12.9454162],[77.5355441,12.9457326],[77.5359794,12.9456995],[77.5360192,12.9456965],[77.5361396,12.9456873],[77.536611,12.9456684],[77.5368535,12.9457632],[77.5370299,12.9459065],[77.5370523,12.9458843],[77.5378232,12.9458455],[77.5382608,12.9458235],[77.5384524,12.9458138],[77.5385259,12.9458101],[77.5388121,12.9458068],[77.5388112,12.9457127],[77.5389501,12.9457142],[77.5389515,12.9458034],[77.5389661,12.9458025],[77.538999,12.9458063],[77.5393051,12.9458837],[77.5393963,12.9459097],[77.5394131,12.945687],[77.539976,12.9456667],[77.5399943,12.9456673],[77.5404295,12.9458333],[77.5404037,12.9459334],[77.5404065,12.9460155],[77.5405051,12.9464313],[77.5405343,12.9465609],[77.5405668,12.9467757],[77.5406189,12.9471577],[77.5406256,12.9472798],[77.5406218,12.9473235],[77.540622,12.9473545],[77.5406729,12.9476633],[77.5407352,12.9479572],[77.5407995,12.9482463],[77.5409365,12.9489225],[77.5409918,12.9492405],[77.541061,12.9495712],[77.5412061,12.950165],[77.5412273,12.9501933],[77.5412627,12.9501982],[77.5412671,12.950197],[77.5414408,12.9501495],[77.5422531,12.9498616],[77.5423449,12.9498291],[77.5423991,12.9500797],[77.5424394,12.9500726],[77.5424651,12.9500681],[77.5428844,12.949994],[77.5429192,12.9499879],[77.5429501,12.9499824],[77.5430608,12.9505001],[77.5431339,12.9508976],[77.5431237,12.9509278],[77.5431154,12.9509436],[77.5431164,12.9509484],[77.5431627,12.9511143],[77.5431697,12.9511318],[77.5439,12.950953],[77.5440974,12.9509046],[77.544078,12.9508384],[77.5450131,12.9504929],[77.5450777,12.950469],[77.5451751,12.950433],[77.5452221,12.9505346],[77.5452886,12.9506157],[77.5453448,12.950668],[77.5453773,12.9506918],[77.5455061,12.9507853],[77.5456426,12.9509477],[77.5457712,12.9511326],[77.5458196,12.9511961],[77.5460104,12.9514073],[77.5461188,12.9515044],[77.5461886,12.9515537],[77.546238,12.9515719],[77.5464074,12.9515958],[77.5465991,12.9516228],[77.5467721,12.9516312],[77.5468838,12.9516368],[77.5471207,12.9516722],[77.5472638,12.9516972],[77.5475132,12.9517496],[77.547655,12.9517714],[77.5478283,12.9517957],[77.5479904,12.9517942],[77.548018,12.9517939],[77.5480241,12.9517932],[77.5481731,12.9517746],[77.5482236,12.9517499],[77.5482304,12.9517378],[77.5482257,12.9516599],[77.5481597,12.9513596],[77.5481569,12.951347],[77.5483004,12.9513447],[77.5483953,12.9513432],[77.5484537,12.9513355],[77.5486926,12.9512399],[77.548726,12.9512195],[77.5487272,12.9512016],[77.5487286,12.9511808],[77.5488793,12.9511668],[77.5490917,12.9511472],[77.5493183,12.9510746],[77.5494614,12.9510617],[77.5498147,12.9510009],[77.5498947,12.9509628],[77.5497936,12.9507116],[77.5497822,12.9505127],[77.5497819,12.9505085],[77.5497729,12.950462],[77.5497675,12.9504342],[77.5497387,12.9504377],[77.5496794,12.9504448],[77.5492675,12.9505115],[77.549021,12.9505481],[77.5489377,12.9505588],[77.5483796,12.9506351],[77.5483791,12.9506301],[77.5483474,12.9503164],[77.5482812,12.9500451],[77.5489803,12.9499533],[77.5487804,12.9495759],[77.5487027,12.9494291],[77.5487061,12.949388],[77.5487545,12.9493416],[77.5489488,12.9492668],[77.5492555,12.9491746],[77.5492655,12.9491968],[77.5492898,12.9492504],[77.5494286,12.9492152],[77.5499166,12.9490974],[77.5499297,12.9491339],[77.5499337,12.9491467],[77.5499494,12.949197],[77.549964,12.9492434],[77.5499959,12.9493312],[77.5500172,12.9494106],[77.5500261,12.9495094],[77.5500155,12.9495438],[77.5500109,12.9495586],[77.5500042,12.9495896],[77.5499924,12.9496447],[77.5499908,12.9497886],[77.5500061,12.9498799],[77.5500177,12.9499207],[77.5500419,12.9500059],[77.5500742,12.9501198],[77.5501057,12.950263],[77.5501047,12.9503094],[77.5501061,12.9504122],[77.5501047,12.9504324],[77.5501035,12.9504484],[77.5501013,12.9504776],[77.5501316,12.9507398],[77.5501326,12.9507978],[77.5501342,12.9508926],[77.5501406,12.9512741],[77.5501466,12.9512963],[77.5501636,12.9513593],[77.5501653,12.9513655],[77.5502467,12.9516666],[77.5502572,12.9517055],[77.5503096,12.951899],[77.5503502,12.9520494],[77.5503514,12.9520538],[77.5503722,12.9521305],[77.5504396,12.9521575],[77.5505098,12.9521879],[77.5505941,12.9522141],[77.5506847,12.9522302],[77.5507498,12.9522375],[77.550864,12.9522578],[77.5509927,12.952287],[77.5511339,12.9523053],[77.5512976,12.9523247],[77.5513732,12.952342],[77.5513991,12.9523502],[77.5519117,12.9517288],[77.5519371,12.9516979],[77.5521352,12.9514578]]]}},{"type":"Feature","properties":{"KGISSub_DivisionID":18,"Sub_DivisionName":"SE4"},"geometry":{"type":"Polygon","coordinates":[[[77.6497929,13.0048689],[77.650084,13.004825],[77.6501052,13.0049388],[77.6501069,13.0049479],[77.650107,13.0049481],[77.6501282,13.005062],[77.6501619,13.0050552],[77.6505544,13.0049833],[77.6512678,13.0048723],[77.6516505,13.004811],[77.6518588,13.0047736],[77.6521162,13.0047348],[77.6525042,13.004685],[77.6526278,13.0046702],[77.6526982,13.0046603],[77.6533755,13.0045442],[77.6534289,13.0045334],[77.6541452,13.0043883],[77.654162,13.004386],[77.6541829,13.0044007],[77.6541885,13.0045472],[77.6542234,13.004536],[77.6542784,13.0045235],[77.6544716,13.0044963],[77.6548219,13.0044508],[77.655,13.0044268],[77.6556172,13.0043174],[77.6557684,13.0042793],[77.656169,13.0041612],[77.6565555,13.0040339],[77.6566724,13.0039916],[77.6566819,13.0039879],[77.6569819,13.0038703],[77.6572144,13.0037707],[77.657497,13.0036371],[77.6576727,13.0035472],[77.6580119,13.0033341],[77.6586566,13.0028935],[77.6592273,13.0024932],[77.6594839,13.0023061],[77.6595788,13.0022298],[77.6597617,13.0020568],[77.6599465,13.0018746],[77.6600308,13.0017939],[77.6601314,13.0016713],[77.6602049,13.0015755],[77.6604634,13.0012194],[77.660539,13.0011082],[77.6606886,13.0008882],[77.6608345,13.0006622],[77.660973,13.0004597],[77.6610895,13.0002719],[77.6612543,12.9999959],[77.6613654,12.9997956],[77.6616385,12.9993811],[77.661676,12.9993493],[77.6620372,12.9987616],[77.6624145,12.9981041],[77.6624671,12.9980123],[77.6625515,12.9978535],[77.6626642,12.9976415],[77.6628596,12.9971964],[77.6629422,12.9970173],[77.6629422,12.9970172],[77.6629981,12.996896],[77.6631995,12.9964588],[77.6635719,12.9957874],[77.6636564,12.9956366],[77.6636835,12.9955941],[77.6643013,12.9946254],[77.6643814,12.9944999],[77.6643953,12.9944724],[77.6643995,12.9944708],[77.6644096,12.9944539],[77.6645393,12.9942379],[77.6653622,12.9928694],[77.6653935,12.9928296],[77.6654188,12.9927973],[77.6662968,12.9916787],[77.6663752,12.9915789],[77.6664201,12.9915524],[77.6678408,12.9907149],[77.668463,12.9903317],[77.6688234,12.9901288],[77.6700239,12.989453],[77.6700944,12.9894069],[77.6704769,12.9891564],[77.6707591,12.9890135],[77.670765,12.9890105],[77.6707671,12.9890092],[77.6707701,12.9890074],[77.6720316,12.9882388],[77.6725192,12.9879401],[77.6727004,12.9878291],[77.6731139,12.9875758],[77.673227,12.9875065],[77.6732783,12.987475],[77.6735806,12.9873013],[77.6737008,12.9872322],[77.6737878,12.9871822],[77.6739745,12.9870695],[77.6742442,12.9869113],[77.6743662,12.9868598],[77.6747406,12.9867016],[77.6747418,12.986701],[77.6748281,12.9866646],[77.6751365,12.9865295],[77.6752658,12.9864729],[77.6753998,12.9864071],[77.6757458,12.9862336],[77.6759156,12.9861485],[77.676035,12.9860887],[77.6761719,12.9860131],[77.6763411,12.9859198],[77.6766166,12.9857585],[77.6771282,12.9854647],[77.6774961,12.9852587],[77.6775367,12.985236],[77.6775611,12.9852161],[77.6775794,12.9852011],[77.6776818,12.9851143],[77.6777274,12.9850884],[77.6782324,12.984806],[77.6786349,12.9845814],[77.6788307,12.9844562],[77.6789236,12.9843969],[77.6792094,12.9842135],[77.6792151,12.9841888],[77.6792152,12.9841883],[77.6792225,12.9841565],[77.6792597,12.9841213],[77.6798502,12.983784],[77.6799065,12.9837994],[77.6799068,12.9837995],[77.6799163,12.9838021],[77.6800285,12.983731],[77.6800308,12.9837295],[77.6801186,12.9836739],[77.6801573,12.9836493],[77.6803834,12.9835162],[77.6802083,12.9831114],[77.6802758,12.9830293],[77.6803189,12.9829641],[77.680352,12.9829138],[77.6803888,12.9827599],[77.6803858,12.9826712],[77.6803247,12.9823817],[77.6800179,12.9813418],[77.6799534,12.9811487],[77.6799173,12.9810406],[77.6798456,12.980808],[77.6797812,12.9805063],[77.6797442,12.9802715],[77.679727,12.9801552],[77.6796495,12.9797342],[77.6796061,12.9794984],[77.6795951,12.9794389],[77.6795262,12.979167],[77.6794101,12.9787083],[77.6793731,12.978486],[77.6793528,12.9783168],[77.6793298,12.9780509],[77.6793114,12.9778379],[77.6792903,12.9771625],[77.6792753,12.9769791],[77.6792879,12.97688],[77.6793035,12.976773],[77.6793287,12.9765995],[77.6793384,12.9765191],[77.6793006,12.9763855],[77.6792362,12.9761582],[77.6791452,12.9758868],[77.6791263,12.9758516],[77.6790501,12.975724],[77.6790347,12.975681],[77.6789343,12.9754269],[77.6788937,12.9753017],[77.6787493,12.9748532],[77.6787459,12.9748426],[77.6785803,12.9743279],[77.6782947,12.9734434],[77.678291,12.9734321],[77.6782158,12.9731959],[77.6781764,12.9730233],[77.6781038,12.9727044],[77.6780648,12.9727112],[77.6777733,12.9727622],[77.677746,12.972767],[77.6769405,12.9729079],[77.6764727,12.9730287],[77.6757369,12.9731949],[77.6750452,12.9733361],[77.6749776,12.9733504],[77.6748079,12.9733863],[77.6748015,12.9733876],[77.6744325,12.9734833],[77.6737226,12.9737055],[77.6719528,12.9743013],[77.670608,12.9747109],[77.6705913,12.974716],[77.670368,12.9747972],[77.6702553,12.9748521],[77.6699932,12.9745628],[77.6693401,12.9738421],[77.6689516,12.9734078],[77.6683251,12.9727076],[77.6682556,12.9726299],[77.6677967,12.9721357],[77.6673327,12.971636],[77.6670781,12.9713619],[77.6670256,12.9713218],[77.6669846,12.971315],[77.6669311,12.9713062],[77.6663389,12.9714067],[77.6660538,12.9714644],[77.6660285,12.9714695],[77.6660284,12.9714682],[77.6658186,12.971512],[77.6656097,12.9715543],[77.665603,12.9715571],[77.6655705,12.9715706],[77.6655352,12.9715853],[77.6655028,12.9716039],[77.6653808,12.9717395],[77.6652761,12.9718706],[77.6652633,12.9718774],[77.6650777,12.971837],[77.6648835,12.9717947],[77.6647506,12.9717794],[77.6645186,12.9717654],[77.6644523,12.9717574],[77.664426,12.9714907],[77.664373,12.9711632],[77.6643355,12.9709316],[77.6642765,12.9706215],[77.6642035,12.9705713],[77.6640681,12.9705618],[77.663952,12.9705735],[77.6638404,12.9705847],[77.6635686,12.9706531],[77.6634704,12.970361],[77.6632556,12.9697222],[77.6630873,12.9692215],[77.6630242,12.9690337],[77.6630008,12.9689677],[77.6627755,12.9683309],[77.6627618,12.9682919],[77.6627039,12.9674379],[77.6624681,12.9671881],[77.6621932,12.9669881],[77.662193,12.966988],[77.6619849,12.9668365],[77.6619824,12.9668348],[77.6619902,12.9668231],[77.6621054,12.9666565],[77.6623711,12.9662722],[77.6629871,12.9653722],[77.6637271,12.9642549],[77.6638719,12.9640224],[77.6644876,12.9630342],[77.6645478,12.9629372],[77.664923,12.9623494],[77.6650449,12.9621577],[77.6650474,12.9621432],[77.6650473,12.9621275],[77.6650444,12.9621131],[77.665039,12.9621001],[77.6650538,12.9621084],[77.66506,12.9621118],[77.6653265,12.9622443],[77.6653482,12.9622539],[77.6653602,12.962261],[77.6653855,12.9622496],[77.6654275,12.9622308],[77.6655195,12.9621896],[77.6655317,12.9621841],[77.6655811,12.9621684],[77.6656178,12.9621566],[77.6657716,12.9621164],[77.6658,12.9621101],[77.6659722,12.962072],[77.666255,12.9620268],[77.6662551,12.9620268],[77.6666981,12.9619528],[77.6668179,12.9619276],[77.6668412,12.9619226],[77.6669249,12.9619073],[77.6669599,12.961902],[77.6669736,12.9618999],[77.6669939,12.9618969],[77.6670098,12.9618964],[77.6671029,12.9618787],[77.6683108,12.9616492],[77.6687507,12.9616532],[77.6699317,12.961664],[77.6699341,12.961664],[77.66997,12.9616704],[77.6699929,12.9616744],[77.6700254,12.9616806],[77.6700573,12.9616867],[77.6702888,12.9617287],[77.6703039,12.9617299],[77.6703556,12.9617347],[77.6705514,12.9616871],[77.6708948,12.961574],[77.670915,12.9615668],[77.670924,12.9615644],[77.6710122,12.9615407],[77.6710297,12.9615361],[77.6710963,12.9615213],[77.6717156,12.9613665],[77.6717613,12.9613213],[77.6717673,12.9613024],[77.6718005,12.9611979],[77.6718018,12.9611944],[77.6718025,12.9611923],[77.6718053,12.9611846],[77.6718114,12.9611785],[77.671826,12.9611669],[77.6718699,12.9611526],[77.6719045,12.9611414],[77.6719709,12.9611237],[77.672004,12.9611174],[77.6720591,12.9611101],[77.6720678,12.9611106],[77.6720806,12.9611114],[77.6720998,12.9611157],[77.6721276,12.9611244],[77.6723125,12.9610633],[77.6723501,12.961045],[77.6723633,12.9610434],[77.672388,12.9610381],[77.6723891,12.9610379],[77.6724181,12.9610285],[77.6728535,12.9608867],[77.6729595,12.9608509],[77.6730859,12.9608082],[77.6731289,12.9607934],[77.6732807,12.9607412],[77.6733337,12.9607268],[77.673341,12.9607249],[77.6733967,12.9606993],[77.6749668,12.9606631],[77.677395,12.9622457],[77.6775168,12.96234],[77.6785127,12.9622369],[77.6797382,12.9618017],[77.6797551,12.9617896],[77.6810528,12.9615388],[77.6815013,12.9615829],[77.6815165,12.9616234],[77.6815195,12.9616278],[77.6815255,12.9616368],[77.6815329,12.9616667],[77.6815709,12.9618223],[77.6816295,12.962145],[77.6816378,12.9621799],[77.6816693,12.962312],[77.6816698,12.9623142],[77.6817039,12.9624375],[77.6818334,12.9628683],[77.6818519,12.9629178],[77.6818534,12.9629217],[77.681943,12.963162],[77.681996,12.96334],[77.6820192,12.9634024],[77.682026,12.9634169],[77.6820276,12.9634204],[77.682032,12.9634385],[77.6820508,12.9634917],[77.6820831,12.9637632],[77.682084,12.9637697],[77.6821004,12.9638891],[77.6821011,12.9638942],[77.6821033,12.9639098],[77.6821109,12.9639884],[77.6821158,12.9640383],[77.6821326,12.9641082],[77.6821331,12.9641103],[77.6821615,12.9642281],[77.6821732,12.9642645],[77.6821768,12.9642759],[77.6821854,12.9642989],[77.6821974,12.9643309],[77.6822066,12.9643578],[77.6822068,12.9643584],[77.6822125,12.9643751],[77.6822488,12.9644807],[77.682277,12.9645296],[77.6822773,12.9645302],[77.6823233,12.9646106],[77.6823355,12.9646339],[77.6823866,12.9647163],[77.6824477,12.9648169],[77.6824927,12.9649031],[77.6825066,12.9649269],[77.6825068,12.9649273],[77.6825143,12.9649401],[77.6828547,12.9654669],[77.6829248,12.9655835],[77.6829561,12.9656815],[77.6829626,12.9657077],[77.6829673,12.9657266],[77.6829826,12.9657878],[77.6830084,12.9659473],[77.6830182,12.9660685],[77.6831268,12.9660713],[77.6831864,12.9660728],[77.6832319,12.9660707],[77.683357,12.966073],[77.683384,12.9660734],[77.683385,12.9660734],[77.6834201,12.9660728],[77.6834179,12.9660933],[77.6834178,12.9660953],[77.683418,12.9660983],[77.6834187,12.9661013],[77.6834199,12.9661042],[77.6834216,12.9661068],[77.6834237,12.966109],[77.6834262,12.9661109],[77.6834289,12.9661124],[77.6834319,12.9661134],[77.683435,12.9661138],[77.6834937,12.9661179],[77.6835538,12.966122],[77.6836048,12.9661255],[77.6842289,12.9661682],[77.6846663,12.9661999],[77.6846973,12.9662021],[77.6849846,12.9662229],[77.6850745,12.9662294],[77.6852223,12.9662416],[77.6855626,12.9662695],[77.685649,12.9662763],[77.6858094,12.9662889],[77.6859185,12.9662974],[77.6860074,12.9663044],[77.6860678,12.9663091],[77.6862119,12.9663204],[77.6862248,12.9663213],[77.6867059,12.9663526],[77.6867328,12.9663543],[77.68685,12.966362],[77.6873474,12.9664081],[77.6876439,12.9664313],[77.6876468,12.9664313],[77.6876497,12.9664309],[77.6876524,12.96643],[77.687655,12.9664287],[77.6876574,12.966427],[77.6876921,12.9664305],[77.6877328,12.9664345],[77.6880722,12.9665845],[77.688177,12.9666309],[77.6884295,12.9667425],[77.6884443,12.966749],[77.6885688,12.9668041],[77.6886236,12.9667503],[77.689312,12.9660757],[77.6892887,12.9659585],[77.6888911,12.9654317],[77.6883996,12.9637255],[77.6882706,12.963278],[77.6883607,12.9629732],[77.6885061,12.9626055],[77.6887086,12.9623471],[77.689066,12.9608606],[77.6890536,12.959713],[77.6891444,12.959474],[77.6887674,12.9591301],[77.6890079,12.9589263],[77.6886293,12.9584359],[77.6882979,12.9571213],[77.6887669,12.9564416],[77.6887941,12.9564022],[77.6888943,12.956333],[77.6892997,12.9559878],[77.6896444,12.955556],[77.6896573,12.9555192],[77.6896882,12.9554304],[77.6893844,12.9553764],[77.6883005,12.9552619],[77.6854442,12.9549604],[77.6853055,12.9549457],[77.6803379,12.9544211],[77.6791124,12.9549962],[77.6790219,12.9550387],[77.6765779,12.9561855],[77.6729279,12.9578908],[77.6728557,12.9579246],[77.6714427,12.9580155],[77.6713968,12.9580185],[77.6665216,12.9583322],[77.665449,12.9584999],[77.6653297,12.9585281],[77.6648931,12.9586315],[77.6648245,12.9586478],[77.6645347,12.9587164],[77.6639836,12.958838],[77.6636995,12.9589008],[77.663581,12.9589259],[77.6629672,12.9590563],[77.6626209,12.9591199],[77.6622183,12.9591742],[77.6619122,12.9592154],[77.6618467,12.9592243],[77.6614279,12.9592807],[77.6614056,12.9592824],[77.6612245,12.9592958],[77.6611738,12.9593015],[77.6611434,12.9593018],[77.6611143,12.9593021],[77.6610757,12.9592982],[77.6609294,12.959286],[77.6608607,12.9592797],[77.6608458,12.9592784],[77.6608356,12.9592775],[77.6600428,12.9591256],[77.6597191,12.9590766],[77.659663,12.9590681],[77.6596332,12.9590636],[77.6595994,12.9590639],[77.6595271,12.9590664],[77.6592814,12.959075],[77.659247,12.9590762],[77.6585391,12.9591217],[77.6585063,12.9591239],[77.6584178,12.9591298],[77.6582904,12.9591382],[77.6581216,12.9591521],[77.6580115,12.9591654],[77.6573354,12.9592295],[77.6573655,12.9594316],[77.6573744,12.9594907],[77.6573861,12.9595694],[77.6574645,12.9600387],[77.6574835,12.9601478],[77.6574969,12.9602511],[77.6574999,12.9603409],[77.6575035,12.9604487],[77.6575021,12.9605021],[77.6575014,12.960512],[77.6575002,12.9605284],[77.6574984,12.9605366],[77.6574929,12.9605611],[77.6574892,12.9605775],[77.6574828,12.9605932],[77.6574736,12.9606072],[77.6573745,12.9607249],[77.6572639,12.9608403],[77.6571719,12.9609364],[77.6571715,12.960937],[77.6571583,12.9609588],[77.6571564,12.9609643],[77.6571421,12.9610062],[77.6571356,12.9610458],[77.6571349,12.9610719],[77.6571394,12.9611195],[77.6571628,12.9611936],[77.6572119,12.9613476],[77.6572198,12.9613725],[77.6572227,12.9613834],[77.6572394,12.9614462],[77.6572518,12.9614928],[77.6572661,12.9615463],[77.6572793,12.9615934],[77.6572865,12.9616194],[77.6575117,12.9623521],[77.657553,12.9624868],[77.6576016,12.9626519],[77.6576334,12.9627598],[77.6576864,12.9629701],[77.6577011,12.9630282],[77.6577228,12.9631143],[77.6577277,12.9631338],[77.6577311,12.9631472],[77.6577318,12.9631507],[77.6577496,12.9632348],[77.6577781,12.963306],[77.6568523,12.9632182],[77.6567663,12.9630344],[77.6562644,12.9632245],[77.6559959,12.9632485],[77.6553789,12.9633037],[77.654165,12.9633513],[77.6528838,12.9633004],[77.6517239,12.963317],[77.6508392,12.963337],[77.6503842,12.9633416],[77.6502347,12.9633813],[77.6499556,12.9634553],[77.6495449,12.9640495],[77.6493099,12.9653249],[77.6502623,12.9674132],[77.65026,12.9674141],[77.6500254,12.9675058],[77.6496052,12.967682],[77.6491436,12.9678755],[77.6491383,12.9678693],[77.6483367,12.9669406],[77.6483304,12.9669606],[77.6480611,12.9678049],[77.6480228,12.967925],[77.6479819,12.9678359],[77.647962,12.9677924],[77.6479364,12.9677498],[77.6478972,12.9676507],[77.6478459,12.9675171],[77.6475491,12.9667737],[77.6473873,12.9664091],[77.6472486,12.9660965],[77.6471699,12.9659459],[77.6470753,12.9657648],[77.6469657,12.9655548],[77.6468813,12.9653865],[77.6467798,12.9651554],[77.6467209,12.9650283],[77.6466223,12.9648231],[77.6465004,12.9644894],[77.6464723,12.9644124],[77.6464431,12.9644165],[77.6463793,12.9644707],[77.6462859,12.9646835],[77.6462613,12.9647396],[77.6462251,12.9648865],[77.6462178,12.9649111],[77.6462106,12.9649452],[77.6460828,12.9651927],[77.6459445,12.9653892],[77.6456834,12.9655926],[77.6454631,12.9657845],[77.6453092,12.9658961],[77.6452016,12.9659505],[77.6449243,12.9660606],[77.6447857,12.9661098],[77.6447674,12.9661132],[77.6446473,12.9661306],[77.644334,12.9661376],[77.6442497,12.9661547],[77.6442162,12.9661615],[77.6441516,12.9656596],[77.6441297,12.9654891],[77.6433082,12.9656249],[77.6432179,12.9656398],[77.643103,12.9656587],[77.6426502,12.9657839],[77.6426467,12.9659711],[77.6426446,12.9659714],[77.6423009,12.9660129],[77.6421814,12.9660226],[77.6418621,12.9660482],[77.6416779,12.9660575],[77.6415019,12.9660586],[77.6415854,12.9644015],[77.6416001,12.9638687],[77.6416143,12.9635633],[77.6416085,12.9635649],[77.6416158,12.9633045],[77.6408673,12.963656],[77.6406158,12.9637716],[77.6398221,12.9642093],[77.6391566,12.9645964],[77.638985,12.9647245],[77.6385436,12.9650943],[77.6382837,12.9653246],[77.6380443,12.9655864],[77.6376599,12.9660467],[77.6373716,12.9663735],[77.6371622,12.9666396],[77.6370761,12.9667662],[77.6370336,12.9668673],[77.636974,12.9670087],[77.6368513,12.9672388],[77.6366718,12.9675753],[77.6361713,12.9674226],[77.6358821,12.9673765],[77.635754,12.9673411],[77.635379,12.9672377],[77.6353299,12.9672284],[77.6350755,12.9671969],[77.6350498,12.9671938],[77.6351994,12.9665368],[77.6353345,12.9663189],[77.6357143,12.9658847],[77.6357803,12.9658092],[77.6351003,12.965207],[77.6348852,12.9654164],[77.6348687,12.9654271],[77.6348241,12.9654408],[77.6347853,12.9654486],[77.6345408,12.9654457],[77.6339629,12.9653958],[77.6339262,12.9653926],[77.6339258,12.9653929],[77.6339212,12.9653961],[77.6339104,12.9654036],[77.6338647,12.9654516],[77.6338597,12.9654605],[77.6338032,12.9655609],[77.6337972,12.9655714],[77.6337903,12.9655858],[77.6337625,12.9656426],[77.6337614,12.9656428],[77.6336618,12.9658504],[77.6336596,12.965855],[77.6336546,12.9658654],[77.6336506,12.9658766],[77.6336201,12.9659621],[77.6336176,12.9659691],[77.6335519,12.9661975],[77.6335063,12.9664168],[77.6334898,12.966496],[77.6334745,12.9665774],[77.6334523,12.9666894],[77.6333997,12.9669714],[77.6333533,12.9672205],[77.6332672,12.967639],[77.6331971,12.9679794],[77.633193,12.9679993],[77.6331715,12.9681312],[77.6331705,12.9681416],[77.6331565,12.9682805],[77.6331368,12.9684766],[77.633812,12.9682886],[77.6344195,12.9683035],[77.6347533,12.9683326],[77.6347416,12.9683727],[77.6346775,12.9685925],[77.6342028,12.970087],[77.6337935,12.9714133],[77.6336966,12.97173],[77.6333181,12.9729344],[77.6331537,12.9734576],[77.633058,12.9737623],[77.6328473,12.97466],[77.6327387,12.9751135],[77.6324719,12.9755777],[77.6321634,12.9760113],[77.6319113,12.9763222],[77.6316435,12.9765156],[77.6303606,12.9770885],[77.6302174,12.9771621],[77.6294872,12.9775751],[77.6284809,12.9781442],[77.6285146,12.9781874],[77.6285614,12.9782473],[77.6285871,12.9782613],[77.6285965,12.9782665],[77.6286102,12.9782852],[77.6287812,12.9785192],[77.6291172,12.9789789],[77.6295047,12.9795224],[77.6296836,12.9797586],[77.6301531,12.9803845],[77.6305448,12.9808204],[77.6307388,12.9810386],[77.6310302,12.9812923],[77.6314953,12.9816647],[77.631455,12.9816665],[77.6308206,12.9816018],[77.63082,12.9816005],[77.6302498,12.9815363],[77.6298741,12.9815283],[77.6296582,12.9815386],[77.6293751,12.9815718],[77.6290041,12.9816396],[77.6283897,12.9817596],[77.6275725,12.9819217],[77.6267697,12.9820749],[77.6266104,12.9820927],[77.6262329,12.9820976],[77.6260455,12.9820757],[77.6243573,12.9818993],[77.6242131,12.9818842],[77.623783,12.9818555],[77.6236758,12.9818385],[77.6231595,12.9816758],[77.6230792,12.9816252],[77.6229619,12.9815185],[77.6229439,12.9816008],[77.6229045,12.981795],[77.6228579,12.9820249],[77.622744,12.9825863],[77.6225726,12.9833391],[77.6224365,12.983986],[77.6224244,12.9842934],[77.6224545,12.9851058],[77.6224707,12.9858343],[77.6224989,12.9866541],[77.6225144,12.9872077],[77.6225155,12.9874864],[77.6225128,12.987504],[77.622504,12.9875608],[77.6224819,12.9877037],[77.6225458,12.9877189],[77.6225828,12.9877277],[77.6230568,12.9877914],[77.6234622,12.9878527],[77.6237083,12.9879146],[77.6239632,12.9879823],[77.6246716,12.9881916],[77.625204,12.988352],[77.626146,12.9886327],[77.6271798,12.988933],[77.6272617,12.9889712],[77.6274769,12.9890184],[77.6278122,12.9890891],[77.6281428,12.9891569],[77.6285665,12.9892432],[77.6287179,12.9892703],[77.6290048,12.9893267],[77.6295878,12.9894411],[77.630148,12.9895511],[77.6306866,12.9896569],[77.6307812,12.9896794],[77.6308474,12.9897014],[77.6314649,12.9898668],[77.6322724,12.9900832],[77.6326206,12.9901735],[77.6326502,12.9901812],[77.6327272,12.9902011],[77.6328664,12.9902281],[77.6329242,12.9902393],[77.6331135,12.9902921],[77.633456,12.9904004],[77.6334916,12.990412],[77.6335678,12.9904531],[77.6336078,12.9904893],[77.6336826,12.9905933],[77.6336963,12.9906265],[77.6337488,12.9907548],[77.6337554,12.990771],[77.63379,12.9908664],[77.6338248,12.9909626],[77.6338963,12.9910875],[77.6339845,12.9912263],[77.6340459,12.991323],[77.6340885,12.9914188],[77.6341373,12.9915465],[77.6341503,12.9916157],[77.6342296,12.991938],[77.6342459,12.9920042],[77.6343153,12.9923803],[77.6343502,12.9925691],[77.6344789,12.9932658],[77.6345074,12.99326],[77.6346402,12.993233],[77.6350282,12.9931489],[77.6355058,12.9930475],[77.6368363,12.9927727],[77.6370447,12.9927311],[77.6373272,12.9926841],[77.6375521,12.992654],[77.6378472,12.9926144],[77.6380389,12.9925814],[77.6383359,12.9925218],[77.6385391,12.9924705],[77.6388019,12.9924042],[77.6389905,12.9923566],[77.6392024,12.9923032],[77.6393291,12.9922742],[77.6395166,12.9922313],[77.6397147,12.9921949],[77.6404386,12.9920664],[77.6407973,12.9919992],[77.6413582,12.9919144],[77.6418986,12.9918291],[77.6420207,12.9918099],[77.6423163,12.9917633],[77.6425265,12.9917301],[77.6427097,12.9917013],[77.6428895,12.9916788],[77.6431284,12.9916513],[77.6432006,12.991643],[77.6432846,12.9916429],[77.6433144,12.9916429],[77.6432917,12.9917409],[77.6432852,12.9917689],[77.6432844,12.9918454],[77.6432844,12.9918528],[77.6432902,12.9918759],[77.6433094,12.9918912],[77.6433102,12.9919097],[77.6432966,12.9919244],[77.6430916,12.9921459],[77.6430273,12.9922198],[77.6430045,12.9922912],[77.643014,12.9924179],[77.643035,12.9925259],[77.6430448,12.9925477],[77.6431027,12.9926191],[77.6432084,12.9928051],[77.6433019,12.9929659],[77.6433797,12.9930999],[77.6434769,12.9932638],[77.6434916,12.9933261],[77.6434727,12.9937755],[77.6434657,12.9939579],[77.6434569,12.9945116],[77.6434543,12.9946703],[77.6434663,12.9947335],[77.6435345,12.9948785],[77.6436731,12.9950818],[77.6436324,12.995193],[77.6435353,12.9954197],[77.6434811,12.9954763],[77.6433428,12.995547],[77.6432623,12.9955772],[77.6431325,12.9956259],[77.6428763,12.9957389],[77.6428092,12.9957847],[77.6427369,12.995834],[77.6424788,12.9961745],[77.6417758,12.9972113],[77.6417649,12.9972274],[77.6415614,12.9975275],[77.6411575,12.9980711],[77.6407875,12.9986941],[77.6402201,12.9997373],[77.6398004,13.0004888],[77.6394236,13.0011248],[77.6390585,13.001649],[77.638738,13.00213],[77.6386931,13.0022472],[77.6385942,13.0025864],[77.6385346,13.0026883],[77.6384166,13.0027842],[77.6378949,13.0030688],[77.637268,13.0034079],[77.6369822,13.003561],[77.636787,13.0036654],[77.6364734,13.0038292],[77.6364048,13.0038782],[77.6362943,13.0039875],[77.6366639,13.004297],[77.6367488,13.004308],[77.6370657,13.0043616],[77.6371527,13.0043788],[77.6373167,13.0044112],[77.6373212,13.0044121],[77.6377037,13.0044917],[77.6377938,13.0045105],[77.6380185,13.0045531],[77.63803,13.0045553],[77.6380413,13.0045575],[77.6403021,13.0049867],[77.6413731,13.0052006],[77.6420275,13.0053087],[77.6428718,13.0053909],[77.643989,13.0054656],[77.6451688,13.0054679],[77.6461003,13.0053625],[77.6461039,13.0053621],[77.6461053,13.0053619],[77.6471652,13.005242],[77.6475712,13.005185],[77.6493704,13.0049327],[77.6497929,13.0048689]]]}},{"type":"Feature","properties":{"KGISSub_DivisionID":19,"Sub_DivisionName":"S21"},"geometry":{"type":"Polygon","coordinates":[[[77.5982629,12.9515033],[77.5989885,12.9508377],[77.6001901,12.9498394],[77.6002142,12.9498194],[77.6003168,12.9497572],[77.6003257,12.9497536],[77.6003654,12.9497375],[77.6004832,12.949741],[77.6006303,12.9498266],[77.6008311,12.9498777],[77.6008536,12.9498834],[77.6010139,12.949918],[77.6010645,12.949929],[77.6012913,12.9499924],[77.6013076,12.949997],[77.6014277,12.9500285],[77.6015564,12.9500607],[77.6015857,12.9500733],[77.601591,12.9500756],[77.6016161,12.9500864],[77.6016303,12.9500925],[77.6018239,12.9501268],[77.6019302,12.950159],[77.6019617,12.9501685],[77.6022179,12.9502426],[77.602233,12.950247],[77.6024072,12.9502965],[77.6025119,12.9503263],[77.6025358,12.950333],[77.6027042,12.9503744],[77.6027914,12.9503957],[77.6029054,12.9504237],[77.6031503,12.9504883],[77.6034135,12.9505578],[77.6034644,12.9505712],[77.6034513,12.9505203],[77.6034961,12.9505097],[77.6037149,12.9504579],[77.6039113,12.9504147],[77.6041234,12.9503783],[77.6041673,12.9503708],[77.60439,12.9503317],[77.6046956,12.9502785],[77.6048439,12.9502478],[77.6049976,12.9502251],[77.6050303,12.9502203],[77.60512,12.9501993],[77.6052291,12.9501848],[77.6053086,12.950174],[77.6053393,12.9501703],[77.6054099,12.9501707],[77.6055705,12.9501713],[77.6056263,12.950173],[77.6056579,12.9501779],[77.6057177,12.9501873],[77.6057396,12.950125],[77.6057504,12.9500976],[77.605778,12.9500267],[77.6058024,12.9499638],[77.6059149,12.9496742],[77.6060448,12.9492932],[77.6061187,12.9490763],[77.6062147,12.9487947],[77.6062063,12.9487852],[77.6060851,12.9486484],[77.6060172,12.9485228],[77.6059375,12.9484082],[77.6055434,12.9480686],[77.6054792,12.9480198],[77.6052111,12.9478258],[77.6051805,12.9478356],[77.6051483,12.9478409],[77.6050722,12.9478533],[77.6050459,12.9478576],[77.6046507,12.9479222],[77.6045694,12.9479354],[77.6029649,12.9481953],[77.602928,12.9481965],[77.6029031,12.9481793],[77.6027843,12.9474712],[77.6027781,12.9474331],[77.6027737,12.9474062],[77.6026833,12.9468558],[77.6027666,12.9467897],[77.6031861,12.9465635],[77.6032638,12.9465216],[77.6040258,12.9451697],[77.604037,12.9451499],[77.6042291,12.9448091],[77.6042707,12.944739],[77.6045677,12.9442395],[77.6045677,12.9442394],[77.6046008,12.9441827],[77.6046015,12.9441826],[77.6057715,12.944013],[77.605969,12.9439844],[77.6064091,12.9439962],[77.6071522,12.944016],[77.607589,12.944037],[77.607592,12.9440287],[77.6077016,12.9437245],[77.6077949,12.9433926],[77.6079111,12.9429607],[77.6080312,12.9425624],[77.6081679,12.9422088],[77.608251,12.9420318],[77.6083714,12.9417961],[77.6086088,12.9413324],[77.6087014,12.9411514],[77.609187,12.9402652],[77.6093451,12.9399916],[77.6093452,12.9399915],[77.6094304,12.9398404],[77.609727,12.939229],[77.6101791,12.9383618],[77.6101935,12.9383351],[77.6102512,12.9382285],[77.6104531,12.9378554],[77.6105112,12.9377481],[77.6106252,12.9375373],[77.6107001,12.937399],[77.6109628,12.9369136],[77.6109678,12.9369043],[77.6110456,12.9367606],[77.6111138,12.9366345],[77.6111845,12.936504],[77.6111846,12.9365039],[77.6118103,12.9353426],[77.6118115,12.9353403],[77.6118464,12.9352754],[77.6120789,12.9348423],[77.6121196,12.9347665],[77.6123262,12.934407],[77.6123776,12.9343177],[77.6123777,12.9343175],[77.6127174,12.9337191],[77.6129127,12.9333624],[77.6131709,12.932891],[77.6136871,12.9320008],[77.6137639,12.9318635],[77.6137815,12.931832],[77.6138532,12.9317038],[77.6138653,12.9316822],[77.6138676,12.9316736],[77.6138956,12.931568],[77.6139075,12.931523],[77.6139196,12.9314614],[77.613802,12.9315995],[77.6136833,12.9316926],[77.6136411,12.9317257],[77.6134425,12.931882],[77.6132136,12.9320655],[77.6124579,12.9326524],[77.612387,12.9327079],[77.6118958,12.9330952],[77.6112724,12.9335889],[77.6111316,12.9336977],[77.6108067,12.933949],[77.6102249,12.9343988],[77.6100636,12.9345141],[77.6091761,12.935148],[77.6091674,12.9351543],[77.6090951,12.9351997],[77.6083224,12.9356854],[77.6079076,12.9359261],[77.6070016,12.9362752],[77.6066091,12.9364186],[77.6065854,12.9364272],[77.6063926,12.9364601],[77.6063055,12.9364711],[77.6062481,12.93648],[77.6053928,12.9365804],[77.604347,12.9367391],[77.6029546,12.9369571],[77.6016939,12.9371495],[77.6016232,12.9368373],[77.601583,12.9366599],[77.6015636,12.9365692],[77.6014637,12.9361043],[77.6014155,12.9358801],[77.6013863,12.935634],[77.6013781,12.9355839],[77.6012808,12.9347677],[77.6012741,12.9347137],[77.6012411,12.9345357],[77.6011611,12.9341097],[77.6009584,12.933062],[77.6008902,12.9326953],[77.6008012,12.9322162],[77.6007585,12.9319245],[77.6007579,12.9319199],[77.6007564,12.9319098],[77.6007245,12.9315288],[77.6007194,12.9314609],[77.600696,12.9311478],[77.6006949,12.9311329],[77.6006888,12.9310686],[77.6006842,12.9310199],[77.600666,12.9307927],[77.6005744,12.9296171],[77.6005654,12.9294382],[77.6005383,12.9287326],[77.6005362,12.9286295],[77.6005305,12.9284025],[77.6005303,12.9283947],[77.6005295,12.9283611],[77.6005294,12.9283611],[77.6005191,12.9281126],[77.6005057,12.9277898],[77.6004743,12.9270332],[77.6004664,12.9268414],[77.6003974,12.9255589],[77.600353,12.924728],[77.6002929,12.9236032],[77.6002543,12.9228323],[77.600254,12.9228252],[77.6002333,12.922413],[77.6002146,12.9220388],[77.6001678,12.9211114],[77.6000646,12.9193349],[77.6000633,12.9193064],[77.599917,12.9167802],[77.599918,12.9167459],[77.5999598,12.9152467],[77.5999599,12.9152447],[77.5999632,12.9149886],[77.599954,12.9142608],[77.599932,12.913731],[77.5999261,12.9124371],[77.5999359,12.9121954],[77.5999524,12.9118429],[77.6000107,12.9111365],[77.6000525,12.9107838],[77.6000952,12.9104581],[77.6000957,12.9104538],[77.600137,12.9101008],[77.6001816,12.9097469],[77.6002026,12.9095502],[77.6002136,12.9093898],[77.6002269,12.9092247],[77.6002399,12.9090372],[77.600243,12.9090044],[77.6002639,12.9088506],[77.6002817,12.9086833],[77.6002831,12.908646],[77.6002984,12.9085114],[77.6003178,12.9083283],[77.6003269,12.9082627],[77.6003385,12.9081034],[77.6003611,12.9079541],[77.6003725,12.9078851],[77.6003961,12.9077188],[77.6004211,12.907635],[77.6004702,12.9075355],[77.6005022,12.9074491],[77.6005558,12.9073458],[77.6005675,12.9073233],[77.6005089,12.9073051],[77.6002948,12.9072386],[77.600245,12.9072231],[77.599591,12.9070199],[77.5992265,12.9069066],[77.5991468,12.9068839],[77.5985338,12.9067096],[77.5978961,12.9065282],[77.5968108,12.9062134],[77.5966571,12.906173],[77.5965793,12.9061525],[77.5965364,12.9061444],[77.5964749,12.9061328],[77.5964477,12.9061295],[77.5963303,12.9061324],[77.596157,12.9061513],[77.5958558,12.9061905],[77.5954221,12.9062466],[77.5952684,12.9062665],[77.5952081,12.9062743],[77.5951881,12.9062754],[77.5950724,12.9062818],[77.5950302,12.9062841],[77.5949481,12.9062886],[77.5939008,12.9062944],[77.5925481,12.9062964],[77.5915697,12.9063095],[77.5909911,12.9063096],[77.5897373,12.9063095],[77.5882641,12.9063217],[77.5867923,12.9063275],[77.5864275,12.9063289],[77.5863873,12.906329],[77.5861233,12.9063301],[77.5861232,12.9063306],[77.5857328,12.9063328],[77.5815936,12.906394],[77.5795515,12.9064242],[77.5753595,12.9064648],[77.5752582,12.9064648],[77.5748058,12.9064689],[77.5747668,12.9064693],[77.5740242,12.9064761],[77.5735026,12.9064743],[77.5733057,12.9064627],[77.5733011,12.9064624],[77.5732504,12.9064624],[77.5731609,12.9071414],[77.5731461,12.9072358],[77.5730359,12.9079717],[77.5729962,12.9083801],[77.5729931,12.908415],[77.5729635,12.9087425],[77.5729629,12.90875],[77.5729519,12.9089816],[77.5729428,12.9092547],[77.5729255,12.9097767],[77.5729182,12.9100262],[77.5728858,12.9111285],[77.5728897,12.9117767],[77.5729321,12.9121944],[77.5730331,12.9126387],[77.5730787,12.9126585],[77.5731667,12.9130328],[77.5732635,12.9134283],[77.5733772,12.91379],[77.5734365,12.913978],[77.5734771,12.9143462],[77.57351,12.914574],[77.5735654,12.914973],[77.5735658,12.9149945],[77.5735741,12.915372],[77.5735771,12.9157688],[77.5735738,12.9160401],[77.5735637,12.9160927],[77.5735604,12.9166969],[77.5735592,12.9169147],[77.573559,12.9169147],[77.573559,12.9169255],[77.5735589,12.9171909],[77.5735573,12.9172483],[77.573551,12.9174721],[77.5735492,12.9175365],[77.5735528,12.9175371],[77.5735825,12.9175416],[77.5736044,12.917545],[77.5739346,12.9175954],[77.5739468,12.9175972],[77.5741079,12.9176218],[77.5742004,12.9176359],[77.5743105,12.9176465],[77.5744098,12.9176503],[77.5745777,12.9176515],[77.5746068,12.9176517],[77.5747542,12.9176527],[77.5747789,12.9176522],[77.5749696,12.9176478],[77.5749697,12.9176478],[77.5753764,12.9176384],[77.5757552,12.9176247],[77.5757753,12.917624],[77.5758183,12.9176224],[77.5758462,12.9176214],[77.5762741,12.9176086],[77.5762743,12.9176086],[77.5767134,12.9175966],[77.5767828,12.9175948],[77.5769722,12.9175896],[77.5771407,12.9175833],[77.5773267,12.9175764],[77.5773709,12.9175747],[77.5775062,12.9175483],[77.5775415,12.9175414],[77.5776578,12.917482],[77.5777,12.9174605],[77.5778348,12.9173535],[77.5778459,12.9173455],[77.577886,12.9173197],[77.5780287,12.9172404],[77.5782118,12.9171768],[77.5784688,12.9171454],[77.5786346,12.9171425],[77.5788455,12.9171389],[77.5789222,12.9171376],[77.5789633,12.9171369],[77.5793321,12.9171463],[77.5794435,12.9171499],[77.5797055,12.9171442],[77.5797508,12.9171432],[77.5798049,12.9171421],[77.580191,12.9171337],[77.5802833,12.9171317],[77.5802828,12.9171869],[77.5802827,12.9171956],[77.5802775,12.9177551],[77.5802767,12.917835],[77.5802747,12.9180501],[77.5802742,12.9181004],[77.5802573,12.9199074],[77.5802567,12.9199695],[77.580255,12.9201513],[77.5802547,12.9201838],[77.5802538,12.9202821],[77.5802533,12.9203308],[77.5802395,12.9218083],[77.5802389,12.921852],[77.5802343,12.9221704],[77.5802265,12.9227184],[77.5802254,12.9227989],[77.5802243,12.9228736],[77.5802164,12.9234291],[77.5802156,12.9234815],[77.5802064,12.9241314],[77.5802053,12.9242052],[77.5802019,12.9245515],[77.5802012,12.9246233],[77.5801779,12.9269665],[77.5801768,12.9270765],[77.5801759,12.9271652],[77.5801757,12.9271867],[77.5801751,12.9272546],[77.5801747,12.9272874],[77.5801694,12.9278246],[77.5801613,12.9286943],[77.5801604,12.9287904],[77.5801593,12.928912],[77.5801588,12.9289626],[77.5801498,12.9299262],[77.5801414,12.9308285],[77.5801409,12.9308808],[77.5801382,12.9311753],[77.5801376,12.9312395],[77.580137,12.9313053],[77.5801337,12.9316498],[77.5801205,12.9330267],[77.5801196,12.9331238],[77.5801141,12.9337034],[77.5801137,12.9337447],[77.5801128,12.9338361],[77.5801094,12.9341928],[77.5801093,12.934202],[77.5801077,12.9343439],[77.5801059,12.934507],[77.5800804,12.9367414],[77.5800808,12.9367406],[77.5800802,12.9368052],[77.5800769,12.9371454],[77.5800769,12.9371477],[77.580052,12.93973],[77.5800525,12.9418404],[77.5800526,12.9433847],[77.5800493,12.9440082],[77.5800383,12.9452588],[77.5800365,12.9454686],[77.5800347,12.9456628],[77.5800161,12.9471687],[77.5800021,12.9476103],[77.5799884,12.9480431],[77.5799839,12.9480803],[77.5799714,12.948183],[77.5800553,12.9482965],[77.5802331,12.9485369],[77.5803106,12.9486313],[77.5804043,12.9487023],[77.580511,12.9487643],[77.5812598,12.9491938],[77.5814763,12.9492998],[77.5818055,12.94945],[77.5818726,12.9495163],[77.5819303,12.9496061],[77.5820013,12.9497168],[77.5823905,12.9505447],[77.582868,12.9515696],[77.5832841,12.9524289],[77.5833502,12.9525704],[77.5833968,12.9526701],[77.5837553,12.9534374],[77.5840735,12.9541175],[77.5841649,12.9543162],[77.5841928,12.9543769],[77.5842022,12.9543973],[77.5842028,12.9543971],[77.5848431,12.9541649],[77.5849829,12.9541204],[77.5850984,12.9540836],[77.5855535,12.9539586],[77.5856592,12.9539192],[77.5857068,12.9539015],[77.5859563,12.953686],[77.586549,12.9531743],[77.5867643,12.9529586],[77.5868958,12.9528558],[77.5871337,12.9527502],[77.5872249,12.9527097],[77.5876114,12.9525871],[77.5876974,12.9525565],[77.5878658,12.9524985],[77.5883195,12.9523425],[77.5892552,12.9520195],[77.5901682,12.9516849],[77.5903289,12.951626],[77.5905197,12.9515533],[77.5905318,12.9515859],[77.5907771,12.952251],[77.591393,12.9538461],[77.5919748,12.9553703],[77.5921751,12.9559029],[77.5922179,12.9560169],[77.5922376,12.9560691],[77.5922422,12.9560814],[77.5922427,12.9560826],[77.5922801,12.9561821],[77.5922991,12.9561661],[77.5928163,12.9557301],[77.593119,12.955495],[77.59316,12.9554632],[77.593682,12.9550651],[77.593692,12.9550574],[77.5940087,12.9548128],[77.5945493,12.9544047],[77.594613,12.9543566],[77.5946186,12.9543524],[77.5951788,12.9539289],[77.595331,12.9538186],[77.5953704,12.9537901],[77.5954554,12.9537285],[77.5958735,12.9534256],[77.5962926,12.9530984],[77.5965036,12.9529336],[77.5966558,12.9528149],[77.5970946,12.9524728],[77.5971477,12.9524315],[77.5974075,12.9522289],[77.5975102,12.952143],[77.5975598,12.9521015],[77.5979353,12.9517875],[77.5981387,12.9516173],[77.5982629,12.9515033]],[[77.5802998,12.917197],[77.5802998,12.917196],[77.5803,12.917196],[77.5803,12.917197],[77.5802998,12.917197]]]}},{"type":"Feature","properties":{"KGISSub_DivisionID":20,"Sub_DivisionName":"W12"},"geometry":{"type":"Polygon","coordinates":[[[77.5237623,12.9850182],[77.5237671,12.9850178],[77.5238186,12.9850187],[77.5238782,12.9850232],[77.5239069,12.9850279],[77.5239371,12.9850355],[77.5239725,12.985046],[77.5240219,12.9850621],[77.5243279,12.9851749],[77.524583,12.9852556],[77.5245912,12.9852582],[77.5246808,12.9852865],[77.5246973,12.9852917],[77.524708,12.9852951],[77.5249386,12.9853573],[77.5251326,12.9854055],[77.5252087,12.9854253],[77.5252338,12.9854326],[77.5253027,12.9854527],[77.5253452,12.9854678],[77.5253794,12.9854819],[77.5254137,12.9854981],[77.5254399,12.9855133],[77.5254624,12.985528],[77.5255167,12.9855665],[77.5255711,12.9856187],[77.5255918,12.9856386],[77.5256796,12.9857293],[77.5257536,12.9858049],[77.5257581,12.9858094],[77.5258254,12.9858782],[77.5258468,12.9858982],[77.5258612,12.9859117],[77.5258888,12.985932],[77.5259163,12.9859483],[77.5259527,12.9859637],[77.5259939,12.9859744],[77.5260237,12.9859788],[77.526056,12.9859809],[77.5260858,12.9859814],[77.5261236,12.9859794],[77.5261574,12.9859759],[77.5261847,12.9859717],[77.5262185,12.9859659],[77.5262547,12.9859576],[77.5262857,12.9859494],[77.5262976,12.9859462],[77.5263069,12.9859437],[77.5263486,12.9859307],[77.5263759,12.9859202],[77.5264032,12.9859088],[77.526432,12.9858944],[77.5264364,12.9858917],[77.5264672,12.9858735],[77.5265,12.9858511],[77.5265713,12.9857925],[77.5265807,12.9857846],[77.5266809,12.9857],[77.5267559,12.9856368],[77.5268421,12.9855659],[77.5268682,12.9855444],[77.5268926,12.9855242],[77.5269199,12.9855018],[77.5270359,12.9854063],[77.5271433,12.985318],[77.5271564,12.9853074],[77.5271708,12.9852956],[77.5272795,12.9852076],[77.5274359,12.9850809],[77.5274475,12.9850716],[77.5274595,12.9850603],[77.5274926,12.9850293],[77.5276366,12.9848944],[77.5277421,12.9847956],[77.5277669,12.9847724],[77.5277874,12.9847532],[77.5280003,12.9845077],[77.5282671,12.9841757],[77.5283192,12.9841233],[77.5283944,12.9840478],[77.5284708,12.9839695],[77.5285421,12.9839296],[77.5286424,12.9838967],[77.5286658,12.983889],[77.5286959,12.9838805],[77.5288369,12.9838408],[77.5289499,12.9838254],[77.5290041,12.9838198],[77.5290084,12.9838193],[77.5291031,12.9838095],[77.5292855,12.9837935],[77.529475,12.9837594],[77.5296715,12.9837038],[77.5299793,12.983565],[77.5300182,12.9835475],[77.5301585,12.9834842],[77.5304345,12.9833383],[77.5305286,12.9832586],[77.5305934,12.9831685],[77.530647,12.983057],[77.530722,12.9828916],[77.5307595,12.9827905],[77.5307721,12.9827565],[77.5308073,12.9826616],[77.5308216,12.9826303],[77.5308659,12.9825335],[77.5308712,12.9825219],[77.5308895,12.9824818],[77.530947,12.9823989],[77.5310483,12.9823013],[77.5311564,12.9822314],[77.5312115,12.9821958],[77.5312483,12.9821816],[77.5313653,12.9821361],[77.5314006,12.9821224],[77.5314748,12.9821041],[77.5315827,12.9820777],[77.5316125,12.9820743],[77.5317002,12.9820644],[77.5317212,12.982062],[77.5318421,12.9820513],[77.5319218,12.9820442],[77.5320386,12.9820338],[77.5323608,12.9820094],[77.532453,12.9820024],[77.5326879,12.9819845],[77.5327254,12.9819803],[77.5330307,12.9819454],[77.5331881,12.9819098],[77.5333051,12.9818834],[77.5333417,12.9818751],[77.5333949,12.9818631],[77.5334248,12.9818546],[77.5335879,12.981808],[77.5337048,12.9817747],[77.5339409,12.9817074],[77.5339524,12.9817038],[77.5340147,12.9816842],[77.5341738,12.9816343],[77.5342264,12.9816177],[77.5343156,12.9815898],[77.53451,12.981525],[77.534542,12.9815144],[77.5346487,12.9814789],[77.5348894,12.981399],[77.5349947,12.9813628],[77.5353482,12.9812412],[77.5354122,12.9812192],[77.5358085,12.9810797],[77.5360946,12.9809741],[77.5361265,12.9809624],[77.5363137,12.9808933],[77.5366765,12.9807499],[77.5366825,12.9807472],[77.5367356,12.9807234],[77.5367659,12.9807098],[77.5372524,12.9804934],[77.5375816,12.98035],[77.5378195,12.9802431],[77.5379899,12.9801705],[77.5381969,12.980078],[77.5387609,12.9798304],[77.5390718,12.979695],[77.5391616,12.9796559],[77.539612,12.9794576],[77.5400742,12.9792639],[77.5404436,12.9791039],[77.540767,12.9789588],[77.541294,12.9787581],[77.5415454,12.9786773],[77.5418477,12.978621],[77.5420758,12.978582],[77.5424278,12.9785273],[77.5427796,12.978481],[77.5430269,12.9784587],[77.5430294,12.9784585],[77.5431801,12.9784449],[77.5433794,12.9784097],[77.5433815,12.9784094],[77.543403,12.9784056],[77.5439232,12.9782822],[77.5441614,12.9782117],[77.5444484,12.9781155],[77.5449023,12.9779616],[77.5452173,12.9778366],[77.5455458,12.9776501],[77.5459838,12.9773239],[77.5461534,12.9771915],[77.546375,12.9770162],[77.5465544,12.976887],[77.5466193,12.9768359],[77.5468579,12.9766487],[77.5469913,12.9765356],[77.5471853,12.9763528],[77.5473428,12.976186],[77.5474781,12.9760299],[77.5475997,12.9758996],[77.5478114,12.9756587],[77.5478879,12.9755716],[77.5480417,12.9754135],[77.5481817,12.975266],[77.548336,12.9751022],[77.5483709,12.9750658],[77.5483711,12.9750657],[77.5483945,12.9750413],[77.5484147,12.9750203],[77.5479869,12.9744655],[77.5477982,12.9743587],[77.5477412,12.9743265],[77.5474978,12.9742827],[77.5474829,12.9742787],[77.5473929,12.9742547],[77.5468375,12.9741384],[77.5467073,12.9741392],[77.5463001,12.9741338],[77.5446284,12.9742057],[77.5444233,12.9741978],[77.5440317,12.9741683],[77.5437857,12.9741377],[77.5433145,12.9740549],[77.5422661,12.9738469],[77.5414442,12.9736722],[77.5405016,12.973474],[77.5399268,12.9733495],[77.5395058,12.9732447],[77.5390677,12.973145],[77.5388515,12.9730607],[77.5386915,12.9729858],[77.538691,12.9729856],[77.5386764,12.9729748],[77.5386093,12.9729252],[77.5385886,12.9729145],[77.538541,12.9728899],[77.5384903,12.9728586],[77.5384526,12.9728353],[77.5383597,12.9727618],[77.5382392,12.9726514],[77.5381652,12.9725765],[77.5380867,12.9724843],[77.5380234,12.9724005],[77.5379094,12.9722493],[77.5377746,12.9720043],[77.5374385,12.9710212],[77.537224,12.9703941],[77.5371801,12.9702652],[77.5370714,12.9699466],[77.5370713,12.9699465],[77.537045,12.9698693],[77.5370064,12.9697596],[77.5368764,12.9693852],[77.5366992,12.9688848],[77.536625,12.9686674],[77.5365935,12.9685919],[77.5365234,12.9684238],[77.5363709,12.9680579],[77.5362512,12.9677486],[77.5361456,12.9674756],[77.5360954,12.967372],[77.5358605,12.9668872],[77.5354315,12.9660088],[77.5353562,12.9658502],[77.5349698,12.9650105],[77.5347942,12.9646115],[77.5346971,12.9643911],[77.5346457,12.9642721],[77.5346306,12.9642371],[77.5346029,12.9641725],[77.5344202,12.9637471],[77.5343381,12.9635559],[77.534238,12.9633227],[77.5340972,12.9629949],[77.5339555,12.9626649],[77.5339233,12.9625898],[77.5338744,12.9624759],[77.5335538,12.9617331],[77.5335204,12.9616556],[77.5334354,12.9614586],[77.5332284,12.9609581],[77.5331631,12.960805],[77.5331597,12.9607919],[77.5331544,12.9607791],[77.5331496,12.9607637],[77.5331464,12.9607536],[77.5330957,12.9605931],[77.5330573,12.9603997],[77.5330499,12.9603606],[77.5330391,12.9601396],[77.5330392,12.9601256],[77.533054,12.9599572],[77.5330575,12.9599289],[77.5330605,12.95991],[77.5330748,12.9598192],[77.5331058,12.9597246],[77.5331739,12.9595415],[77.5332336,12.959381],[77.5332467,12.9593507],[77.5335248,12.958708],[77.5335437,12.9586645],[77.53362,12.9584881],[77.5337347,12.9582352],[77.5338723,12.9579318],[77.5338859,12.957902],[77.5339366,12.95779],[77.534136,12.9573489],[77.5341866,12.9572369],[77.5342039,12.9571987],[77.5342457,12.9570992],[77.53426,12.9570652],[77.5342972,12.9569768],[77.5343101,12.9569305],[77.5343939,12.9566291],[77.5344279,12.956507],[77.534451,12.9564241],[77.5344555,12.9564033],[77.534538,12.9559958],[77.5346266,12.9556196],[77.5346288,12.9556104],[77.5346332,12.9555954],[77.5346617,12.9554908],[77.5346693,12.9554627],[77.5346971,12.9553604],[77.5347097,12.9553358],[77.5347307,12.9552948],[77.5347765,12.9552052],[77.5348331,12.9550943],[77.5348663,12.9550292],[77.5348858,12.9550062],[77.5348949,12.9549956],[77.5349606,12.9549182],[77.5349688,12.9549086],[77.5350742,12.9547845],[77.5351863,12.9546707],[77.5354218,12.9544318],[77.5354598,12.9543933],[77.5355411,12.9543111],[77.5359569,12.953892],[77.5359852,12.9538643],[77.5361668,12.9536867],[77.5363285,12.9535142],[77.5363418,12.9535],[77.5365281,12.9533011],[77.5365357,12.953293],[77.5365898,12.9532209],[77.5366192,12.9531663],[77.5367014,12.953014],[77.5367424,12.952938],[77.5367641,12.9528978],[77.5368079,12.9527786],[77.5368562,12.9526471],[77.5368562,12.952647],[77.5368806,12.9525738],[77.5370077,12.9521795],[77.5370361,12.9520913],[77.5370588,12.9520182],[77.5370644,12.9520001],[77.5371773,12.9516356],[77.5372129,12.9515519],[77.5373421,12.9512473],[77.5373467,12.9512345],[77.5373553,12.9512079],[77.5373744,12.9511575],[77.5375325,12.9507171],[77.537582,12.9505614],[77.5376335,12.9503991],[77.5376915,12.9504421],[77.5380301,12.9506932],[77.5380586,12.9507144],[77.5380818,12.9507315],[77.5381188,12.9507469],[77.5381342,12.9507533],[77.5381396,12.9507555],[77.5381414,12.9507563],[77.538161,12.9507644],[77.5382545,12.9508032],[77.5383024,12.950823],[77.5383323,12.9508309],[77.5384282,12.9508562],[77.538479,12.9508696],[77.5384787,12.950865],[77.5384784,12.9508602],[77.538475,12.9508094],[77.5384389,12.9502585],[77.5383563,12.9500356],[77.5383531,12.9500318],[77.5382492,12.9499095],[77.5376212,12.9495165],[77.5374732,12.9493082],[77.5374632,12.9492104],[77.5374563,12.9491434],[77.5374279,12.9488659],[77.537766,12.9484522],[77.5377943,12.9484284],[77.5380285,12.9482048],[77.5381262,12.9481115],[77.5381174,12.948081],[77.5379723,12.9475773],[77.5378062,12.9470005],[77.5376624,12.9465011],[77.5375605,12.9463357],[77.5374225,12.9462065],[77.537243,12.9459318],[77.5370299,12.9459065],[77.5368535,12.9457632],[77.536611,12.9456684],[77.5361396,12.9456873],[77.5360192,12.9456965],[77.5359794,12.9456995],[77.5355441,12.9457326],[77.5351865,12.9454162],[77.5351088,12.9453475],[77.5350945,12.9453348],[77.5350209,12.945291],[77.5346282,12.9451668],[77.5345442,12.9451403],[77.5342434,12.9450451],[77.534214,12.9450359],[77.5341804,12.9450303],[77.5329201,12.9448213],[77.5328884,12.9448137],[77.5328716,12.9448097],[77.5325031,12.9447209],[77.5324581,12.9447038],[77.5323636,12.9446678],[77.5323533,12.9446705],[77.5319409,12.9447759],[77.5318695,12.9447941],[77.531743,12.9448264],[77.531725,12.944831],[77.5316666,12.944846],[77.5316348,12.9448541],[77.5314571,12.9447626],[77.5313129,12.9446714],[77.5310658,12.9445152],[77.5308316,12.9443605],[77.53083,12.9443595],[77.5307982,12.9443371],[77.5305367,12.9441532],[77.5304594,12.9440989],[77.5302503,12.9438918],[77.5301994,12.9438414],[77.5301876,12.9438583],[77.5301025,12.9439808],[77.5300109,12.9441127],[77.5296512,12.944564],[77.5295883,12.944643],[77.5295209,12.9447276],[77.5293622,12.944834],[77.528998,12.9450781],[77.5289359,12.9451197],[77.5288534,12.9451545],[77.5284463,12.9453261],[77.5283616,12.9453618],[77.5281305,12.9454507],[77.5278607,12.9451914],[77.5271254,12.9444846],[77.5267661,12.9440725],[77.5267641,12.9440702],[77.5267608,12.9440659],[77.5267545,12.9440581],[77.5265343,12.9437822],[77.5263254,12.943519],[77.5260655,12.94317],[77.5260251,12.9431158],[77.5256639,12.9426104],[77.5254826,12.942347],[77.5251257,12.9418194],[77.5250025,12.9416197],[77.5249332,12.9415158],[77.5247701,12.9412324],[77.5245293,12.940814],[77.524489,12.9407466],[77.5242145,12.9403937],[77.5241361,12.9403004],[77.523917,12.940058],[77.5238383,12.9399709],[77.5236412,12.9397549],[77.5232875,12.9393672],[77.5231058,12.9391696],[77.5230906,12.9391556],[77.5228344,12.9389357],[77.5227787,12.9388977],[77.5227786,12.9388977],[77.5225675,12.9387591],[77.521662,12.9381563],[77.5216576,12.9381533],[77.5216427,12.9381414],[77.5214769,12.9380085],[77.5213557,12.9379113],[77.5211009,12.9376368],[77.5208666,12.9373842],[77.5207609,12.9372704],[77.5207368,12.9372455],[77.5205407,12.9370717],[77.5204536,12.937023],[77.5203585,12.9369754],[77.5200584,12.9368253],[77.5196494,12.9366743],[77.5193349,12.9365909],[77.5189111,12.9364786],[77.5188967,12.9364748],[77.5186744,12.9364284],[77.5186591,12.9364265],[77.518405,12.9363956],[77.5183803,12.9363926],[77.5180047,12.9363831],[77.5176707,12.9363747],[77.5176339,12.9363738],[77.5170612,12.9363597],[77.5170432,12.9363593],[77.5170271,12.9363577],[77.5167148,12.9363271],[77.5163535,12.9362918],[77.5163181,12.9362884],[77.5158467,12.9362196],[77.515725,12.9362018],[77.514966,12.936072],[77.5143049,12.9359589],[77.51426,12.9359445],[77.5140329,12.9358714],[77.5140105,12.9358642],[77.5139743,12.9358518],[77.5138658,12.9358147],[77.5134112,12.9356594],[77.5133842,12.9356521],[77.5132928,12.9356274],[77.5132849,12.9356253],[77.5129601,12.9355375],[77.5129558,12.9355364],[77.5129434,12.9355629],[77.5128637,12.9357323],[77.5127243,12.9360289],[77.5127179,12.9360424],[77.5126162,12.9362282],[77.5123411,12.9365703],[77.512102,12.9368529],[77.5120797,12.9368793],[77.5118052,12.9371021],[77.5116008,12.9372309],[77.5111558,12.9373966],[77.5106462,12.9375681],[77.5102259,12.9377032],[77.5091448,12.9380517],[77.5087077,12.9382093],[77.5086023,12.9382591],[77.5085684,12.9382885],[77.5083485,12.9386074],[77.5079994,12.9390854],[77.5077137,12.9395211],[77.5076452,12.9396343],[77.5071976,12.94018],[77.506988,12.9404234],[77.506662,12.9408437],[77.5064322,12.9411411],[77.505983,12.9417981],[77.5057593,12.9421667],[77.5054782,12.9425824],[77.5051351,12.9430884],[77.5047628,12.9436374],[77.5045911,12.9438906],[77.504363,12.944227],[77.5037224,12.9451716],[77.503408,12.9456372],[77.5032848,12.9458197],[77.5027024,12.9466822],[77.5021222,12.9475349],[77.5019439,12.947797],[77.5016075,12.948291],[77.5015242,12.9484133],[77.5012715,12.9489598],[77.5010087,12.9495235],[77.5009244,12.9497043],[77.5002202,12.950375],[77.4999555,12.9505513],[77.4994364,12.9508971],[77.4994291,12.9509019],[77.4994289,12.9509021],[77.4994129,12.9509127],[77.4994233,12.950924],[77.4994613,12.9509845],[77.4994821,12.9510474],[77.499513,12.9511406],[77.4995184,12.9511571],[77.4995328,12.9512008],[77.4997163,12.9519072],[77.4997583,12.9520686],[77.4997604,12.9520769],[77.4997674,12.9520911],[77.49981,12.9521771],[77.4998107,12.9521786],[77.4999198,12.9523992],[77.4999911,12.9525228],[77.5002454,12.9529638],[77.5003236,12.9530995],[77.5005311,12.9534527],[77.5007333,12.9537165],[77.5008652,12.9538886],[77.5011564,12.9542454],[77.5011981,12.9542965],[77.5014521,12.9546031],[77.5015796,12.9547568],[77.5017856,12.9550087],[77.5018027,12.9550305],[77.5018916,12.9551434],[77.5020816,12.9553847],[77.502263,12.9556615],[77.5022703,12.9556726],[77.5026252,12.9562251],[77.5026338,12.9562451],[77.5027836,12.9565934],[77.5028102,12.9566553],[77.5028105,12.9566559],[77.5035417,12.956938],[77.5047156,12.9576588],[77.5047517,12.9576809],[77.5068756,12.9570533],[77.5075203,12.9566885],[77.5088072,12.956198],[77.511428,12.9553762],[77.5115323,12.9560331],[77.5116262,12.9569661],[77.5116801,12.9576884],[77.5117178,12.9581924],[77.5117066,12.9582676],[77.5116647,12.9583248],[77.5116473,12.9583351],[77.5116397,12.9584295],[77.5116691,12.958551],[77.5116693,12.9585743],[77.5116502,12.9586085],[77.5115302,12.9586914],[77.5115252,12.9587677],[77.5115371,12.9591762],[77.5118811,12.9595893],[77.5119374,12.9595984],[77.5119388,12.9595987],[77.5120122,12.9596106],[77.5122618,12.9595929],[77.5128957,12.9586401],[77.5129292,12.9586205],[77.5132929,12.9582889],[77.514064,12.957957],[77.5145197,12.9577608],[77.5148203,12.9585682],[77.5149538,12.9591227],[77.5156498,12.9602003],[77.5156577,12.9602126],[77.5159045,12.9610882],[77.5159065,12.9618853],[77.5160061,12.9619704],[77.5167978,12.9619733],[77.5171105,12.9619508],[77.5171086,12.9621146],[77.5168762,12.9645924],[77.5168287,12.966617],[77.5169684,12.9688033],[77.5175131,12.9719733],[77.5178541,12.9736848],[77.5180557,12.9740556],[77.5180516,12.9740614],[77.5182613,12.9744381],[77.5184688,12.9751922],[77.5185625,12.9755324],[77.5188944,12.9768859],[77.5189955,12.9772011],[77.5189961,12.9772288],[77.5189002,12.9772542],[77.5188476,12.9772681],[77.5190363,12.9780855],[77.5190379,12.9780913],[77.5191378,12.9784392],[77.5191426,12.9784558],[77.5191706,12.9785533],[77.5190847,12.9787313],[77.5188511,12.9791866],[77.5190134,12.9794706],[77.5189791,12.9797146],[77.5189097,12.9798233],[77.5188815,12.980047],[77.5185771,12.9800847],[77.5183951,12.980794],[77.517864,12.981252],[77.5173631,12.9814293],[77.5173632,12.9814297],[77.5173632,12.9814302],[77.5173869,12.9816167],[77.5173922,12.9816586],[77.5174087,12.9819308],[77.5174887,12.9820443],[77.5182125,12.9830588],[77.5182599,12.9831324],[77.5185516,12.9835979],[77.5186508,12.9837781],[77.5186759,12.9838338],[77.5186783,12.9838392],[77.5187876,12.9840003],[77.5188052,12.9841484],[77.518807,12.9841539],[77.5188302,12.9842215],[77.5188555,12.9842954],[77.5188715,12.9843421],[77.5189069,12.9844487],[77.5189679,12.9846951],[77.5190086,12.9848635],[77.5190432,12.9850719],[77.5190881,12.9854401],[77.5191277,12.9859094],[77.5191595,12.9862865],[77.5191601,12.9862941],[77.5191819,12.9864274],[77.5191826,12.986432],[77.5192014,12.9865469],[77.5192211,12.9866673],[77.519222,12.9866711],[77.5192328,12.9867143],[77.5192839,12.9869189],[77.519289,12.9869347],[77.5194003,12.9872768],[77.5197886,12.9871449],[77.5202157,12.9869951],[77.5202551,12.9869813],[77.5202855,12.9869706],[77.5203522,12.9869424],[77.520354,12.9869416],[77.520404,12.9869205],[77.5205165,12.9868729],[77.5206116,12.9868327],[77.5206249,12.9868271],[77.5208053,12.9867508],[77.5210058,12.9866479],[77.5211468,12.9865756],[77.5213623,12.9864623],[77.5213693,12.9864586],[77.5215353,12.9863713],[77.5218149,12.9862147],[77.5218253,12.9862098],[77.5219021,12.9861744],[77.5219821,12.986145],[77.5221386,12.986097],[77.5222877,12.9860382],[77.5223546,12.9860016],[77.5225673,12.9858851],[77.5226259,12.9858462],[77.5227335,12.9857746],[77.5228064,12.9857262],[77.5230668,12.9855216],[77.5231425,12.9854622],[77.5233676,12.9852473],[77.5234445,12.9851761],[77.523507,12.9851218],[77.5235605,12.9850823],[77.5236047,12.9850566],[77.5236351,12.9850448],[77.5236748,12.985033],[77.5237051,12.9850258],[77.5237109,12.9850247],[77.5237312,12.985021],[77.5237623,12.9850182]]]}},{"type":"Feature","properties":{"KGISSub_DivisionID":21,"Sub_DivisionName":"NW5"},"geometry":{"type":"MultiPolygon","coordinates":[[[[77.5258724,13.083602],[77.5258168,13.0829031],[77.5262765,13.0828618],[77.5268122,13.0827934],[77.52709,13.0827664],[77.5272889,13.082834],[77.5272961,13.0828982],[77.5273012,13.0829176],[77.5273059,13.0829355],[77.5273137,13.0829439],[77.5273287,13.0829523],[77.5273367,13.0829513],[77.5273766,13.0829464],[77.5276795,13.0827723],[77.5279038,13.0826532],[77.5280757,13.0823883],[77.5284011,13.082195],[77.5284091,13.0821902],[77.5289529,13.082173],[77.5290235,13.0821708],[77.5292247,13.0821688],[77.5294112,13.082167],[77.5304543,13.082746],[77.5304934,13.082762],[77.5304923,13.0827435],[77.5304889,13.0826854],[77.530443,13.0825143],[77.5304288,13.0824837],[77.5304234,13.082472],[77.5304131,13.0824496],[77.5303928,13.0824134],[77.5303795,13.0823895],[77.5303724,13.0823768],[77.5303221,13.0822885],[77.5303005,13.0822504],[77.5303,13.0822495],[77.5302761,13.0821799],[77.530275,13.0821766],[77.5302696,13.0821608],[77.5302522,13.0821103],[77.530239,13.0820718],[77.5302342,13.0820304],[77.5302209,13.0819175],[77.5302269,13.0818706],[77.5302372,13.0817905],[77.5302482,13.0817059],[77.5302608,13.0816442],[77.5302613,13.0816418],[77.5302969,13.0814686],[77.5303992,13.0809908],[77.5304269,13.0807439],[77.5304214,13.0805576],[77.5304202,13.0805191],[77.5304124,13.0802577],[77.5303115,13.079553],[77.5302951,13.0794148],[77.530287,13.0793463],[77.5302762,13.0792554],[77.5302873,13.0788335],[77.5302894,13.078754],[77.5302918,13.0787219],[77.5303062,13.0785323],[77.5303195,13.0783556],[77.5303284,13.0782388],[77.5303283,13.0781757],[77.5303283,13.0781554],[77.5303279,13.0778741],[77.530567,13.0778383],[77.530783,13.0778329],[77.5308041,13.0777261],[77.5308041,13.0777259],[77.5308042,13.0777257],[77.530971,13.0768853],[77.5309712,13.0768805],[77.5309717,13.0768716],[77.531002,13.0762903],[77.5311408,13.0758467],[77.5312019,13.0758086],[77.5312033,13.0758077],[77.5313324,13.0757272],[77.5314113,13.0756779],[77.5314903,13.0754809],[77.531505,13.0754442],[77.5315159,13.0754171],[77.531416,13.0749757],[77.5313994,13.0749027],[77.5312556,13.0742676],[77.531242,13.0742072],[77.5312388,13.0741934],[77.5312292,13.0741507],[77.5312469,13.0740868],[77.5312633,13.0740278],[77.5313192,13.073827],[77.5313386,13.073428],[77.5313555,13.0730808],[77.5314062,13.0729744],[77.5314499,13.0728828],[77.5314662,13.0728485],[77.5315513,13.0726701],[77.5316842,13.0725588],[77.5316739,13.0723312],[77.531667,13.0721804],[77.5316645,13.0721253],[77.5316622,13.0720762],[77.5315242,13.0719297],[77.5315055,13.0719099],[77.531484,13.0718261],[77.5313879,13.0714501],[77.5309606,13.0697787],[77.5308483,13.0694735],[77.5305905,13.0687729],[77.5304166,13.0687909],[77.5299092,13.0688433],[77.529883,13.0688445],[77.5296111,13.0688567],[77.5294263,13.0688656],[77.5292692,13.0688733],[77.5288474,13.0689176],[77.5286215,13.0689314],[77.5284393,13.0689426],[77.5283858,13.0689458],[77.5283624,13.0689473],[77.5282962,13.0689557],[77.5281656,13.0689754],[77.5280141,13.0690039],[77.5279628,13.0690143],[77.5275192,13.0691042],[77.5245742,13.0697238],[77.5234249,13.0698919],[77.5234198,13.0698711],[77.5230942,13.0685399],[77.5230533,13.0683725],[77.5230718,13.0683633],[77.5253105,13.0672528],[77.5255906,13.0671093],[77.5257418,13.0670318],[77.5255597,13.0665784],[77.525498,13.066406],[77.5253787,13.0659633],[77.5252496,13.0659756],[77.5252389,13.0659766],[77.525203,13.0659628],[77.5251722,13.065951],[77.5251391,13.0657739],[77.5251232,13.0656887],[77.5251106,13.065647],[77.5250042,13.0652943],[77.5249995,13.0652808],[77.5249699,13.0652631],[77.5249655,13.0652604],[77.5249553,13.0652543],[77.5249384,13.0651894],[77.524934,13.0651672],[77.524887,13.0649321],[77.5248695,13.0648265],[77.5248657,13.064804],[77.5248267,13.0646772],[77.5247418,13.0642656],[77.5247257,13.0637862],[77.5246588,13.0635483],[77.524869,13.0631528],[77.5252989,13.0623441],[77.5254477,13.0620641],[77.5273389,13.0585063],[77.5293385,13.056309],[77.5293593,13.0555585],[77.5293447,13.0555632],[77.5287497,13.0557537],[77.5285966,13.0558027],[77.5284517,13.0558491],[77.527266,13.0563541],[77.5250227,13.0571718],[77.5244595,13.0574323],[77.5232184,13.0580065],[77.5227415,13.0582399],[77.5217608,13.05872],[77.5216813,13.0587557],[77.5215279,13.0588247],[77.5215199,13.0588284],[77.5215197,13.0588287],[77.5215014,13.0588606],[77.5214442,13.0589181],[77.5212297,13.0590617],[77.521107,13.0591261],[77.5210032,13.059166],[77.5208597,13.0591923],[77.5206917,13.0592009],[77.5206916,13.0592009],[77.5205836,13.0592064],[77.5202951,13.0591719],[77.519928,13.0591241],[77.519782,13.0591234],[77.5197046,13.0591343],[77.5196497,13.0591585],[77.5195178,13.0592369],[77.5185559,13.0599568],[77.5184122,13.0600363],[77.5181922,13.060158],[77.5176852,13.0603393],[77.517083,13.0604938],[77.5165966,13.060604],[77.5161296,13.0607098],[77.5155731,13.0608141],[77.5150899,13.0613437],[77.5148623,13.0616973],[77.5145773,13.0621619],[77.5142901,13.062297],[77.5137596,13.0623411],[77.5134134,13.0624566],[77.5133366,13.0624838],[77.5132657,13.0625067],[77.5133593,13.0643294],[77.5134108,13.0645018],[77.5134308,13.0645688],[77.5134885,13.064801],[77.5135102,13.0648903],[77.5135108,13.064896],[77.5135102,13.0648997],[77.5135075,13.0649123],[77.5135051,13.064918],[77.5135019,13.0649229],[77.5134965,13.0649269],[77.5134874,13.0649307],[77.513416,13.0649561],[77.5134056,13.0649598],[77.5132332,13.0650211],[77.5131901,13.0650355],[77.5131553,13.0650364],[77.5128147,13.0650455],[77.5127925,13.0650461],[77.5106252,13.0651042],[77.5105387,13.0651191],[77.5105226,13.065044],[77.510384,13.0643974],[77.5103503,13.0642405],[77.5103706,13.0642281],[77.51038,13.0642187],[77.5103913,13.0642031],[77.5103963,13.064186],[77.5104061,13.0640361],[77.5104402,13.0635162],[77.5104047,13.063478],[77.5103777,13.0634104],[77.5103716,13.0633454],[77.510242,13.0632958],[77.5093533,13.0629558],[77.5091308,13.0629408],[77.5079112,13.0623677],[77.5079026,13.0623637],[77.5077414,13.0623094],[77.5075851,13.0622568],[77.507291,13.0621578],[77.5066749,13.0618934],[77.5065979,13.0618346],[77.506444,13.0617107],[77.5064283,13.0616981],[77.505975,13.0624046],[77.5058969,13.0625268],[77.5058647,13.0625773],[77.5058384,13.0626184],[77.5056037,13.0629857],[77.5052403,13.0635689],[77.5051866,13.0636458],[77.5050907,13.0638066],[77.5046085,13.063771],[77.5044598,13.0637555],[77.5043618,13.0637472],[77.5042075,13.0637319],[77.5039371,13.0637086],[77.5037702,13.0636942],[77.5037066,13.0636834],[77.503476,13.0636435],[77.5033559,13.0636161],[77.5032597,13.0635954],[77.5031245,13.0635719],[77.5030882,13.0635656],[77.5029882,13.0635483],[77.5027685,13.0635102],[77.5025597,13.0634564],[77.5023984,13.0634253],[77.5023315,13.0634149],[77.5022046,13.063395],[77.5021738,13.0633902],[77.50183,13.0633331],[77.5014578,13.0632725],[77.5012653,13.0632468],[77.5008309,13.0631819],[77.5005393,13.0631393],[77.5004304,13.0631235],[77.5001218,13.0630596],[77.5000262,13.0630318],[77.4999594,13.0630125],[77.4998862,13.062986],[77.4998743,13.0629816],[77.4998413,13.0629697],[77.4997969,13.0629536],[77.4997205,13.0629241],[77.4995756,13.06286],[77.4994891,13.0628193],[77.4992856,13.0627236],[77.4992814,13.0627217],[77.4989727,13.0625888],[77.4988938,13.0625548],[77.4987943,13.0625158],[77.4987492,13.0624981],[77.4987055,13.0624923],[77.4985053,13.0624392],[77.4983542,13.0624336],[77.4981737,13.0624124],[77.498066,13.0624084],[77.4979578,13.0624131],[77.4978099,13.0624227],[77.4976282,13.0624286],[77.4973548,13.0624611],[77.4971224,13.062473],[77.4969977,13.0624795],[77.4969847,13.0624801],[77.4969178,13.0624853],[77.4969102,13.0624859],[77.4968852,13.0624878],[77.4968235,13.0624926],[77.4968069,13.0624939],[77.4967278,13.0625],[77.4965116,13.0625021],[77.4964762,13.0625015],[77.4962594,13.0624977],[77.4959593,13.0625004],[77.4958968,13.0625009],[77.4957794,13.06251],[77.495578,13.0625208],[77.4955238,13.0625237],[77.4954368,13.0625269],[77.4951394,13.0625379],[77.4949455,13.0625325],[77.494859,13.0625254],[77.4947574,13.0625075],[77.4946755,13.0624931],[77.4944371,13.0624483],[77.4942067,13.0623854],[77.4940704,13.0623337],[77.493998,13.0623237],[77.49397,13.0623205],[77.493887,13.0620387],[77.4930619,13.0621211],[77.493046,13.062125],[77.4929738,13.0621429],[77.4929183,13.0624138],[77.4929201,13.0624143],[77.4929478,13.0624412],[77.4929734,13.0624794],[77.4929806,13.0624902],[77.4930014,13.0625424],[77.4929791,13.0625659],[77.4929406,13.0626517],[77.4929344,13.0626698],[77.4929207,13.0627102],[77.4929026,13.0627633],[77.4928188,13.0631933],[77.4927957,13.0633254],[77.492744,13.0636535],[77.4927287,13.0639451],[77.492719,13.064232],[77.4927185,13.0645503],[77.4927171,13.0648805],[77.4926919,13.065458],[77.4926561,13.0654795],[77.4926062,13.0655093],[77.492586,13.0655192],[77.492618,13.0661214],[77.4926449,13.0665267],[77.4928804,13.0700706],[77.4928804,13.0700708],[77.4929973,13.0729448],[77.493162,13.0734158],[77.4932107,13.0734131],[77.4932294,13.0734454],[77.4934426,13.0739827],[77.4943196,13.0764156],[77.4961699,13.0771999],[77.496651,13.0774039],[77.497471,13.0777515],[77.498229,13.0780728],[77.4992599,13.0785097],[77.5020383,13.0796874],[77.5036842,13.0800661],[77.5064359,13.0806991],[77.5094171,13.0809123],[77.5109614,13.0806296],[77.5117385,13.0805442],[77.5129952,13.0803814],[77.5137836,13.0803143],[77.5146079,13.080254],[77.5146645,13.0802945],[77.514684,13.0803431],[77.5147368,13.0803598],[77.5149357,13.0803492],[77.5150727,13.0802934],[77.5152446,13.0802086],[77.5156101,13.0801058],[77.5157973,13.0800396],[77.5159794,13.0799986],[77.5164614,13.0798899],[77.5164751,13.0799184],[77.5164957,13.0799613],[77.5180955,13.0797494],[77.5181862,13.0797374],[77.5190413,13.0796242],[77.5191309,13.079612],[77.5191386,13.0796109],[77.5191935,13.0796035],[77.519369,13.0794357],[77.5193937,13.0794121],[77.5194814,13.0793282],[77.519614,13.079433],[77.520867,13.0791457],[77.5212519,13.0803571],[77.5220804,13.0802798],[77.5222341,13.0805457],[77.5227012,13.0807772],[77.5228338,13.0809552],[77.5232069,13.0809201],[77.5232838,13.0815027],[77.523399,13.081575],[77.5235676,13.0828429],[77.5235676,13.082847],[77.5235613,13.0834974],[77.5236344,13.0834833],[77.5236961,13.0834901],[77.5237328,13.0835224],[77.5237596,13.0835458],[77.5238156,13.0835598],[77.5243982,13.0836242],[77.5245429,13.0836255],[77.5253369,13.0837047],[77.5254921,13.0836172],[77.5258724,13.083602]]],[[[77.4957798,13.0450822],[77.4957451,13.044463],[77.495951,13.0443607],[77.4959532,13.0443134],[77.495938,13.0441015],[77.4958525,13.042906],[77.4957911,13.0417925],[77.4957855,13.0416891],[77.4962642,13.0415728],[77.4962793,13.0415691],[77.4964493,13.0414259],[77.4964686,13.0409732],[77.4963536,13.0410032],[77.4963351,13.0409917],[77.496282,13.0409588],[77.4962614,13.0407113],[77.4961722,13.0405837],[77.4961612,13.040568],[77.4961612,13.0405669],[77.4961504,13.0403109],[77.4961495,13.0402898],[77.4961484,13.0402615],[77.4961415,13.0399755],[77.4961414,13.0399725],[77.4961398,13.0398708],[77.4961382,13.039766],[77.4961393,13.039753],[77.4961446,13.0396922],[77.4961666,13.0394696],[77.496178,13.0393926],[77.4961828,13.03936],[77.4962016,13.0393061],[77.4962121,13.0392761],[77.4962227,13.0392456],[77.4963719,13.0389282],[77.4964421,13.0387871],[77.4967023,13.0382637],[77.4967083,13.0382627],[77.4973414,13.0381661],[77.4977441,13.0381045],[77.4977441,13.0381041],[77.4977333,13.0379982],[77.4977165,13.0378327],[77.4977165,13.0378318],[77.4977065,13.0376364],[77.497729,13.0376328],[77.4977293,13.0376328],[77.4978139,13.0376192],[77.4979713,13.0375938],[77.4981982,13.0368954],[77.4983268,13.036922],[77.4982898,13.0367289],[77.4982685,13.0365459],[77.4982677,13.0365388],[77.4982547,13.0364609],[77.4983487,13.0364419],[77.4983653,13.0363904],[77.498401,13.0362786],[77.4982659,13.036069],[77.4982331,13.0357644],[77.4983147,13.0356151],[77.4983556,13.0355405],[77.4986985,13.035537],[77.499361,13.0353729],[77.4993664,13.0353715],[77.4993267,13.0351159],[77.4992283,13.0344819],[77.4992324,13.0344594],[77.4992363,13.0344377],[77.4992266,13.0344202],[77.4987941,13.0336368],[77.4986949,13.0336782],[77.4984634,13.0332702],[77.4983312,13.0330332],[77.4983292,13.0330301],[77.497978,13.0324595],[77.4978446,13.0323255],[77.4977706,13.0322513],[77.4977537,13.0322377],[77.4975091,13.0319235],[77.4972504,13.0316363],[77.497196,13.0314386],[77.497092,13.0310745],[77.4970494,13.0309254],[77.4968785,13.0303266],[77.4966597,13.0295639],[77.4962906,13.028235],[77.4962369,13.0280217],[77.4962294,13.0279929],[77.4960336,13.0272329],[77.495995,13.0270856],[77.4958725,13.0266021],[77.4958714,13.0265981],[77.4958659,13.0265792],[77.4957788,13.0262786],[77.495713,13.0260412],[77.4956934,13.0259702],[77.4956674,13.0258764],[77.4955755,13.025545],[77.4954404,13.0250754],[77.4954221,13.0250118],[77.4953626,13.0248051],[77.4953232,13.0246515],[77.4952549,13.0243847],[77.4952011,13.0241537],[77.4951456,13.0238944],[77.4950927,13.0236472],[77.4950561,13.0234761],[77.4949976,13.0233666],[77.4949941,13.023339],[77.4950009,13.0232841],[77.4950255,13.0232343],[77.4953997,13.0228584],[77.4955447,13.0225153],[77.4955432,13.0225156],[77.4954546,13.0225549],[77.4951872,13.0226736],[77.4947649,13.022861],[77.4943664,13.0230679],[77.4940775,13.0232179],[77.4935941,13.024723],[77.4933685,13.0250181],[77.4932169,13.0252682],[77.493049,13.0258351],[77.4929298,13.0258155],[77.4928143,13.0263221],[77.4927037,13.0268305],[77.4926952,13.0271155],[77.4924054,13.0274593],[77.4922779,13.0276106],[77.4920748,13.0278576],[77.4917104,13.0279005],[77.4916197,13.0279158],[77.4915348,13.0279302],[77.4912596,13.0279823],[77.4909202,13.0280466],[77.4905244,13.0281194],[77.4900435,13.0282078],[77.4898623,13.0282394],[77.4897666,13.0282561],[77.4895897,13.028287],[77.4888621,13.0284186],[77.4884418,13.0285045],[77.488416,13.0285098],[77.4876974,13.0286565],[77.4876453,13.0286672],[77.4871624,13.0287625],[77.4863376,13.028934],[77.4863263,13.0289366],[77.4860963,13.0289881],[77.4855742,13.0290965],[77.4851794,13.0291721],[77.4851485,13.0291781],[77.4849264,13.0292206],[77.4846728,13.0292692],[77.4845695,13.029289],[77.4845147,13.0292966],[77.4841824,13.0293428],[77.4840072,13.0293667],[77.4838141,13.029393],[77.4836978,13.0294067],[77.4836531,13.0294113],[77.4836324,13.0294106],[77.4835901,13.0294052],[77.4835452,13.029395],[77.4834832,13.0293772],[77.4834174,13.0293647],[77.4834016,13.0293617],[77.4833552,13.0293528],[77.4831339,13.0293487],[77.4830043,13.0293498],[77.4828745,13.0293509],[77.4827404,13.029352],[77.4826343,13.0293543],[77.4824882,13.0293573],[77.4822542,13.0293623],[77.4818956,13.0293617],[77.4818167,13.0293534],[77.4815124,13.0293214],[77.4813676,13.0293148],[77.480761,13.0292869],[77.4803936,13.02927],[77.4802302,13.0292625],[77.4799735,13.0292507],[77.4796375,13.0292353],[77.4795948,13.0292333],[77.4795942,13.0292333],[77.4795786,13.0292326],[77.4788356,13.0298287],[77.4772852,13.0311735],[77.4770378,13.0314331],[77.477042,13.0314437],[77.4770423,13.0314444],[77.4772544,13.0319782],[77.4777589,13.0328585],[77.4783389,13.0338775],[77.4784236,13.0338425],[77.4788114,13.0349968],[77.4788542,13.0350456],[77.4789704,13.0351321],[77.4792905,13.0353171],[77.4799244,13.0356806],[77.4799585,13.0362541],[77.4799589,13.0362602],[77.4799596,13.0362724],[77.4799699,13.0364454],[77.4799947,13.037039],[77.4800108,13.0371995],[77.4800446,13.0374843],[77.4800639,13.037713],[77.4800811,13.0379177],[77.4800802,13.0379336],[77.4807478,13.0384954],[77.4813432,13.0395571],[77.4817328,13.0397095],[77.4821577,13.0398757],[77.4825537,13.0405924],[77.4822231,13.0408288],[77.4819638,13.0410565],[77.4816762,13.0410724],[77.481594,13.0412403],[77.4814757,13.0417435],[77.4813881,13.0420276],[77.4814895,13.0420579],[77.4815663,13.0420818],[77.4815004,13.0426648],[77.4814579,13.0427253],[77.4813455,13.042913],[77.4810938,13.0431176],[77.4810053,13.0431902],[77.4809646,13.0432106],[77.480071,13.0433841],[77.4800486,13.0433896],[77.4800541,13.0435732],[77.480025,13.0437169],[77.4799209,13.0439719],[77.4798254,13.0444808],[77.4797931,13.0445976],[77.4796348,13.0446171],[77.4795682,13.0446655],[77.4796135,13.0452353],[77.4797789,13.0451445],[77.4798215,13.0457933],[77.4797148,13.045916],[77.47953,13.0463894],[77.4798312,13.0473707],[77.4800047,13.0479428],[77.4800695,13.0484624],[77.4800754,13.0485091],[77.4801028,13.0485058],[77.4801303,13.0485026],[77.4802051,13.0484936],[77.4803932,13.0484712],[77.4814441,13.0482792],[77.4825386,13.0480208],[77.4839923,13.0474982],[77.4840534,13.047474],[77.4844076,13.0473338],[77.4849089,13.0471354],[77.4852942,13.0469806],[77.485792,13.0467922],[77.4859171,13.0467475],[77.4859858,13.0467236],[77.4860992,13.0466862],[77.4861978,13.0466614],[77.4862217,13.0466558],[77.4862113,13.0466132],[77.4863001,13.0465757],[77.4864119,13.0465479],[77.4866126,13.046503],[77.4871086,13.0463882],[77.4876708,13.0462524],[77.4879719,13.0461628],[77.4883047,13.0460707],[77.4888146,13.0459265],[77.489054,13.0458567],[77.4891939,13.0457868],[77.4891977,13.0457849],[77.489217,13.0457752],[77.4892518,13.0457578],[77.4894191,13.0456693],[77.4895564,13.0456109],[77.4897726,13.0455218],[77.4900339,13.0454196],[77.4905198,13.0452306],[77.4909556,13.0450641],[77.4909935,13.0451764],[77.4910099,13.0452243],[77.4910101,13.0452247],[77.4910104,13.0452257],[77.4914906,13.0466204],[77.491968,13.0479764],[77.4920182,13.0481383],[77.492072,13.0486677],[77.4920972,13.0493965],[77.4921426,13.0501931],[77.4922202,13.0505594],[77.4922398,13.0505523],[77.4922426,13.0505513],[77.4947485,13.0496434],[77.4951289,13.0495067],[77.4953281,13.0494361],[77.4958593,13.0492479],[77.4960196,13.0491911],[77.4966094,13.0489813],[77.4966287,13.0489744],[77.4966344,13.0489724],[77.4966514,13.048966],[77.4966484,13.0488796],[77.4966025,13.0485635],[77.4964591,13.0475872],[77.4964409,13.0474634],[77.4963485,13.0468343],[77.4962257,13.0463505],[77.4961353,13.0459941],[77.4961064,13.0458806],[77.496079,13.0457725],[77.4959702,13.0455792],[77.4958654,13.0452712],[77.4957798,13.0450822]]]]}},{"type":"Feature","properties":{"KGISSub_DivisionID":22,"Sub_DivisionName":"SE1"},"geometry":{"type":"Polygon","coordinates":[[[77.6138555,12.9737319],[77.6138694,12.9737285],[77.6138698,12.9737298],[77.6151692,12.9734279],[77.6154668,12.9733605],[77.616653,12.9730919],[77.6166754,12.9730836],[77.6184717,12.9726715],[77.6185566,12.9726608],[77.6188972,12.9726176],[77.6195475,12.9726321],[77.619544,12.9723718],[77.619536,12.9717756],[77.619712,12.9701442],[77.6197796,12.9695288],[77.6198456,12.968929],[77.6198779,12.9686351],[77.6199452,12.9683101],[77.6200005,12.9681154],[77.6200132,12.9680799],[77.6200154,12.9680709],[77.6201607,12.9676392],[77.6202833,12.9673237],[77.6203448,12.9671656],[77.6203685,12.9671046],[77.6203937,12.9670683],[77.620465,12.9669656],[77.6204846,12.9669374],[77.6205597,12.9668458],[77.6206369,12.9667516],[77.6205573,12.9667092],[77.6205386,12.9666992],[77.6204826,12.9666602],[77.6204067,12.9666072],[77.6201286,12.9663279],[77.6200758,12.9662749],[77.6200127,12.9661898],[77.6199403,12.9660922],[77.6198855,12.9660184],[77.6198722,12.9659863],[77.6198326,12.965891],[77.6197429,12.9657029],[77.6197096,12.9656643],[77.6196536,12.9655995],[77.6196193,12.9655698],[77.6196206,12.9655696],[77.6196048,12.9655574],[77.6197191,12.9655561],[77.6213504,12.9653558],[77.6219106,12.9658785],[77.6223942,12.9663297],[77.6227712,12.9666815],[77.6230836,12.9670124],[77.6248055,12.9662599],[77.6249837,12.9661735],[77.6250436,12.9661213],[77.6251032,12.9660602],[77.6255549,12.965154],[77.6257404,12.9647659],[77.6259542,12.9643393],[77.6260237,12.9642135],[77.626043,12.9641748],[77.6260925,12.964089],[77.6261758,12.9639381],[77.6264052,12.963534],[77.6264322,12.9635],[77.6264457,12.9634767],[77.6264582,12.9634674],[77.6265853,12.9633725],[77.6266023,12.9633598],[77.6266512,12.9633312],[77.6274782,12.9628486],[77.6282886,12.9623691],[77.6284208,12.9623199],[77.6284453,12.9623108],[77.6284753,12.962304],[77.6286099,12.9622646],[77.6290637,12.9621675],[77.6291737,12.9621436],[77.6294451,12.9620753],[77.6295908,12.9620316],[77.6300958,12.9618685],[77.6309562,12.9615934],[77.6314291,12.9614437],[77.6319025,12.9612986],[77.6319671,12.9612842],[77.6319854,12.9612784],[77.6322076,12.9612308],[77.6324007,12.9612365],[77.6324196,12.961237],[77.6324789,12.9612577],[77.6326898,12.9613314],[77.6331033,12.9614758],[77.6332804,12.9615297],[77.6336634,12.9616263],[77.6339124,12.9616833],[77.633982,12.9616914],[77.634111,12.9617021],[77.6341923,12.9616981],[77.6343619,12.9616842],[77.6352144,12.9592507],[77.6360061,12.9569907],[77.6362506,12.9562928],[77.6363029,12.956133],[77.6363987,12.9558956],[77.6366588,12.9552512],[77.6368686,12.955186],[77.6377342,12.9549168],[77.6380062,12.9548322],[77.6379792,12.9547372],[77.637117,12.951703],[77.6370295,12.9513951],[77.6369534,12.9512146],[77.636949,12.9512013],[77.6369997,12.9511096],[77.6378611,12.9495515],[77.6381372,12.9490522],[77.638652,12.9491638],[77.6387231,12.9491711],[77.6390192,12.9492014],[77.6394471,12.9492452],[77.6394601,12.9492465],[77.6394833,12.9492489],[77.6395418,12.9492549],[77.6396376,12.9492647],[77.6396459,12.9492572],[77.6396469,12.9492554],[77.6397171,12.9491932],[77.6398151,12.949105],[77.6399031,12.9490259],[77.6401777,12.9487731],[77.6405658,12.9484271],[77.6407723,12.9480684],[77.6407999,12.9479923],[77.6408386,12.9478283],[77.6408472,12.9477819],[77.6408489,12.9475433],[77.6408424,12.9474601],[77.6408387,12.9474386],[77.6408074,12.9473079],[77.6407872,12.9472502],[77.6407816,12.9472396],[77.6401118,12.9460767],[77.6399585,12.945825],[77.6396195,12.9452686],[77.639325,12.9447925],[77.6388549,12.9440325],[77.6380484,12.9427231],[77.6378224,12.9423561],[77.6377426,12.942228],[77.6363683,12.9400212],[77.6362886,12.939897],[77.6361466,12.9397238],[77.6361152,12.9396896],[77.6360837,12.9396554],[77.6358897,12.9394444],[77.6358659,12.9394266],[77.6353699,12.9390573],[77.6352813,12.9389913],[77.6350999,12.9389039],[77.6348187,12.9387684],[77.6347921,12.9387556],[77.6344631,12.9386384],[77.6341979,12.938568],[77.6341424,12.9385533],[77.6338691,12.9385153],[77.6335383,12.9385076],[77.6335087,12.938507],[77.6334151,12.9385048],[77.6327385,12.9385234],[77.6325873,12.9385276],[77.6324191,12.9385322],[77.6321761,12.9385389],[77.631457,12.938523],[77.6311468,12.9385089],[77.6307627,12.9384914],[77.6307134,12.9384924],[77.6302994,12.938501],[77.6298292,12.9385177],[77.6297875,12.9385192],[77.6293893,12.9385122],[77.6292607,12.9384847],[77.62903,12.9384092],[77.6288235,12.9383417],[77.6286855,12.9382966],[77.6287383,12.9383161],[77.6287516,12.938321],[77.628771,12.9383282],[77.6287252,12.9383253],[77.6277781,12.9382657],[77.6277618,12.9382647],[77.6277389,12.9383499],[77.627651,12.9385971],[77.6275724,12.9388631],[77.627566,12.9388848],[77.6274268,12.939176],[77.6273675,12.939399],[77.6273317,12.9395636],[77.627225,12.9399988],[77.627225,12.9399989],[77.6271889,12.9401446],[77.6271448,12.9401939],[77.6271175,12.9402109],[77.6270915,12.9402394],[77.6270597,12.9403402],[77.6270077,12.9405249],[77.626994,12.9405735],[77.6269514,12.9410999],[77.626881,12.9413466],[77.626794,12.9414192],[77.6267003,12.9414678],[77.6265686,12.9415362],[77.6261609,12.9416945],[77.6264557,12.9433311],[77.6264584,12.9433667],[77.6264619,12.9433945],[77.6264638,12.9434091],[77.6264967,12.9437274],[77.6265206,12.9439893],[77.6265192,12.9440318],[77.6265083,12.9440594],[77.6264855,12.944121],[77.6264617,12.9441864],[77.6264027,12.9443448],[77.6263766,12.9444124],[77.6263394,12.9445157],[77.626337,12.9445245],[77.6263233,12.9445736],[77.6263216,12.9445794],[77.6263213,12.9445805],[77.6263171,12.9445955],[77.6262954,12.944714],[77.6262877,12.9447563],[77.6262657,12.9448754],[77.6262616,12.944906],[77.626258,12.9449322],[77.6262467,12.9450143],[77.6262377,12.9450877],[77.62624,12.9451516],[77.6262405,12.9451644],[77.6262358,12.9451657],[77.6262253,12.9451693],[77.6261882,12.9451821],[77.6261693,12.9451886],[77.6261042,12.9452153],[77.6260686,12.9452299],[77.6260556,12.9452368],[77.6260203,12.9452558],[77.6259805,12.9452754],[77.6259144,12.9453012],[77.6259037,12.9453069],[77.6258183,12.9453528],[77.6257258,12.9453947],[77.6256644,12.9454137],[77.6256307,12.9454278],[77.6255855,12.9454528],[77.6255389,12.9454898],[77.6255286,12.945498],[77.6254885,12.9455292],[77.6254617,12.9455498],[77.6254487,12.9455571],[77.6253781,12.9455812],[77.6253408,12.9456008],[77.6252921,12.9456262],[77.6251677,12.9457003],[77.6251544,12.9457079],[77.6249643,12.9458066],[77.6249171,12.945821],[77.6248937,12.9458346],[77.6248531,12.9458584],[77.6248386,12.9458669],[77.6247403,12.9459272],[77.6246613,12.9459757],[77.624648,12.9459831],[77.6246084,12.9460054],[77.6245841,12.946018],[77.6245448,12.9460429],[77.6244596,12.9461004],[77.6244019,12.9461443],[77.6243077,12.946216],[77.6242824,12.9462625],[77.6242154,12.9462966],[77.6239849,12.9464047],[77.6239361,12.9464276],[77.6239411,12.9464462],[77.6239534,12.9464925],[77.6239791,12.9465887],[77.6238029,12.9472179],[77.623699,12.9473613],[77.6233687,12.9476475],[77.6230741,12.9478053],[77.6230644,12.9478105],[77.6229597,12.9480242],[77.6229435,12.9480572],[77.6229315,12.9480722],[77.6228032,12.9482323],[77.6223806,12.9487595],[77.6221767,12.9490181],[77.6219868,12.9492082],[77.6217991,12.9493206],[77.6214532,12.9494586],[77.6214172,12.9495097],[77.6213995,12.9495637],[77.6213916,12.9496833],[77.6213587,12.9497374],[77.6208116,12.9500807],[77.6208049,12.9500688],[77.6206641,12.9498149],[77.6206542,12.9497972],[77.6205767,12.9496576],[77.6205496,12.9496087],[77.6205036,12.9495257],[77.6204791,12.9494816],[77.6203597,12.9492665],[77.6203396,12.9492303],[77.620323,12.9492003],[77.6202347,12.9490412],[77.6201172,12.9488311],[77.6200721,12.9487504],[77.6198615,12.9483737],[77.6198341,12.9483248],[77.6197304,12.9481393],[77.6197048,12.9480924],[77.6195736,12.9478517],[77.6195711,12.9478472],[77.6195041,12.9477288],[77.6194898,12.9477035],[77.6194701,12.9477159],[77.6194644,12.9477195],[77.6193377,12.9477997],[77.6191419,12.9479153],[77.6188783,12.9480759],[77.6188094,12.9481179],[77.6186057,12.9482376],[77.6184647,12.9483218],[77.618428,12.948344],[77.617944,12.9486301],[77.6173044,12.949033],[77.6172793,12.9490515],[77.6172718,12.9490569],[77.617259,12.9490622],[77.6172563,12.9490633],[77.617041,12.9491515],[77.6169741,12.9491039],[77.6168676,12.9489737],[77.616809,12.9489021],[77.6168029,12.9488947],[77.6164208,12.9484274],[77.6162846,12.947643],[77.6161218,12.9472173],[77.6160578,12.9469391],[77.6160858,12.9464775],[77.6160903,12.9464025],[77.6161392,12.9461459],[77.6161455,12.9461131],[77.6161633,12.9460503],[77.6161708,12.9460508],[77.6161927,12.9460523],[77.6162097,12.9460534],[77.6162375,12.9460553],[77.6163659,12.9456582],[77.6164394,12.9455803],[77.6164464,12.9455608],[77.6165439,12.9452883],[77.6166167,12.9451603],[77.6166656,12.9451032],[77.6166768,12.9450945],[77.6167057,12.945072],[77.6167857,12.9450097],[77.6168368,12.944985],[77.6168765,12.9449677],[77.616934,12.9449429],[77.6169263,12.9449225],[77.6169126,12.9448867],[77.6169067,12.944874],[77.6168988,12.9448624],[77.6168891,12.9448522],[77.616878,12.9448435],[77.6168561,12.9448289],[77.6168374,12.9448165],[77.616826,12.9448075],[77.6168162,12.9447969],[77.6168082,12.9447849],[77.6168023,12.9447718],[77.6167033,12.9444974],[77.6166918,12.94447],[77.6166777,12.9444368],[77.6166125,12.9442823],[77.6165915,12.9442425],[77.6165669,12.9442013],[77.616566,12.9442001],[77.6165379,12.9441629],[77.616505,12.9441277],[77.6164202,12.9440461],[77.6162618,12.9438819],[77.6162348,12.943856],[77.6162056,12.9438324],[77.6161775,12.9438115],[77.6160647,12.9437852],[77.6156531,12.9437374],[77.6156369,12.9437355],[77.6156182,12.9437333],[77.615618,12.9437333],[77.6156171,12.9437298],[77.6155366,12.9433808],[77.6154674,12.9430809],[77.6145813,12.9429565],[77.6142278,12.9426709],[77.6141683,12.9426091],[77.6141514,12.9426156],[77.6141308,12.9426234],[77.6139671,12.9426859],[77.6139267,12.9427007],[77.6136673,12.9427957],[77.6136344,12.9428041],[77.6135228,12.9428375],[77.6133904,12.9428745],[77.6133667,12.9428829],[77.6132948,12.942914],[77.6132743,12.9429244],[77.6132553,12.9429373],[77.6132138,12.9429692],[77.6131056,12.9430478],[77.6130837,12.9430614],[77.6130601,12.943072],[77.6129063,12.9431279],[77.6128945,12.9431317],[77.612805,12.9431577],[77.6126949,12.9431896],[77.6126676,12.9431976],[77.6125162,12.943242],[77.6124839,12.9432515],[77.6122109,12.9433362],[77.6120596,12.9433849],[77.6120411,12.9433898],[77.6120221,12.9433929],[77.6118502,12.9434112],[77.6117559,12.9434213],[77.6115151,12.9434576],[77.6114799,12.9434643],[77.6114454,12.9434736],[77.6112295,12.943541],[77.6109399,12.9436334],[77.6108461,12.9436696],[77.6108058,12.9436875],[77.6108009,12.9436902],[77.6107674,12.943709],[77.6106167,12.9438032],[77.6106108,12.9438069],[77.6105739,12.94383],[77.6105292,12.9438546],[77.6104821,12.9438742],[77.6107388,12.944981],[77.6104238,12.9449414],[77.6103095,12.944927],[77.609416,12.9449726],[77.6093732,12.9449755],[77.6093646,12.9449752],[77.6089709,12.9449604],[77.6088908,12.9449595],[77.6087467,12.9449579],[77.6086534,12.9448967],[77.6085114,12.9448557],[77.6084774,12.9448459],[77.6083187,12.9448164],[77.6082618,12.9448114],[77.6081794,12.9448041],[77.6081724,12.9448035],[77.6079657,12.9450852],[77.6072773,12.9452695],[77.6072596,12.9452742],[77.6072233,12.945289],[77.6072348,12.9452472],[77.6073219,12.944932],[77.6073365,12.9448791],[77.6073849,12.9447035],[77.60739,12.9446871],[77.6074121,12.9446147],[77.6074457,12.944505],[77.6074591,12.9444612],[77.607589,12.944037],[77.6071522,12.944016],[77.6064091,12.9439962],[77.605969,12.9439844],[77.6057715,12.944013],[77.6046015,12.9441826],[77.6046008,12.9441827],[77.6045677,12.9442394],[77.6045677,12.9442395],[77.6042707,12.944739],[77.6042291,12.9448091],[77.604037,12.9451499],[77.6040258,12.9451697],[77.6032638,12.9465216],[77.6031861,12.9465635],[77.6027666,12.9467897],[77.6026833,12.9468558],[77.6027737,12.9474062],[77.6027781,12.9474331],[77.6027843,12.9474712],[77.6029031,12.9481793],[77.602928,12.9481965],[77.6029649,12.9481953],[77.6045694,12.9479354],[77.6046507,12.9479222],[77.6050459,12.9478576],[77.6050722,12.9478533],[77.6051483,12.9478409],[77.6051805,12.9478356],[77.6052111,12.9478258],[77.6054792,12.9480198],[77.6055434,12.9480686],[77.6059375,12.9484082],[77.6060172,12.9485228],[77.6060851,12.9486484],[77.6062063,12.9487852],[77.6062147,12.9487947],[77.6061187,12.9490763],[77.6060448,12.9492932],[77.6059149,12.9496742],[77.6058024,12.9499638],[77.605778,12.9500267],[77.6057504,12.9500976],[77.6057396,12.950125],[77.6057177,12.9501873],[77.6056579,12.9501779],[77.6056263,12.950173],[77.6055705,12.9501713],[77.6054099,12.9501707],[77.6053393,12.9501703],[77.6053086,12.950174],[77.6052291,12.9501848],[77.60512,12.9501993],[77.6050303,12.9502203],[77.6049976,12.9502251],[77.6048439,12.9502478],[77.6046956,12.9502785],[77.60439,12.9503317],[77.6041673,12.9503708],[77.6041234,12.9503783],[77.6039113,12.9504147],[77.6037149,12.9504579],[77.6034961,12.9505097],[77.6034513,12.9505203],[77.6034644,12.9505712],[77.6034135,12.9505578],[77.6031503,12.9504883],[77.6029054,12.9504237],[77.6027914,12.9503957],[77.6027042,12.9503744],[77.6025358,12.950333],[77.6025119,12.9503263],[77.6024072,12.9502965],[77.602233,12.950247],[77.6022179,12.9502426],[77.6019617,12.9501685],[77.6019302,12.950159],[77.6018239,12.9501268],[77.6016303,12.9500925],[77.6016161,12.9500864],[77.601591,12.9500756],[77.6015857,12.9500733],[77.6015564,12.9500607],[77.6014277,12.9500285],[77.6013076,12.949997],[77.6012913,12.9499924],[77.6010645,12.949929],[77.6010139,12.949918],[77.6008536,12.9498834],[77.6008311,12.9498777],[77.6006303,12.9498266],[77.6004832,12.949741],[77.6003654,12.9497375],[77.6003257,12.9497536],[77.6003168,12.9497572],[77.6002142,12.9498194],[77.6001901,12.9498394],[77.5989885,12.9508377],[77.5982629,12.9515033],[77.5981387,12.9516173],[77.5979353,12.9517875],[77.5975598,12.9521015],[77.5975102,12.952143],[77.5974075,12.9522289],[77.5971477,12.9524315],[77.5970946,12.9524728],[77.5966558,12.9528149],[77.5965036,12.9529336],[77.5962926,12.9530984],[77.5958735,12.9534256],[77.5954554,12.9537285],[77.5953704,12.9537901],[77.595331,12.9538186],[77.5951788,12.9539289],[77.5946186,12.9543524],[77.594613,12.9543566],[77.5945493,12.9544047],[77.5940087,12.9548128],[77.593692,12.9550574],[77.593682,12.9550651],[77.59316,12.9554632],[77.593119,12.955495],[77.5928163,12.9557301],[77.5922991,12.9561661],[77.5922801,12.9561821],[77.5923256,12.9563036],[77.5923797,12.9564479],[77.5927207,12.9573341],[77.592739,12.9573815],[77.59284,12.9576441],[77.5929878,12.9580263],[77.5930063,12.9580742],[77.5931469,12.9584377],[77.593223,12.9586344],[77.5932395,12.9586771],[77.5932518,12.9587089],[77.5933495,12.9589581],[77.5934706,12.959299],[77.593532,12.9594749],[77.5935854,12.9596159],[77.5935977,12.9596481],[77.5937163,12.959961],[77.5938589,12.9603372],[77.5938725,12.960373],[77.5939683,12.9606258],[77.594044,12.9608252],[77.594183,12.961192],[77.5942865,12.9614537],[77.5943562,12.9616388],[77.5943744,12.9616871],[77.5944523,12.9618937],[77.5944959,12.961998],[77.5945258,12.962051],[77.5945395,12.962076],[77.5945694,12.9621302],[77.5946347,12.962246],[77.594646,12.9622717],[77.5946765,12.9623409],[77.5946792,12.9623468],[77.5946933,12.9623527],[77.5947074,12.9623587],[77.5947215,12.9623647],[77.5947356,12.9623707],[77.5947497,12.9623767],[77.5947525,12.9623779],[77.5947709,12.9623858],[77.5947825,12.9623901],[77.5949309,12.9624435],[77.5949573,12.9624596],[77.5949684,12.9624664],[77.5950188,12.9624972],[77.5950815,12.9625354],[77.5951067,12.9625508],[77.5951482,12.9625789],[77.5951921,12.9626126],[77.595257,12.9626622],[77.5955411,12.9629106],[77.5956733,12.9630293],[77.595734,12.9630829],[77.5957571,12.9631033],[77.5959229,12.9632496],[77.5959663,12.9632889],[77.5960428,12.963382],[77.5960741,12.9634199],[77.5963006,12.9637324],[77.5963716,12.9638472],[77.5964371,12.9639532],[77.5964615,12.9639925],[77.5965022,12.9640585],[77.5965837,12.9641951],[77.5965917,12.9642084],[77.596633,12.964278],[77.5966773,12.9643675],[77.5967534,12.9645376],[77.5967904,12.9645603],[77.596818,12.9645773],[77.5968689,12.9646618],[77.5969433,12.9647526],[77.5969689,12.9647742],[77.5968758,12.9647243],[77.5968508,12.9647109],[77.5968739,12.9648948],[77.5968752,12.9649046],[77.5969571,12.9651069],[77.5969697,12.9651381],[77.5969871,12.9651583],[77.5970161,12.9651919],[77.5970353,12.9652141],[77.5971414,12.9653369],[77.5971779,12.9653653],[77.598067,12.9660721],[77.5985985,12.9665401],[77.5994284,12.9673052],[77.5994289,12.9673056],[77.5994371,12.9673121],[77.5999368,12.9677126],[77.6000582,12.967802],[77.6001339,12.9678577],[77.6002049,12.96791],[77.6002093,12.9679133],[77.6002365,12.9680787],[77.6002425,12.968115],[77.6002524,12.9682149],[77.600294,12.9684284],[77.6003095,12.9685083],[77.6003649,12.9687925],[77.6004586,12.9691699],[77.6004677,12.9692067],[77.6005989,12.9697355],[77.6006333,12.9698707],[77.6006798,12.9700535],[77.6007545,12.970347],[77.600793,12.9704839],[77.6009002,12.970985],[77.6009279,12.971117],[77.6011229,12.9720611],[77.6011569,12.9722257],[77.6012362,12.9726099],[77.6013479,12.9734737],[77.6013508,12.9734962],[77.6013829,12.9737513],[77.6014346,12.9741617],[77.6014732,12.9744347],[77.6015929,12.9754993],[77.6016057,12.9756172],[77.6016522,12.975865],[77.6016577,12.9758921],[77.6017709,12.9764511],[77.6017992,12.9765909],[77.6019919,12.9765652],[77.6020163,12.976562],[77.6022038,12.9765143],[77.6031137,12.9762832],[77.6034994,12.9761852],[77.6068943,12.9753685],[77.6078945,12.9751279],[77.6085446,12.9749798],[77.6092455,12.9748212],[77.6101274,12.974623],[77.6107629,12.9744802],[77.6111907,12.9743787],[77.6117514,12.9742458],[77.6122453,12.9741287],[77.612409,12.9740883],[77.6138555,12.9737319]]]}},{"type":"Feature","properties":{"KGISSub_DivisionID":23,"Sub_DivisionName":"C11"},"geometry":{"type":"Polygon","coordinates":[[[77.6020344,12.9918132],[77.6020805,12.9918075],[77.6021022,12.9918078],[77.6028451,12.9918174],[77.6029595,12.9918189],[77.6032253,12.9918487],[77.6033073,12.991858],[77.6038794,12.9919917],[77.6039035,12.9919973],[77.6039249,12.9920055],[77.604185,12.9921054],[77.604254,12.9921735],[77.6046366,12.9925517],[77.6047639,12.9927086],[77.6047668,12.9927122],[77.6048984,12.9928743],[77.6050356,12.9930505],[77.605384,12.993498],[77.6053952,12.9935143],[77.6055897,12.9937983],[77.6056276,12.9938537],[77.6056592,12.9939154],[77.6057723,12.9941362],[77.6058545,12.9941001],[77.6059189,12.9940719],[77.6070015,12.9936716],[77.6071843,12.993604],[77.6072518,12.993579],[77.6072708,12.993578],[77.6075004,12.9935656],[77.6075753,12.9935623],[77.6075753,12.9935622],[77.6076911,12.9935569],[77.6077833,12.9935527],[77.6081296,12.9935368],[77.6082202,12.993533],[77.6082629,12.9935276],[77.6083736,12.9935135],[77.6084388,12.9935052],[77.6085153,12.9934906],[77.6085275,12.9934882],[77.6085321,12.9934869],[77.6085419,12.9934848],[77.6086993,12.9934398],[77.6088518,12.9933584],[77.6091914,12.9937877],[77.6091921,12.9937885],[77.6092043,12.9937952],[77.6092314,12.9937983],[77.6092444,12.9937924],[77.6098188,12.9935346],[77.6098213,12.9935334],[77.6098737,12.9935099],[77.6099527,12.9934744],[77.609951,12.993469],[77.6098511,12.9931487],[77.6097842,12.9929343],[77.6097717,12.9929014],[77.6097708,12.9928992],[77.6097505,12.9928457],[77.6096838,12.9927437],[77.6097547,12.9926904],[77.6099578,12.9925377],[77.6103311,12.9922683],[77.6103333,12.9922668],[77.6106564,12.992037],[77.6107381,12.9919841],[77.6108779,12.9918936],[77.6109056,12.991877],[77.6112316,12.9916817],[77.6113979,12.9916147],[77.6116292,12.9915521],[77.611674,12.9915399],[77.6120153,12.9914573],[77.6122332,12.9914046],[77.612259,12.9913975],[77.6125318,12.9913224],[77.6125377,12.9913208],[77.6125401,12.99132],[77.6126407,12.9912836],[77.6126609,12.9912763],[77.6126727,12.9912699],[77.6136487,12.990737],[77.6136966,12.9907108],[77.6142573,12.9903968],[77.6148352,12.9900563],[77.615638,12.9895672],[77.6163274,12.9892132],[77.6165428,12.9890838],[77.6169329,12.988842],[77.6170779,12.9887522],[77.6171058,12.9887283],[77.617259,12.9885967],[77.6172435,12.9885753],[77.6172348,12.9885633],[77.6173057,12.9884931],[77.6173058,12.988493],[77.6174385,12.988376],[77.6180009,12.9879458],[77.6182318,12.9877912],[77.6185262,12.9876146],[77.6186789,12.9875231],[77.6189153,12.987391],[77.619008,12.9873384],[77.6193157,12.9871641],[77.6194066,12.9872477],[77.6194505,12.9872639],[77.6195217,12.9872805],[77.6196759,12.9872898],[77.6197269,12.9872919],[77.6198151,12.9872665],[77.6198535,12.9872272],[77.6201678,12.9873352],[77.6203791,12.9873816],[77.6208797,12.9874532],[77.620904,12.9874566],[77.6210221,12.9874727],[77.6215671,12.9875474],[77.6220549,12.9876142],[77.622408,12.9876854],[77.6224819,12.9877037],[77.622504,12.9875608],[77.6225128,12.987504],[77.6219431,12.9874589],[77.620507,12.9872548],[77.6202854,12.9872488],[77.6202737,12.987245],[77.6202412,12.9872346],[77.6201475,12.9871282],[77.6199006,12.9867094],[77.6194365,12.9859757],[77.6191949,12.985626],[77.6190585,12.985446],[77.6189374,12.9853047],[77.6188715,12.9852358],[77.618259,12.9846007],[77.6174685,12.9837411],[77.6173578,12.9836208],[77.6172515,12.9835323],[77.617038,12.9833838],[77.6167818,12.9832283],[77.6166052,12.9831371],[77.6164055,12.9830317],[77.6161532,12.9828772],[77.6160929,12.9828263],[77.6160298,12.9827341],[77.6159611,12.982518],[77.615888,12.9822002],[77.61583,12.9819172],[77.6156215,12.9819342],[77.6156183,12.9816104],[77.6156516,12.9813397],[77.615486,12.9809559],[77.6154528,12.980879],[77.6151934,12.9808766],[77.6145173,12.9808704],[77.6141069,12.9795578],[77.6141519,12.9795392],[77.614212,12.979512],[77.614408,12.9794236],[77.6150974,12.9791124],[77.6153296,12.9790076],[77.6153478,12.9789781],[77.6153857,12.9789166],[77.6153663,12.9787332],[77.6153498,12.9785767],[77.615344,12.9785504],[77.6152675,12.97822],[77.6150423,12.9774614],[77.614652,12.9761464],[77.614601,12.9759743],[77.6142568,12.9749178],[77.6142193,12.9748028],[77.6139279,12.973908],[77.6139222,12.9738906],[77.6138698,12.9737298],[77.6138694,12.9737285],[77.6138555,12.9737319],[77.612409,12.9740883],[77.6122453,12.9741287],[77.6117514,12.9742458],[77.6111907,12.9743787],[77.6107629,12.9744802],[77.6101274,12.974623],[77.6092455,12.9748212],[77.6085446,12.9749798],[77.6078945,12.9751279],[77.6068943,12.9753685],[77.6034994,12.9761852],[77.6031137,12.9762832],[77.6022038,12.9765143],[77.6020163,12.976562],[77.6019919,12.9765652],[77.6017992,12.9765909],[77.6017709,12.9764511],[77.6016577,12.9758921],[77.6016522,12.975865],[77.6016057,12.9756172],[77.6015929,12.9754993],[77.6014732,12.9744347],[77.6014346,12.9741617],[77.6013829,12.9737513],[77.6013508,12.9734962],[77.6013479,12.9734737],[77.6012362,12.9726099],[77.6011569,12.9722257],[77.6011229,12.9720611],[77.6009279,12.971117],[77.6009002,12.970985],[77.600793,12.9704839],[77.6007545,12.970347],[77.6006798,12.9700535],[77.6006333,12.9698707],[77.6005989,12.9697355],[77.6004677,12.9692067],[77.6004586,12.9691699],[77.6003649,12.9687925],[77.6003095,12.9685083],[77.600294,12.9684284],[77.6002524,12.9682149],[77.6002425,12.968115],[77.6002365,12.9680787],[77.6002093,12.9679133],[77.6002049,12.96791],[77.6001339,12.9678577],[77.6000582,12.967802],[77.5999368,12.9677126],[77.5994371,12.9673121],[77.5994289,12.9673056],[77.5994284,12.9673052],[77.5985985,12.9665401],[77.598067,12.9660721],[77.5971779,12.9653653],[77.5971414,12.9653369],[77.5970353,12.9652141],[77.5970161,12.9651919],[77.5969871,12.9651583],[77.5969697,12.9651381],[77.5969571,12.9651069],[77.5968752,12.9649046],[77.5968002,12.9649098],[77.5963435,12.9649469],[77.5963154,12.9649532],[77.5963126,12.9649538],[77.5962943,12.9649578],[77.596185,12.9649987],[77.5961519,12.965011],[77.5959957,12.9651048],[77.5958852,12.9651986],[77.5957865,12.9653045],[77.5956513,12.9655013],[77.5953913,12.9659002],[77.5952849,12.9660713],[77.5952412,12.9662104],[77.5952286,12.9662505],[77.5951797,12.9664062],[77.5951443,12.9665033],[77.5950675,12.9668107],[77.5950067,12.9670657],[77.5949585,12.9672952],[77.5949422,12.967373],[77.5948681,12.9677065],[77.5948569,12.9677579],[77.5948506,12.9677868],[77.5946943,12.9685046],[77.5945349,12.9692418],[77.5943791,12.9699622],[77.5942383,12.970672],[77.5942118,12.9708062],[77.594196,12.9708867],[77.5941259,12.9712418],[77.5940834,12.9714574],[77.5940685,12.9715326],[77.594022,12.9717678],[77.5937943,12.9718632],[77.593704,12.971901],[77.5938915,12.9720662],[77.5939121,12.9720844],[77.593952,12.9721224],[77.5940869,12.9722511],[77.5943423,12.9725583],[77.5944267,12.9726599],[77.5946869,12.972973],[77.5948382,12.973168],[77.5949741,12.9733432],[77.5950325,12.9733987],[77.595206,12.9735637],[77.5959412,12.9741642],[77.5960235,12.9742327],[77.5961136,12.9743076],[77.5967158,12.9748087],[77.5969704,12.9750075],[77.597282,12.9752223],[77.5973965,12.9753012],[77.5986259,12.9761898],[77.5990465,12.976512],[77.5993083,12.9766612],[77.5990453,12.977257],[77.5990021,12.9773549],[77.5989215,12.9775375],[77.59847,12.9785026],[77.5978914,12.9797288],[77.5973013,12.9809762],[77.5970759,12.981053],[77.5969807,12.9806688],[77.5969613,12.9805906],[77.5967156,12.9803574],[77.5956764,12.9806982],[77.595603,12.9807222],[77.5956299,12.9808264],[77.5956411,12.9808701],[77.595383,12.9809379],[77.5949856,12.9806519],[77.5948541,12.9806556],[77.5945818,12.9813138],[77.59446,12.9816083],[77.5946869,12.9818436],[77.5947552,12.9819143],[77.5940402,12.9821704],[77.5932027,12.9824491],[77.5931379,12.9824707],[77.5931314,12.9824729],[77.5927079,12.9826138],[77.5925921,12.9826524],[77.5924635,12.9827145],[77.5923597,12.982809],[77.5923079,12.9829007],[77.5922775,12.9829547],[77.5922116,12.983079],[77.5921662,12.9831426],[77.5920027,12.9832683],[77.5919372,12.9832933],[77.5918493,12.9833258],[77.5914599,12.9834698],[77.5892737,12.9842812],[77.5889883,12.9843872],[77.5885276,12.9846891],[77.5883822,12.9847805],[77.5885638,12.9850083],[77.5894699,12.9858886],[77.5895061,12.9859238],[77.5893788,12.9860734],[77.5892262,12.9862526],[77.5890345,12.9864778],[77.5889384,12.9865907],[77.5889087,12.9867798],[77.5888583,12.9868343],[77.5888969,12.9871375],[77.588757,12.9887002],[77.5887086,12.9896253],[77.5885809,12.9906699],[77.5885422,12.9910188],[77.588535,12.9914491],[77.5885434,12.9915594],[77.5885486,12.9916288],[77.5885547,12.9917085],[77.5885644,12.9918362],[77.588679,12.9925261],[77.5887997,12.9930128],[77.5888754,12.9931553],[77.5889022,12.9932059],[77.5889295,12.9932572],[77.5889299,12.9932586],[77.5891286,12.9938123],[77.5894031,12.9944137],[77.5897846,12.9951925],[77.5898734,12.9951943],[77.5904224,12.9952055],[77.5909923,12.9952324],[77.5912512,12.9952446],[77.5913708,12.9952564],[77.5913851,12.9952578],[77.5924274,12.9954595],[77.5934379,12.9955351],[77.5938537,12.9955391],[77.5940642,12.9955223],[77.5942952,12.9954909],[77.5945165,12.9954371],[77.5946942,12.9953791],[77.5955538,12.9949948],[77.5961987,12.9946545],[77.5960647,12.9943505],[77.5960658,12.9943482],[77.5961018,12.9942717],[77.5961036,12.9942679],[77.5962419,12.9942103],[77.5963934,12.9941445],[77.5975009,12.9936274],[77.5980096,12.9933811],[77.5980218,12.9933743],[77.598142,12.9932983],[77.5982596,12.9932238],[77.5984712,12.9929523],[77.5988824,12.9927196],[77.5988994,12.99271],[77.5989182,12.9927034],[77.6001178,12.9922848],[77.6009777,12.9919935],[77.6010728,12.9919682],[77.6011331,12.991952],[77.6011626,12.9919442],[77.6011984,12.9919393],[77.6015715,12.9918888],[77.6020304,12.9918138],[77.6020344,12.9918132]]]}},{"type":"Feature","properties":{"KGISSub_DivisionID":24,"Sub_DivisionName":"SW4"},"geometry":{"type":"Polygon","coordinates":[[[77.5396197,12.9334479],[77.5396637,12.9334172],[77.5396644,12.9334184],[77.5399759,12.9339383],[77.5399511,12.9339648],[77.539894,12.9340258],[77.5398696,12.9340564],[77.5398548,12.9340836],[77.539841,12.9341316],[77.5398315,12.9342424],[77.5398521,12.9344528],[77.5398592,12.9344783],[77.5398592,12.9344784],[77.5398593,12.9344784],[77.5398965,12.9346125],[77.539912,12.9346685],[77.5400146,12.9350785],[77.540022,12.9351114],[77.5400559,12.9352623],[77.5400946,12.9354348],[77.5401272,12.9355552],[77.5401886,12.9357768],[77.5402676,12.9359826],[77.540274,12.9359829],[77.540351,12.9359868],[77.5405765,12.9359968],[77.5406936,12.9360009],[77.5412844,12.9360174],[77.5414535,12.9360239],[77.5414559,12.9360239],[77.5416177,12.9360268],[77.5417159,12.9360133],[77.5417627,12.9360044],[77.5422202,12.9358787],[77.5426683,12.935753],[77.5426702,12.9357525],[77.5426981,12.9357446],[77.5427444,12.9357315],[77.5430317,12.9356457],[77.5436634,12.9354352],[77.5436919,12.9355224],[77.5438099,12.9358831],[77.543814,12.9358958],[77.5438621,12.9358761],[77.5442495,12.9357179],[77.5443721,12.9356729],[77.5445213,12.9356182],[77.5448145,12.9355107],[77.5450242,12.9354272],[77.5452196,12.9353423],[77.5453057,12.9352987],[77.5453324,12.9352818],[77.5453838,12.9352495],[77.5456035,12.9351175],[77.5462187,12.9347646],[77.5466105,12.9345413],[77.5467568,12.9344579],[77.5468555,12.9345762],[77.5469086,12.9346399],[77.5476854,12.935572],[77.5478079,12.9357212],[77.5483736,12.9364144],[77.5485065,12.9365723],[77.5486107,12.9366959],[77.5489067,12.9370476],[77.5491404,12.9373232],[77.5492821,12.9374823],[77.5494097,12.9376035],[77.5494972,12.9376992],[77.5497784,12.9379359],[77.5497772,12.937937],[77.5499982,12.9381208],[77.5501277,12.9382285],[77.5504294,12.9384714],[77.5505433,12.938559],[77.5506469,12.9386319],[77.550727,12.9386858],[77.5508029,12.9387345],[77.5508512,12.9387633],[77.5509585,12.9388237],[77.5511287,12.938913],[77.5512385,12.9389657],[77.5513231,12.9389987],[77.5513929,12.9390213],[77.5514461,12.939036],[77.551479,12.9390435],[77.5515098,12.9390488],[77.5515331,12.9390509],[77.5515772,12.9390499],[77.5516228,12.9390451],[77.5516473,12.9390409],[77.5516675,12.9390358],[77.5518207,12.9389913],[77.5518816,12.9389737],[77.5520962,12.9389114],[77.5522652,12.9388593],[77.5522766,12.9388558],[77.5524585,12.938801],[77.5524801,12.9387945],[77.5527883,12.9387017],[77.5528189,12.938693],[77.5531765,12.9385938],[77.5532608,12.9385753],[77.5533468,12.9385609],[77.5534664,12.9385468],[77.5535038,12.938543],[77.5535256,12.9385409],[77.5535641,12.9385371],[77.5535726,12.9385365],[77.5536974,12.9385281],[77.5539296,12.9385111],[77.5542628,12.9384829],[77.5543062,12.9384791],[77.5546441,12.9384499],[77.5546507,12.9384492],[77.5547571,12.9384386],[77.5548496,12.9384294],[77.5549924,12.9384152],[77.5549977,12.9384147],[77.555429,12.9383711],[77.5555752,12.9383563],[77.5556099,12.9383528],[77.5556849,12.9383452],[77.556053,12.9382955],[77.5562301,12.9382706],[77.5563904,12.9382416],[77.5565047,12.9382149],[77.5565994,12.9381875],[77.5567904,12.938127],[77.5569429,12.938073],[77.5570212,12.9380409],[77.5570568,12.9380263],[77.5572799,12.9379349],[77.557602,12.9377815],[77.5577048,12.9377326],[77.5580077,12.9375617],[77.5581781,12.9374686],[77.5582406,12.9374297],[77.5582526,12.9374224],[77.5582933,12.9373981],[77.558345,12.93737],[77.5583581,12.9373629],[77.5584064,12.9373355],[77.5584667,12.9372984],[77.5585236,12.9372637],[77.5588887,12.9370049],[77.5590403,12.9368844],[77.5593878,12.9366239],[77.5594687,12.9365676],[77.559539,12.9365094],[77.55956,12.9364921],[77.5597471,12.9363372],[77.5598189,12.9362565],[77.5598909,12.9361754],[77.5602196,12.9358058],[77.5603505,12.9356586],[77.5603701,12.9356365],[77.5605188,12.9354694],[77.5606065,12.9353695],[77.5606192,12.935354],[77.5606558,12.9353089],[77.5606692,12.9352912],[77.5606785,12.9352749],[77.5606815,12.9352697],[77.5606937,12.9352407],[77.5606958,12.9352352],[77.5607043,12.9352123],[77.5607085,12.9351968],[77.5607116,12.9351819],[77.5607126,12.9351637],[77.5607112,12.9351413],[77.5607104,12.935136],[77.5607305,12.9351328],[77.5607853,12.9351241],[77.5608188,12.9351158],[77.5608815,12.9350947],[77.5609828,12.9350552],[77.5610638,12.9350201],[77.561212,12.9349686],[77.5612752,12.9349459],[77.5614107,12.9348974],[77.5617153,12.9347707],[77.5622968,12.9345505],[77.5622818,12.9344956],[77.5622396,12.9343414],[77.562217,12.9342769],[77.5622005,12.9342377],[77.5621922,12.9342182],[77.5621885,12.9342094],[77.5627191,12.933523],[77.5626923,12.9334619],[77.5626881,12.9334494],[77.5626802,12.933426],[77.562674,12.9333972],[77.5626692,12.9333598],[77.5626702,12.9333194],[77.5626781,12.9331927],[77.5626837,12.9331029],[77.563012,12.9329727],[77.5632425,12.9328745],[77.5633945,12.9327979],[77.563521,12.9327288],[77.5635432,12.9327167],[77.5635461,12.9327151],[77.5636434,12.932662],[77.5637603,12.9325983],[77.5638346,12.9325544],[77.5639276,12.9324994],[77.5639247,12.9324941],[77.5640667,12.9324127],[77.5640724,12.9323914],[77.5640653,12.9323566],[77.5639278,12.9316808],[77.5638384,12.9312559],[77.5637739,12.930949],[77.5637671,12.9309167],[77.5636642,12.9303715],[77.5638045,12.9303448],[77.5639204,12.9303226],[77.5652413,12.9300693],[77.5662202,12.9298939],[77.5662512,12.9298884],[77.5666173,12.9298175],[77.5666364,12.9298639],[77.566679,12.9299676],[77.5667522,12.9299682],[77.5679601,12.9299783],[77.568921,12.9299409],[77.5691176,12.9299313],[77.5694474,12.9299191],[77.5697094,12.9299026],[77.5709246,12.9298225],[77.5710398,12.9298149],[77.5710957,12.9298096],[77.5714907,12.929772],[77.5717145,12.9297504],[77.5719815,12.9297114],[77.5721745,12.9296804],[77.5724149,12.9296417],[77.5727157,12.9295825],[77.5727681,12.9295721],[77.572887,12.9295487],[77.5736429,12.9293797],[77.5736437,12.929461],[77.5736588,12.9310126],[77.5736588,12.9310788],[77.5736594,12.931576],[77.5737283,12.9332211],[77.5743774,12.9332051],[77.5744056,12.9332044],[77.5745156,12.9331979],[77.5750022,12.9331694],[77.5755524,12.9331372],[77.5755234,12.9332852],[77.5752382,12.934422],[77.5753276,12.9344141],[77.575799,12.9343727],[77.5760142,12.9346099],[77.5761238,12.9346923],[77.576191,12.9347301],[77.5764679,12.9347496],[77.5765458,12.934755],[77.5770013,12.9347605],[77.5770301,12.9347477],[77.5770647,12.9347476],[77.5771034,12.9347186],[77.5771311,12.9345638],[77.5771556,12.934445],[77.5774074,12.9343101],[77.5775676,12.9343013],[77.5776068,12.9343025],[77.5776171,12.9342985],[77.5779007,12.9342828],[77.5781886,12.9342393],[77.5782316,12.9342382],[77.5784337,12.9342329],[77.5784439,12.9342326],[77.5788709,12.9342215],[77.5788912,12.9342209],[77.5790818,12.934216],[77.5795278,12.9342043],[77.5801093,12.934202],[77.5801094,12.9341928],[77.5801128,12.9338361],[77.5801137,12.9337447],[77.5801141,12.9337034],[77.5801196,12.9331238],[77.5801205,12.9330267],[77.5801337,12.9316498],[77.580137,12.9313053],[77.5801376,12.9312395],[77.5801382,12.9311753],[77.5801409,12.9308808],[77.5801414,12.9308285],[77.5801498,12.9299262],[77.5801588,12.9289626],[77.5801593,12.928912],[77.5801604,12.9287904],[77.5801613,12.9286943],[77.5801694,12.9278246],[77.5801747,12.9272874],[77.5801751,12.9272546],[77.5801757,12.9271867],[77.5801759,12.9271652],[77.5801768,12.9270765],[77.5801779,12.9269665],[77.5802012,12.9246233],[77.5802019,12.9245515],[77.5802053,12.9242052],[77.5802064,12.9241314],[77.5802156,12.9234815],[77.5802164,12.9234291],[77.5802243,12.9228736],[77.5802254,12.9227989],[77.5802265,12.9227184],[77.5802343,12.9221704],[77.5802389,12.921852],[77.5802395,12.9218083],[77.5802533,12.9203308],[77.5802538,12.9202821],[77.5802547,12.9201838],[77.580255,12.9201513],[77.5802567,12.9199695],[77.5802573,12.9199074],[77.5802742,12.9181004],[77.5802747,12.9180501],[77.5802767,12.917835],[77.5802775,12.9177551],[77.5802827,12.9171956],[77.5802828,12.9171869],[77.5802833,12.9171317],[77.580191,12.9171337],[77.5798049,12.9171421],[77.5797508,12.9171432],[77.5797055,12.9171442],[77.5794435,12.9171499],[77.5793321,12.9171463],[77.5789633,12.9171369],[77.5789222,12.9171376],[77.5788455,12.9171389],[77.5786346,12.9171425],[77.5784688,12.9171454],[77.5782118,12.9171768],[77.5780287,12.9172404],[77.577886,12.9173197],[77.5778459,12.9173455],[77.5778348,12.9173535],[77.5777,12.9174605],[77.5776578,12.917482],[77.5775415,12.9175414],[77.5775062,12.9175483],[77.5773709,12.9175747],[77.5773267,12.9175764],[77.5771407,12.9175833],[77.5769722,12.9175896],[77.5767828,12.9175948],[77.5767134,12.9175966],[77.5762743,12.9176086],[77.5762741,12.9176086],[77.5758462,12.9176214],[77.5758183,12.9176224],[77.5757753,12.917624],[77.5757552,12.9176247],[77.5753764,12.9176384],[77.5749697,12.9176478],[77.5749696,12.9176478],[77.5747789,12.9176522],[77.5747542,12.9176527],[77.5746068,12.9176517],[77.5745777,12.9176515],[77.5744098,12.9176503],[77.5743105,12.9176465],[77.5742004,12.9176359],[77.5741079,12.9176218],[77.5739468,12.9175972],[77.5739346,12.9175954],[77.5736044,12.917545],[77.5735825,12.9175416],[77.5735528,12.9175371],[77.5735492,12.9175365],[77.573551,12.9174721],[77.5735573,12.9172483],[77.5735589,12.9171909],[77.573559,12.9169255],[77.573559,12.9169147],[77.5735532,12.9169131],[77.5734212,12.9168774],[77.5732846,12.9168138],[77.5732585,12.916803],[77.5730179,12.9167028],[77.5728779,12.9166604],[77.572775,12.9166292],[77.5727559,12.9166243],[77.5723085,12.9165743],[77.5722525,12.9165696],[77.5722177,12.9165667],[77.5721803,12.9165635],[77.5720781,12.9165571],[77.5718785,12.9165542],[77.5716589,12.9165613],[77.5715564,12.9165684],[77.5715269,12.9165705],[77.5715039,12.916572],[77.5713582,12.9165808],[77.5712966,12.9165777],[77.5712454,12.9165697],[77.571231,12.9165674],[77.5711621,12.9165484],[77.5706209,12.9163996],[77.5706101,12.9163967],[77.5705695,12.9163857],[77.5705021,12.9163674],[77.5704552,12.9163496],[77.5703989,12.9163217],[77.5703631,12.9163001],[77.5703336,12.9162799],[77.5703274,12.9162757],[77.5702934,12.9162476],[77.5702244,12.916163],[77.5702065,12.9161324],[77.570181,12.9160887],[77.5701658,12.9160627],[77.5701609,12.9160542],[77.5701435,12.9160245],[77.5699828,12.9157169],[77.5698632,12.9156103],[77.5696904,12.9155624],[77.5695551,12.9155257],[77.5695267,12.915518],[77.5694527,12.9154902],[77.5693677,12.9154583],[77.5693604,12.9154555],[77.5692563,12.9154164],[77.5690874,12.9153484],[77.5689255,12.9152366],[77.5686926,12.9150493],[77.5686774,12.915037],[77.5686269,12.9149965],[77.5682607,12.9146579],[77.5673517,12.9138923],[77.5672495,12.9138605],[77.5672321,12.9138551],[77.5670936,12.913852],[77.566661,12.9138838],[77.5666525,12.9138852],[77.5664825,12.9139225],[77.5662648,12.9139842],[77.5659041,12.9141205],[77.5658727,12.9141849],[77.5657254,12.9145524],[77.565495,12.9151273],[77.5651605,12.9159621],[77.5651574,12.91597],[77.5651446,12.9160024],[77.564809,12.9168502],[77.5646207,12.917326],[77.5644395,12.9177787],[77.5643647,12.9179656],[77.5642913,12.9181279],[77.5642276,12.9182397],[77.5640301,12.918587],[77.5636572,12.9191594],[77.5635407,12.9193244],[77.5634686,12.9194267],[77.563383,12.9195127],[77.5633547,12.9195411],[77.5633444,12.9195514],[77.5632042,12.9196351],[77.5631441,12.9196709],[77.5626844,12.919945],[77.5623661,12.9201458],[77.5622636,12.9202465],[77.5621858,12.9203488],[77.5619373,12.9209309],[77.5616525,12.9216061],[77.5615001,12.9216376],[77.5598416,12.9219363],[77.5592189,12.9220715],[77.5586214,12.9222353],[77.5575645,12.9225766],[77.5545587,12.9235422],[77.5544265,12.9235782],[77.5541275,12.9225745],[77.5540221,12.9222579],[77.5539493,12.9219772],[77.5538953,12.9217826],[77.5538816,12.9217053],[77.55378,12.9213068],[77.5537909,12.9212442],[77.553857,12.9211957],[77.5541176,12.92107],[77.5541766,12.9209859],[77.5540074,12.9209344],[77.5539259,12.92089],[77.5538412,12.9208437],[77.5534563,12.92062],[77.5532977,12.9205178],[77.5531409,12.9203975],[77.5529029,12.9201524],[77.552825,12.9199127],[77.5526795,12.9197515],[77.5526176,12.9197175],[77.5523277,12.9197739],[77.5521128,12.9197875],[77.5520298,12.9197753],[77.5518693,12.9197516],[77.5517045,12.9197001],[77.5515764,12.9196601],[77.5515402,12.9196488],[77.5514007,12.9195943],[77.5511529,12.9194975],[77.5507609,12.9194563],[77.5504609,12.9194728],[77.5496145,12.9196341],[77.5489708,12.9197914],[77.5485775,12.919845],[77.5483981,12.9198372],[77.5480349,12.9197776],[77.5477144,12.9197062],[77.5475898,12.9197052],[77.547492,12.9197045],[77.54728,12.9197597],[77.5471635,12.9197899],[77.5470935,12.9198183],[77.5470537,12.9198344],[77.5469631,12.9193832],[77.5468712,12.9188673],[77.5467888,12.9183912],[77.5467401,12.9180693],[77.5466684,12.9176948],[77.5465936,12.9174012],[77.54654,12.9172343],[77.5464363,12.9170097],[77.5462426,12.9166618],[77.5457633,12.915912],[77.5457202,12.9158446],[77.5448431,12.9160934],[77.5447955,12.9161069],[77.5446469,12.9157544],[77.5446468,12.9157544],[77.5446155,12.91568],[77.5437133,12.9158669],[77.5427512,12.9161084],[77.5424064,12.9161841],[77.5419181,12.9162991],[77.5419576,12.9164665],[77.5419635,12.9167651],[77.5419501,12.9170603],[77.5419462,12.9175307],[77.5419593,12.9180546],[77.5419762,12.9185573],[77.5419857,12.9186913],[77.5420052,12.9188041],[77.542007,12.9188148],[77.5420082,12.9188178],[77.5408706,12.9182136],[77.5400314,12.9176974],[77.5395615,12.9174983],[77.5393358,12.9174489],[77.5391962,12.9175205],[77.5389499,12.9176914],[77.5389475,12.917693],[77.5388876,12.9177346],[77.5393747,12.9180478],[77.5395514,12.9187612],[77.5394147,12.9187939],[77.53938,12.9188021],[77.5394163,12.9189577],[77.5395203,12.919403],[77.5396607,12.9200244],[77.5395809,12.9200413],[77.5394569,12.9200676],[77.5397595,12.9212735],[77.540292,12.9219343],[77.5403285,12.9221853],[77.5403389,12.9222568],[77.5398144,12.9223517],[77.5395947,12.9223681],[77.5387943,12.9224401],[77.53846,12.9224956],[77.5383544,12.9225094],[77.5381766,12.9225327],[77.5381325,12.9225403],[77.5380881,12.922548],[77.5380863,12.9226838],[77.538086,12.922705],[77.538085,12.9227834],[77.5381126,12.9229407],[77.5381419,12.9231075],[77.5381559,12.9231875],[77.5381724,12.9233037],[77.5382332,12.9237109],[77.5382339,12.9237167],[77.5382209,12.9237221],[77.5381127,12.9237672],[77.5379543,12.9238274],[77.5378693,12.9238596],[77.5377482,12.9238836],[77.5377015,12.9238928],[77.5374551,12.9239417],[77.5368546,12.9242744],[77.5367791,12.9246754],[77.5367042,12.9250691],[77.5367128,12.9251677],[77.5367592,12.9256948],[77.5369545,12.9263143],[77.5370002,12.9266223],[77.5369937,12.9267125],[77.5367468,12.9268774],[77.5360234,12.9269155],[77.5360075,12.9269226],[77.5359775,12.9269359],[77.535452,12.9271686],[77.535151,12.9274081],[77.5350343,12.9278625],[77.5349931,12.9280229],[77.5349892,12.9280381],[77.5349931,12.9280776],[77.5350623,12.928792],[77.5350998,12.9295143],[77.5350215,12.9295534],[77.5349108,12.9293816],[77.5349048,12.9293722],[77.5347486,12.9291298],[77.53474,12.9291211],[77.53471,12.9290911],[77.5346408,12.9290218],[77.5344898,12.9288792],[77.5339127,12.9285287],[77.5337475,12.9284292],[77.5335753,12.9283255],[77.5334124,12.9282455],[77.5333372,12.9282085],[77.5332905,12.9281904],[77.5331982,12.9281544],[77.533145,12.9281337],[77.5331365,12.9281344],[77.5327672,12.9281638],[77.532758,12.9281646],[77.5327556,12.9281647],[77.5327243,12.9281657],[77.5325134,12.9281727],[77.5324547,12.9281702],[77.5324455,12.9281698],[77.5324152,12.9281651],[77.5322786,12.9281439],[77.532246,12.9281389],[77.5320534,12.9280911],[77.5319535,12.9280759],[77.5318249,12.9280578],[77.5316724,12.9300668],[77.5316708,12.9300878],[77.5316511,12.9303489],[77.5315962,12.9310815],[77.5315942,12.9311083],[77.5314696,12.9327404],[77.5314009,12.933669],[77.5313994,12.9336894],[77.531349,12.9343704],[77.531348,12.9343835],[77.5313291,12.9352189],[77.531325,12.9354036],[77.5313316,12.935512],[77.5313506,12.9358232],[77.5313653,12.936064],[77.5313811,12.936165],[77.5314617,12.9366821],[77.5315278,12.9370386],[77.5315886,12.937284],[77.5315961,12.9373144],[77.5316906,12.9376953],[77.5317639,12.9379393],[77.5317686,12.937955],[77.5317842,12.9380066],[77.5318068,12.9380819],[77.5318074,12.9380833],[77.5318711,12.9382339],[77.5318474,12.9385474],[77.5318221,12.9388817],[77.5318083,12.9390639],[77.5318002,12.9390982],[77.5317393,12.9393572],[77.5316624,12.9394906],[77.5316379,12.9395333],[77.5315843,12.9396187],[77.5315811,12.9396238],[77.5314821,12.9397817],[77.5313696,12.9399612],[77.5313068,12.9400952],[77.531284,12.9401522],[77.5312338,12.9403008],[77.5312219,12.9403359],[77.5312008,12.9404629],[77.5312081,12.9405355],[77.5312142,12.9405501],[77.5312217,12.9405678],[77.5312324,12.9405933],[77.5313595,12.9407712],[77.5313744,12.9407921],[77.5314344,12.940876],[77.5314995,12.9410119],[77.5315389,12.9413019],[77.5315523,12.9414007],[77.5316386,12.9412594],[77.5319903,12.9406838],[77.5320297,12.9406192],[77.5325772,12.9397231],[77.5332309,12.9386606],[77.5332311,12.9386603],[77.5334865,12.9382489],[77.5335695,12.9381141],[77.5336558,12.937974],[77.5336933,12.9379141],[77.5337663,12.9377974],[77.5338301,12.9376928],[77.5338803,12.9375879],[77.5338972,12.937538],[77.5339774,12.9373004],[77.5339774,12.9373003],[77.5340375,12.9371224],[77.5340554,12.9370654],[77.5341676,12.9367276],[77.5342313,12.9366296],[77.5342929,12.9365509],[77.5343702,12.9364655],[77.5344683,12.9363747],[77.5346195,12.9362591],[77.5352143,12.9359329],[77.535284,12.935897],[77.5353655,12.9358552],[77.535573,12.9357482],[77.5358673,12.9355965],[77.536367,12.9353365],[77.5367582,12.9351331],[77.5367673,12.9351284],[77.5369312,12.9350328],[77.5375397,12.9346782],[77.5376352,12.9346226],[77.5382295,12.9342805],[77.5390139,12.933829],[77.5391304,12.9337632],[77.5393257,12.9336477],[77.5394571,12.933561],[77.5394698,12.9335526],[77.5396197,12.9334479]]]}},{"type":"Feature","properties":{"KGISSub_DivisionID":25,"Sub_DivisionName":"SE3"},"geometry":{"type":"Polygon","coordinates":[[[77.703521,12.9411442],[77.7043925,12.9407501],[77.7047459,12.9414428],[77.7050867,12.941086],[77.7059431,12.9405907],[77.7057228,12.9401478],[77.7060306,12.9400055],[77.7060991,12.9399775],[77.7061508,12.9399563],[77.7062113,12.9399316],[77.7064304,12.9402438],[77.706968,12.939861],[77.707049,12.939646],[77.707242,12.9394103],[77.7074349,12.9391745],[77.7077768,12.9394491],[77.7085124,12.9391778],[77.7094951,12.9388679],[77.7096126,12.9385286],[77.7096773,12.9385562],[77.7098619,12.938635],[77.7100901,12.9387196],[77.7101266,12.9387331],[77.710684,12.938725],[77.710841,12.938919],[77.7114922,12.9387689],[77.7119012,12.9384526],[77.7118922,12.9384086],[77.7118764,12.9383315],[77.7118273,12.9380921],[77.7120586,12.9380584],[77.71263,12.937975],[77.7126686,12.9379694],[77.7128929,12.9379467],[77.7129756,12.9379383],[77.712983,12.9379376],[77.7129886,12.937937],[77.7132703,12.9379187],[77.7133039,12.9379188],[77.7134035,12.937919],[77.7134448,12.9379278],[77.713643,12.9379699],[77.7140113,12.9380716],[77.7140121,12.9380706],[77.7140447,12.9380785],[77.7140661,12.9380837],[77.7142167,12.9381203],[77.7143496,12.9381394],[77.7143513,12.9381396],[77.7144472,12.9381534],[77.7144766,12.9381576],[77.7144927,12.9381581],[77.714666,12.9381634],[77.7147753,12.938144],[77.7147755,12.9381439],[77.714972,12.9381097],[77.715069,12.9381106],[77.7151969,12.9381418],[77.7152784,12.9381652],[77.7155654,12.9382582],[77.7159077,12.9383704],[77.7159107,12.9383714],[77.7161383,12.9384347],[77.716275,12.9384698],[77.7163886,12.9384991],[77.7163998,12.9385021],[77.7168185,12.938603],[77.7168553,12.9386121],[77.7169318,12.9386303],[77.7169319,12.9386303],[77.7171031,12.9386992],[77.7171543,12.9387249],[77.7171828,12.9387391],[77.7172637,12.9387837],[77.717306,12.9388066],[77.7174185,12.9388674],[77.7174305,12.9388729],[77.7174903,12.9389002],[77.7175131,12.9389107],[77.7175416,12.9389174],[77.7175735,12.9389248],[77.7176036,12.9389291],[77.7178704,12.9389671],[77.7178709,12.9389671],[77.7179467,12.9389779],[77.717947,12.9389777],[77.7179687,12.938981],[77.7183359,12.9371427],[77.7183985,12.9368945],[77.7185929,12.9361242],[77.7187859,12.9348166],[77.7190142,12.9336789],[77.7190962,12.9330984],[77.719007,12.9320551],[77.719001,12.9318156],[77.7189511,12.9309201],[77.7189255,12.9304642],[77.7189196,12.9303861],[77.7188473,12.929428],[77.7182214,12.928369],[77.7182065,12.9283411],[77.7181384,12.9282069],[77.7180912,12.9281043],[77.7180163,12.9279856],[77.7180108,12.927977],[77.7180062,12.9279696],[77.7179891,12.9279465],[77.7179797,12.927934],[77.7179061,12.9278459],[77.7178957,12.9278334],[77.717788,12.9276884],[77.717767,12.9276647],[77.7176777,12.927556],[77.7175595,12.9274303],[77.7173417,12.9271986],[77.7173076,12.9271623],[77.7172196,12.9270687],[77.7172101,12.9270586],[77.716818,12.9266414],[77.7167884,12.9266079],[77.7167353,12.9265229],[77.7167331,12.9265204],[77.716733,12.9265204],[77.7155846,12.9263044],[77.7147317,12.9260672],[77.7145581,12.9260431],[77.7136145,12.9259126],[77.71113,12.92456],[77.7105727,12.9242276],[77.7102213,12.92366],[77.7096883,12.9227771],[77.7093167,12.922132],[77.7090535,12.921802],[77.7079267,12.9203825],[77.7067765,12.9191488],[77.7063579,12.9186313],[77.7059224,12.9181184],[77.7055472,12.9176767],[77.7052643,12.9173436],[77.7048341,12.9168144],[77.7046983,12.9166885],[77.70462,12.9166158],[77.7045916,12.9165876],[77.7040102,12.9160081],[77.7038493,12.9157627],[77.7038109,12.9157042],[77.7037687,12.9156398],[77.7037462,12.9156055],[77.7037206,12.9155658],[77.7036235,12.9154155],[77.7035494,12.9153323],[77.7034742,12.9152013],[77.7034721,12.9151976],[77.7034723,12.9151975],[77.7037817,12.9151119],[77.704142,12.9149967],[77.7057797,12.9143115],[77.7059438,12.9142484],[77.7077416,12.9135581],[77.7080656,12.9123238],[77.7082607,12.9117778],[77.7082626,12.9117025],[77.7082679,12.9114937],[77.7082884,12.9106849],[77.7083208,12.9094085],[77.7083308,12.9090129],[77.7083457,12.9084273],[77.7083528,12.9081463],[77.708269,12.9077464],[77.7082094,12.9074619],[77.7082094,12.9074618],[77.7078218,12.9055702],[77.7077178,12.9051714],[77.7073395,12.9037205],[77.7068638,12.9019538],[77.7064398,12.9021647],[77.7058818,12.9024687],[77.7056576,12.9025902],[77.7050685,12.9029093],[77.7039757,12.9035013],[77.7034494,12.903786],[77.7029284,12.904072],[77.7028807,12.9040245],[77.7028797,12.9040235],[77.7024116,12.9035572],[77.7010619,12.9039617],[77.700818,12.9040322],[77.6978532,12.9045448],[77.697659,12.9041794],[77.6970403,12.9040804],[77.6970345,12.904082],[77.6968368,12.9041363],[77.6964399,12.9041595],[77.6964176,12.9041256],[77.6963259,12.9039862],[77.6959664,12.9040142],[77.6958769,12.9040203],[77.6956306,12.9042371],[77.6953407,12.90407],[77.6950195,12.9041216],[77.6949608,12.904131],[77.693978,12.904256],[77.6936598,12.9043501],[77.6934825,12.9044509],[77.6933402,12.9044814],[77.6932329,12.9044658],[77.693007,12.9041441],[77.6915266,12.9039763],[77.6914347,12.9042669],[77.6912358,12.904277],[77.6912341,12.9043176],[77.6912303,12.9044056],[77.691226,12.9045066],[77.691205,12.9045067],[77.6911081,12.9045069],[77.691096,12.904532],[77.6910862,12.9049155],[77.6910809,12.9049156],[77.6909252,12.9055253],[77.6901791,12.905468],[77.6900963,12.9054741],[77.6899226,12.9054869],[77.6899236,12.9054502],[77.6899247,12.9054135],[77.6883351,12.9054851],[77.6881219,12.9061998],[77.6878779,12.9063512],[77.6875325,12.9065838],[77.6873566,12.90658],[77.6872429,12.9065656],[77.6867165,12.9064502],[77.6867182,12.9064148],[77.6863542,12.9063417],[77.6865125,12.9056677],[77.6864994,12.9053796],[77.6859943,12.9053908],[77.6859596,12.9045952],[77.6857423,12.9045827],[77.6863188,12.9038792],[77.6875817,12.9033386],[77.6874515,12.9024782],[77.6874122,12.9024676],[77.6872784,12.9024204],[77.6872262,12.9024505],[77.6871184,12.9024753],[77.6869499,12.9024784],[77.6866987,12.9024843],[77.6864089,12.9024771],[77.6862494,12.9024689],[77.685561,12.902407],[77.6854365,12.9024031],[77.6853855,12.9024254],[77.6853503,12.9023064],[77.6853294,12.9022113],[77.6853234,12.9020192],[77.6852653,12.9018726],[77.6847957,12.9018503],[77.6847622,12.9018497],[77.6845378,12.9018454],[77.6844275,12.9018433],[77.6843919,12.9018426],[77.6843392,12.9017585],[77.6842283,12.9015815],[77.6841568,12.9015801],[77.6838104,12.9015686],[77.6837433,12.9015661],[77.6835698,12.9015415],[77.683463,12.9015172],[77.6834091,12.9014996],[77.6833639,12.9014831],[77.683231,12.9014351],[77.682783,12.9014399],[77.6823587,12.9013462],[77.6822586,12.9010054],[77.6821964,12.9005144],[77.6822766,12.8999592],[77.6814917,12.8992687],[77.6798526,12.8975979],[77.6793627,12.8969853],[77.6788266,12.8962413],[77.6786247,12.8960534],[77.6784056,12.8957604],[77.6780155,12.8952428],[77.6774925,12.8945578],[77.6773356,12.8943213],[77.6772328,12.8942669],[77.6767032,12.8941044],[77.6757266,12.8938047],[77.674607,12.8936885],[77.6742009,12.893698],[77.6740809,12.8937008],[77.6740393,12.8935943],[77.6739716,12.893421],[77.6738739,12.8931447],[77.6738322,12.8930239],[77.6735045,12.8930592],[77.6732453,12.8930753],[77.6722389,12.8931605],[77.6718721,12.8931485],[77.6710371,12.8932937],[77.6709626,12.8933067],[77.6700702,12.8934619],[77.6698066,12.8935077],[77.6697328,12.8935208],[77.6681638,12.8938044],[77.6680813,12.8938193],[77.667683,12.8938913],[77.6666285,12.8940449],[77.6661366,12.8941229],[77.6657439,12.8941851],[77.6651844,12.8942738],[77.6651246,12.8942833],[77.6643107,12.8944123],[77.6641092,12.8943952],[77.6639987,12.8943858],[77.6639505,12.8943817],[77.6635919,12.8943514],[77.6632863,12.8943255],[77.6631388,12.8943783],[77.6630008,12.8944028],[77.6628365,12.8944282],[77.6628232,12.8944303],[77.6626176,12.8944622],[77.6626035,12.8944644],[77.6625944,12.8944658],[77.6624936,12.8944814],[77.6620545,12.8945436],[77.6616954,12.8945755],[77.6614053,12.8946051],[77.661394,12.8946062],[77.6613814,12.8946075],[77.6610074,12.8946511],[77.66073,12.8946834],[77.6604159,12.8947116],[77.6603227,12.8947133],[77.660168,12.8947159],[77.6599687,12.8946887],[77.6598738,12.8946758],[77.6598347,12.8946658],[77.6597142,12.8946351],[77.6595913,12.8946039],[77.6595119,12.8945836],[77.6592201,12.8945224],[77.6592049,12.8945192],[77.6590155,12.8944795],[77.6590128,12.8944789],[77.658626,12.8943929],[77.6584605,12.8943514],[77.6584225,12.8943418],[77.6583254,12.8943175],[77.6583163,12.8943152],[77.6582457,12.8942975],[77.6577931,12.8941848],[77.6577513,12.8941753],[77.6576444,12.8941509],[77.6575489,12.8941363],[77.6575004,12.8941331],[77.6574282,12.8941358],[77.6571995,12.8941451],[77.6571994,12.8941451],[77.6571907,12.8941455],[77.6571461,12.8941473],[77.6571019,12.8941491],[77.6570517,12.8941063],[77.6569891,12.8940531],[77.6569775,12.8940432],[77.6569687,12.8940382],[77.6569431,12.8940237],[77.6568651,12.8939797],[77.6567092,12.8938918],[77.6565336,12.8938183],[77.6564698,12.8938015],[77.6562881,12.8937919],[77.6560716,12.8938174],[77.6560285,12.8938248],[77.6560189,12.8938265],[77.6556169,12.8938957],[77.655412,12.893937],[77.6553325,12.8939531],[77.6552172,12.8939927],[77.6550552,12.8940736],[77.654782,12.8942166],[77.6547166,12.8942508],[77.6546636,12.8942786],[77.6545245,12.8943514],[77.6545063,12.8943592],[77.6544086,12.8944009],[77.6543343,12.894426],[77.6542469,12.8944555],[77.6542002,12.8944703],[77.6541572,12.8944816],[77.6539136,12.8945256],[77.653914,12.8945307],[77.6539141,12.894532],[77.6539199,12.8946041],[77.653963,12.8951331],[77.6539671,12.8951845],[77.6539933,12.8955064],[77.6541293,12.8959266],[77.6543826,12.8962141],[77.6544412,12.8962955],[77.6544438,12.8963133],[77.6544533,12.8963626],[77.6544682,12.8964407],[77.6544911,12.8964985],[77.6545178,12.8965686],[77.6545258,12.8965859],[77.6545877,12.8966761],[77.6547705,12.8968297],[77.6547718,12.8968784],[77.6549359,12.8970915],[77.6549464,12.8971051],[77.6554653,12.8977791],[77.6554694,12.8977845],[77.6554839,12.8978033],[77.6554904,12.8978101],[77.6556295,12.8977783],[77.6556826,12.8977662],[77.6556906,12.8977647],[77.6557232,12.8977569],[77.6558596,12.8977302],[77.6559149,12.8977193],[77.6559366,12.8977151],[77.6560637,12.8976879],[77.6560849,12.8976834],[77.656114,12.8976772],[77.6561536,12.8976639],[77.6561916,12.8976515],[77.6562671,12.897627],[77.6562881,12.8976242],[77.6563118,12.8976309],[77.6563152,12.8976337],[77.6563196,12.8976374],[77.6563243,12.8976415],[77.6563299,12.8976553],[77.6563368,12.8976672],[77.6565033,12.8980842],[77.656601,12.8983282],[77.6566122,12.8983534],[77.6566454,12.8984151],[77.6566629,12.8984314],[77.6567017,12.8984676],[77.6567154,12.8984804],[77.6567332,12.898497],[77.656744,12.8985161],[77.656761,12.8985461],[77.6567669,12.8985565],[77.6568594,12.8987943],[77.656868,12.8988165],[77.6568832,12.8988557],[77.6568154,12.8989026],[77.6567681,12.8989262],[77.6567355,12.8989424],[77.6567139,12.8989503],[77.6566062,12.8989894],[77.6565241,12.8990193],[77.6564203,12.8990538],[77.6564203,12.8990539],[77.6563659,12.8990719],[77.6565146,12.8999321],[77.6560806,12.9001141],[77.6556149,12.9001008],[77.6554337,12.9001161],[77.6551415,12.9001407],[77.6549182,12.9001595],[77.6549149,12.9002018],[77.6549121,12.9002385],[77.654908,12.9002917],[77.6547498,12.9017989],[77.6548898,12.9027059],[77.655003,12.9031334],[77.6551639,12.9037404],[77.6553128,12.9043025],[77.6566135,12.9092106],[77.6570884,12.909684],[77.6589299,12.9095711],[77.6598375,12.9100889],[77.6601309,12.9101369],[77.6600948,12.9108806],[77.6608541,12.9136951],[77.6604183,12.9149699],[77.6613915,12.9155659],[77.6617728,12.9166272],[77.6621061,12.917555],[77.6631352,12.9187235],[77.663566,12.9192126],[77.6637785,12.9194539],[77.6642527,12.9199899],[77.6648715,12.9206894],[77.6648504,12.92069],[77.6648725,12.9206905],[77.6650024,12.9206936],[77.6651285,12.9206967],[77.6651332,12.9206968],[77.6651419,12.9206958],[77.6652601,12.9207201],[77.6653429,12.9207372],[77.6655026,12.9207885],[77.6655803,12.9208154],[77.6656442,12.9208429],[77.6673872,12.9216736],[77.6688136,12.9223732],[77.6688137,12.9223732],[77.66981,12.9228393],[77.6704242,12.9231206],[77.6706718,12.9232364],[77.6712765,12.9235112],[77.6739729,12.9247366],[77.6752647,12.925381],[77.6763633,12.9259279],[77.6775815,12.9265074],[77.6776966,12.9265622],[77.6778555,12.9266406],[77.6779178,12.9266714],[77.6785451,12.9269811],[77.6786858,12.9270506],[77.6796351,12.9274972],[77.6812035,12.9282351],[77.6814143,12.9283343],[77.6814144,12.9283343],[77.6814158,12.9283649],[77.681407,12.928405],[77.6813985,12.9284437],[77.6814076,12.9286186],[77.681411,12.9286854],[77.6814053,12.9286901],[77.6813415,12.9287419],[77.6817006,12.9288102],[77.6818402,12.928873],[77.681884,12.9288927],[77.6819719,12.9293603],[77.6819655,12.9296482],[77.681925,12.9299809],[77.6818511,12.9300085],[77.681677,12.9300639],[77.6816337,12.9300422],[77.6815114,12.929981],[77.6807159,12.9298877],[77.6807101,12.9299248],[77.6806987,12.9299972],[77.6807008,12.9301201],[77.6808403,12.9301493],[77.6809805,12.9301786],[77.6810795,12.9301933],[77.6813464,12.9302266],[77.6814066,12.9302333],[77.6813984,12.9302777],[77.6813454,12.9303863],[77.6813637,12.9304962],[77.6813786,12.9308209],[77.6811796,12.9314623],[77.6812104,12.9315071],[77.6812671,12.93151],[77.6815049,12.9315149],[77.6815173,12.9315151],[77.6815624,12.9315106],[77.6819698,12.9314802],[77.682,12.9315658],[77.6819896,12.9316275],[77.6819477,12.9322414],[77.6819114,12.9327745],[77.6816775,12.9327163],[77.6816707,12.9327268],[77.6813347,12.9332399],[77.6813443,12.9343647],[77.6813278,12.9347792],[77.6816004,12.9354268],[77.6817317,12.9359109],[77.6821338,12.9363246],[77.682497,12.9371038],[77.6829421,12.9374848],[77.6840466,12.9379676],[77.6854787,12.9383167],[77.6851695,12.9395963],[77.685687,12.9400308],[77.6858948,12.9403284],[77.6859957,12.9407253],[77.686777,12.940947],[77.6874892,12.9411491],[77.6879251,12.9412728],[77.6879258,12.9412705],[77.6880097,12.9412938],[77.6884331,12.9392544],[77.6884648,12.9391018],[77.688611,12.93915],[77.6891163,12.9393168],[77.6892548,12.9393625],[77.6894451,12.9394028],[77.6895258,12.9394239],[77.6895661,12.9394344],[77.6895668,12.9394345],[77.689621,12.93944],[77.6898059,12.9394791],[77.6898086,12.9394598],[77.6898587,12.9394661],[77.689928,12.9394698],[77.6899625,12.9394721],[77.6900136,12.9394929],[77.6902059,12.9396113],[77.6904684,12.9397729],[77.6904965,12.9397901],[77.6906788,12.9398719],[77.6913338,12.9407494],[77.6914549,12.9410138],[77.6915139,12.9411423],[77.6917343,12.9416232],[77.6920707,12.942123],[77.6923037,12.942469],[77.6924618,12.9426292],[77.6925021,12.9426701],[77.6931182,12.9432944],[77.6931754,12.9433813],[77.6932575,12.9435061],[77.6943015,12.9437851],[77.6949567,12.9441226],[77.6950707,12.9441813],[77.6951553,12.9442542],[77.6952966,12.9443463],[77.6955665,12.9444157],[77.6959551,12.944377],[77.6962588,12.9443468],[77.6962904,12.9443401],[77.6966271,12.9442679],[77.6969398,12.9441953],[77.6975936,12.9438916],[77.6976158,12.9438813],[77.6976754,12.9438536],[77.6978034,12.9436858],[77.6978162,12.943671],[77.6980313,12.9434231],[77.698156,12.9432765],[77.698224,12.9431966],[77.6982336,12.9431865],[77.6982737,12.9431442],[77.6982898,12.9431322],[77.6984408,12.9430197],[77.6985181,12.9429674],[77.6985793,12.9429361],[77.6986392,12.9429106],[77.6988698,12.9428519],[77.6990744,12.9428162],[77.6991848,12.9427993],[77.6993204,12.9427784],[77.6993305,12.9427768],[77.6993306,12.9427768],[77.6996416,12.94273],[77.6997862,12.9426435],[77.6998152,12.942633],[77.699887,12.9426108],[77.6999538,12.9425947],[77.7000488,12.9425844],[77.7000658,12.9425826],[77.7001448,12.942574],[77.7001687,12.9425715],[77.7004934,12.9425428],[77.7005449,12.9425383],[77.700551,12.9425378],[77.7007001,12.9425249],[77.7007649,12.9425095],[77.700781,12.9425049],[77.700892,12.9424728],[77.7009781,12.9424439],[77.7010217,12.9424293],[77.7010936,12.942403],[77.7011699,12.942375],[77.7011913,12.9423672],[77.7012412,12.9423486],[77.7013523,12.9423073],[77.7013785,12.942296],[77.7015083,12.9422399],[77.7015792,12.9422093],[77.7016577,12.9421753],[77.7017561,12.9421291],[77.7017634,12.9421256],[77.7019355,12.9420312],[77.7019424,12.9420272],[77.7019425,12.9420272],[77.7021645,12.9419013],[77.7022183,12.9418708],[77.7023527,12.9417946],[77.7027849,12.9415708],[77.7029634,12.9414685],[77.7031419,12.9413541],[77.7032336,12.9412953],[77.703521,12.9411442]]]}},{"type":"Feature","properties":{"KGISSub_DivisionID":26,"Sub_DivisionName":"SE2"},"geometry":{"type":"Polygon","coordinates":[[[77.6228579,12.9820249],[77.6229045,12.981795],[77.6229439,12.9816008],[77.6229619,12.9815185],[77.6230792,12.9816252],[77.6231595,12.9816758],[77.6236758,12.9818385],[77.623783,12.9818555],[77.6242131,12.9818842],[77.6243573,12.9818993],[77.6260455,12.9820757],[77.6262329,12.9820976],[77.6266104,12.9820927],[77.6267697,12.9820749],[77.6275725,12.9819217],[77.6283897,12.9817596],[77.6290041,12.9816396],[77.6293751,12.9815718],[77.6296582,12.9815386],[77.6298741,12.9815283],[77.6302498,12.9815363],[77.63082,12.9816005],[77.6308206,12.9816018],[77.631455,12.9816665],[77.6314953,12.9816647],[77.6310302,12.9812923],[77.6307388,12.9810386],[77.6305448,12.9808204],[77.6301531,12.9803845],[77.6296836,12.9797586],[77.6295047,12.9795224],[77.6291172,12.9789789],[77.6287812,12.9785192],[77.6286102,12.9782852],[77.6285965,12.9782665],[77.6285871,12.9782613],[77.6285614,12.9782473],[77.6285146,12.9781874],[77.6284809,12.9781442],[77.6294872,12.9775751],[77.6302174,12.9771621],[77.6303606,12.9770885],[77.6316435,12.9765156],[77.6319113,12.9763222],[77.6321634,12.9760113],[77.6324719,12.9755777],[77.6327387,12.9751135],[77.6328473,12.97466],[77.633058,12.9737623],[77.6331537,12.9734576],[77.6333181,12.9729344],[77.6336966,12.97173],[77.6337935,12.9714133],[77.6342028,12.970087],[77.6346775,12.9685925],[77.6347416,12.9683727],[77.6347533,12.9683326],[77.6344195,12.9683035],[77.633812,12.9682886],[77.6331368,12.9684766],[77.6331565,12.9682805],[77.6331705,12.9681416],[77.6331715,12.9681312],[77.633193,12.9679993],[77.6331971,12.9679794],[77.6332672,12.967639],[77.6333533,12.9672205],[77.6333997,12.9669714],[77.6334523,12.9666894],[77.6334745,12.9665774],[77.6334898,12.966496],[77.6335063,12.9664168],[77.6335519,12.9661975],[77.6336176,12.9659691],[77.6336201,12.9659621],[77.6336506,12.9658766],[77.6336546,12.9658654],[77.6336596,12.965855],[77.6336618,12.9658504],[77.6337614,12.9656428],[77.6337625,12.9656426],[77.6337903,12.9655858],[77.6337972,12.9655714],[77.6338032,12.9655609],[77.6338597,12.9654605],[77.6338647,12.9654516],[77.6339104,12.9654036],[77.6339212,12.9653961],[77.6339258,12.9653929],[77.6339262,12.9653926],[77.6339629,12.9653958],[77.6345408,12.9654457],[77.6347853,12.9654486],[77.6348241,12.9654408],[77.6348687,12.9654271],[77.6348852,12.9654164],[77.6351003,12.965207],[77.6357803,12.9658092],[77.6357143,12.9658847],[77.6353345,12.9663189],[77.6351994,12.9665368],[77.6350498,12.9671938],[77.6350755,12.9671969],[77.6353299,12.9672284],[77.635379,12.9672377],[77.635754,12.9673411],[77.6358821,12.9673765],[77.6361713,12.9674226],[77.6366718,12.9675753],[77.6368513,12.9672388],[77.636974,12.9670087],[77.6370336,12.9668673],[77.6370761,12.9667662],[77.6371622,12.9666396],[77.6373716,12.9663735],[77.6376599,12.9660467],[77.6380443,12.9655864],[77.6382837,12.9653246],[77.6385436,12.9650943],[77.638985,12.9647245],[77.6391566,12.9645964],[77.6398221,12.9642093],[77.6406158,12.9637716],[77.6408673,12.963656],[77.6416158,12.9633045],[77.6416085,12.9635649],[77.6416143,12.9635633],[77.6416001,12.9638687],[77.6415854,12.9644015],[77.6415019,12.9660586],[77.6416779,12.9660575],[77.6418621,12.9660482],[77.6421814,12.9660226],[77.6423009,12.9660129],[77.6426446,12.9659714],[77.6426467,12.9659711],[77.6426502,12.9657839],[77.643103,12.9656587],[77.6432179,12.9656398],[77.6433082,12.9656249],[77.6441297,12.9654891],[77.6441516,12.9656596],[77.6442162,12.9661615],[77.6442497,12.9661547],[77.644334,12.9661376],[77.6446473,12.9661306],[77.6447674,12.9661132],[77.6447857,12.9661098],[77.6449243,12.9660606],[77.6452016,12.9659505],[77.6453092,12.9658961],[77.6454631,12.9657845],[77.6456834,12.9655926],[77.6459445,12.9653892],[77.6460828,12.9651927],[77.6462106,12.9649452],[77.6462178,12.9649111],[77.6462251,12.9648865],[77.6462613,12.9647396],[77.6462859,12.9646835],[77.6463793,12.9644707],[77.6464431,12.9644165],[77.6464723,12.9644124],[77.6465004,12.9644894],[77.6466223,12.9648231],[77.6467209,12.9650283],[77.6467798,12.9651554],[77.6468813,12.9653865],[77.6469657,12.9655548],[77.6470753,12.9657648],[77.6471699,12.9659459],[77.6472486,12.9660965],[77.6473873,12.9664091],[77.6475491,12.9667737],[77.6478459,12.9675171],[77.6478972,12.9676507],[77.6479364,12.9677498],[77.647962,12.9677924],[77.6479819,12.9678359],[77.6480228,12.967925],[77.6480611,12.9678049],[77.6483304,12.9669606],[77.6483367,12.9669406],[77.6491383,12.9678693],[77.6491436,12.9678755],[77.6496052,12.967682],[77.6500254,12.9675058],[77.65026,12.9674141],[77.6502623,12.9674132],[77.6493099,12.9653249],[77.6495449,12.9640495],[77.6499556,12.9634553],[77.6502347,12.9633813],[77.6503842,12.9633416],[77.6508392,12.963337],[77.6517239,12.963317],[77.6528838,12.9633004],[77.654165,12.9633513],[77.6553789,12.9633037],[77.6559959,12.9632485],[77.6562644,12.9632245],[77.6567663,12.9630344],[77.6568523,12.9632182],[77.6577781,12.963306],[77.6577496,12.9632348],[77.6577318,12.9631507],[77.6577311,12.9631472],[77.6577277,12.9631338],[77.6577228,12.9631143],[77.6577011,12.9630282],[77.6576864,12.9629701],[77.6576334,12.9627598],[77.6576016,12.9626519],[77.657553,12.9624868],[77.6575117,12.9623521],[77.6572865,12.9616194],[77.6572793,12.9615934],[77.6572661,12.9615463],[77.6572518,12.9614928],[77.6572394,12.9614462],[77.6572227,12.9613834],[77.6572198,12.9613725],[77.6572119,12.9613476],[77.6571628,12.9611936],[77.6571394,12.9611195],[77.6571349,12.9610719],[77.6571356,12.9610458],[77.6571421,12.9610062],[77.6571564,12.9609643],[77.6571583,12.9609588],[77.6571715,12.960937],[77.6571719,12.9609364],[77.6572639,12.9608403],[77.6573745,12.9607249],[77.6574736,12.9606072],[77.6574828,12.9605932],[77.6574892,12.9605775],[77.6574929,12.9605611],[77.6574984,12.9605366],[77.6575002,12.9605284],[77.6575014,12.960512],[77.6575021,12.9605021],[77.6575035,12.9604487],[77.6574999,12.9603409],[77.6574969,12.9602511],[77.6574835,12.9601478],[77.6574645,12.9600387],[77.6573861,12.9595694],[77.6573744,12.9594907],[77.6573655,12.9594316],[77.6573354,12.9592295],[77.6580115,12.9591654],[77.6581216,12.9591521],[77.6582904,12.9591382],[77.6584178,12.9591298],[77.6585063,12.9591239],[77.6585391,12.9591217],[77.659247,12.9590762],[77.6592814,12.959075],[77.6595271,12.9590664],[77.6595994,12.9590639],[77.6596332,12.9590636],[77.659663,12.9590681],[77.6597191,12.9590766],[77.6600428,12.9591256],[77.6608356,12.9592775],[77.6608458,12.9592784],[77.6608607,12.9592797],[77.6609294,12.959286],[77.6610757,12.9592982],[77.6611143,12.9593021],[77.6611434,12.9593018],[77.6611738,12.9593015],[77.6612245,12.9592958],[77.6614056,12.9592824],[77.6614279,12.9592807],[77.6618467,12.9592243],[77.6619122,12.9592154],[77.6622183,12.9591742],[77.6626209,12.9591199],[77.6629672,12.9590563],[77.663581,12.9589259],[77.6636995,12.9589008],[77.6639836,12.958838],[77.6645347,12.9587164],[77.6648245,12.9586478],[77.6648931,12.9586315],[77.6653297,12.9585281],[77.665449,12.9584999],[77.6665216,12.9583322],[77.6713968,12.9580185],[77.6714427,12.9580155],[77.6728557,12.9579246],[77.6729279,12.9578908],[77.6765779,12.9561855],[77.6790219,12.9550387],[77.6791124,12.9549962],[77.6803379,12.9544211],[77.6853055,12.9549457],[77.6854442,12.9549604],[77.6883005,12.9552619],[77.6893844,12.9553764],[77.6896882,12.9554304],[77.6898239,12.9554546],[77.6900275,12.9554908],[77.6901637,12.955515],[77.6905827,12.9555889],[77.6906162,12.9555948],[77.6908544,12.9556368],[77.6909353,12.955651],[77.6914817,12.9557473],[77.6914845,12.9557478],[77.691532,12.9557562],[77.6917495,12.9557945],[77.6917506,12.9557947],[77.6918789,12.9558172],[77.6919996,12.9558383],[77.6950506,12.9563727],[77.6961444,12.9565671],[77.696389,12.9566105],[77.6969872,12.9567168],[77.6988642,12.9570404],[77.6990596,12.9570696],[77.6991441,12.9570776],[77.6993089,12.9570743],[77.6996134,12.9570554],[77.7007026,12.9569721],[77.701031,12.9569511],[77.701058,12.9569494],[77.7011301,12.9569448],[77.7011505,12.9569435],[77.7011509,12.9569434],[77.7011505,12.9569397],[77.7011493,12.9569356],[77.7009632,12.9562766],[77.7008949,12.9560346],[77.7006424,12.9551402],[77.7001049,12.9529681],[77.6997321,12.9512499],[77.6993861,12.9492558],[77.6994328,12.9492033],[77.6994333,12.9492027],[77.6994338,12.9492022],[77.6995325,12.9490914],[77.6994346,12.9485847],[77.6993963,12.9483863],[77.6990821,12.9479643],[77.6990385,12.9478092],[77.6990337,12.9477922],[77.6989866,12.9478127],[77.6986658,12.947952],[77.6982024,12.9481675],[77.6981888,12.9481738],[77.6977257,12.9485319],[77.6976039,12.9486006],[77.6975525,12.9486297],[77.6973024,12.9487094],[77.6972922,12.9487127],[77.6966792,12.9489029],[77.6964806,12.9490249],[77.6961015,12.9493569],[77.6959988,12.9494471],[77.6955845,12.949499],[77.6951707,12.9495513],[77.6950215,12.9496228],[77.6946397,12.9495581],[77.6946339,12.9495571],[77.6946183,12.9495545],[77.6945607,12.9495445],[77.6943929,12.9495151],[77.6943177,12.9495018],[77.6941561,12.9494727],[77.6941195,12.949466],[77.6940847,12.9494717],[77.693899,12.9495017],[77.6938342,12.9495241],[77.6937847,12.9495412],[77.6936706,12.9495806],[77.6935899,12.9496225],[77.6934342,12.949702],[77.6932736,12.9497823],[77.692693,12.9497884],[77.6926542,12.949863],[77.6926128,12.9499419],[77.6925427,12.9499917],[77.692452,12.950053],[77.6921388,12.9502646],[77.691635,12.9507073],[77.6911096,12.9509824],[77.6908213,12.9519128],[77.6900152,12.9520696],[77.6899753,12.9519257],[77.6899746,12.9519233],[77.6898457,12.9517257],[77.6897877,12.9517244],[77.6897874,12.9517244],[77.6897276,12.9516562],[77.6896659,12.9514987],[77.6896632,12.9513873],[77.6896627,12.9512626],[77.6896621,12.9511378],[77.6896437,12.9508385],[77.689628,12.9507303],[77.6896728,12.9504408],[77.6896079,12.9500442],[77.6894951,12.9496175],[77.689495,12.9496169],[77.6894808,12.9495632],[77.6892231,12.9494709],[77.689134,12.9493877],[77.6891041,12.9493598],[77.689188,12.9488326],[77.68905,12.9484762],[77.6890113,12.9481804],[77.6890044,12.9481282],[77.6889371,12.9477718],[77.6888533,12.9476085],[77.688853,12.9476081],[77.6888102,12.9475247],[77.6885692,12.9472375],[77.688489,12.947142],[77.6886398,12.9470899],[77.6886571,12.9470839],[77.6882614,12.9465562],[77.6881341,12.9463865],[77.6877938,12.9459231],[77.6877868,12.9458478],[77.687785,12.9458286],[77.6877716,12.9456837],[77.6874804,12.9455743],[77.6874035,12.9455454],[77.687269,12.9454948],[77.68691,12.9453707],[77.6868236,12.9452302],[77.6868685,12.9446311],[77.6868163,12.9446324],[77.6868158,12.9446325],[77.6863846,12.9446433],[77.6858798,12.9445069],[77.6857222,12.944463],[77.6851579,12.9442393],[77.6845652,12.9438114],[77.684426,12.9436779],[77.6844198,12.9436712],[77.6842607,12.9434985],[77.6842237,12.9434584],[77.6842202,12.9434574],[77.68422,12.9434574],[77.6839355,12.9433787],[77.6838441,12.943336],[77.6835191,12.9432709],[77.6836411,12.9431446],[77.6830559,12.9428474],[77.6827885,12.9426234],[77.682631,12.9424557],[77.6825604,12.942291],[77.6825499,12.9420329],[77.6825486,12.9420018],[77.6825427,12.9418433],[77.682444,12.9418096],[77.6824052,12.9418082],[77.682252,12.9418028],[77.6821571,12.9417995],[77.6817043,12.9418205],[77.6816852,12.9418159],[77.6815587,12.9417854],[77.6814526,12.941764],[77.68139,12.9417519],[77.6813435,12.941743],[77.6813127,12.9417371],[77.681195,12.9419447],[77.6811644,12.9419983],[77.6809079,12.9422451],[77.6807612,12.9421382],[77.6806414,12.9420199],[77.6805065,12.9419218],[77.6803074,12.9417765],[77.680062,12.9416717],[77.6800191,12.9415657],[77.6799038,12.9415696],[77.6798877,12.9415702],[77.6796725,12.9416214],[77.6796488,12.941627],[77.6795868,12.9416314],[77.6793984,12.9416468],[77.6792461,12.9416592],[77.6794153,12.9420854],[77.6794834,12.9424158],[77.6794971,12.9424438],[77.6795472,12.9425459],[77.6790866,12.9432218],[77.6786788,12.9426267],[77.6784057,12.9423383],[77.677975,12.9418764],[77.677934,12.9418325],[77.6777458,12.9416466],[77.6777313,12.9416322],[77.677293,12.9411994],[77.6772128,12.9411913],[77.677212,12.9411912],[77.6772112,12.9411912],[77.6769277,12.9411627],[77.6765667,12.9411628],[77.6758116,12.9413444],[77.6752773,12.9414674],[77.6743576,12.9414838],[77.6730057,12.9415342],[77.6725794,12.9415599],[77.6719721,12.9415959],[77.6717128,12.9412808],[77.6714515,12.9409635],[77.6713662,12.9408599],[77.6711392,12.9406292],[77.6709121,12.9403986],[77.670531,12.9403242],[77.6704882,12.9403159],[77.670263,12.9402567],[77.6699761,12.9398259],[77.668798,12.9400437],[77.668694,12.9406441],[77.6686864,12.9406879],[77.6686816,12.9407159],[77.668605,12.9411581],[77.6685862,12.9411544],[77.6685175,12.9411409],[77.6679547,12.941015],[77.6671397,12.9408326],[77.6662963,12.9413308],[77.6652131,12.9416131],[77.6649191,12.9419838],[77.6637102,12.9419758],[77.6627551,12.9414829],[77.6626366,12.9414221],[77.6624639,12.941312],[77.6620819,12.9403892],[77.6615377,12.9388663],[77.6612475,12.9376998],[77.6612451,12.9376995],[77.6597663,12.9375129],[77.6582541,12.9376156],[77.6577725,12.9381614],[77.6572525,12.9391266],[77.6571043,12.9395012],[77.6561245,12.9396703],[77.6548665,12.9398874],[77.6544063,12.940058],[77.6534985,12.9403946],[77.6529051,12.9406148],[77.6506102,12.9421427],[77.6496412,12.9428342],[77.6483009,12.9436446],[77.6482103,12.9436994],[77.6470813,12.9445546],[77.6466791,12.9448689],[77.6465168,12.9449957],[77.6460523,12.9453587],[77.6458634,12.9455063],[77.6458494,12.9455172],[77.6455753,12.9457314],[77.645475,12.9458264],[77.6454111,12.9458868],[77.6450897,12.9464854],[77.6449952,12.9466613],[77.6437151,12.9472862],[77.6437283,12.9473374],[77.6437305,12.9473461],[77.6438456,12.9477936],[77.6438462,12.9477958],[77.6438344,12.9478048],[77.6438141,12.9478202],[77.6437086,12.9479003],[77.6436836,12.9479302],[77.6436562,12.9479629],[77.6435656,12.9480731],[77.6435053,12.9481504],[77.643464,12.9482034],[77.643442,12.9482233],[77.6433883,12.9482717],[77.6433576,12.9482995],[77.6432555,12.9483711],[77.6432066,12.9484054],[77.6431808,12.9484236],[77.6431787,12.948424],[77.642189,12.9486211],[77.6418078,12.9489133],[77.6416737,12.9490161],[77.6416138,12.9490327],[77.6411697,12.9491552],[77.6404257,12.9493606],[77.6403842,12.9493563],[77.6400306,12.9493202],[77.6397035,12.9492869],[77.6396933,12.9492858],[77.6396858,12.9492851],[77.6396326,12.9492796],[77.6396234,12.9492787],[77.6396221,12.9492786],[77.6396376,12.9492647],[77.6395418,12.9492549],[77.6394833,12.9492489],[77.6394601,12.9492465],[77.6394471,12.9492452],[77.6390192,12.9492014],[77.6387231,12.9491711],[77.638652,12.9491638],[77.6381372,12.9490522],[77.6378611,12.9495515],[77.6369997,12.9511096],[77.636949,12.9512013],[77.6369534,12.9512146],[77.6370295,12.9513951],[77.637117,12.951703],[77.6379792,12.9547372],[77.6380062,12.9548322],[77.6377342,12.9549168],[77.6368686,12.955186],[77.6366588,12.9552512],[77.6363987,12.9558956],[77.6363029,12.956133],[77.6362506,12.9562928],[77.6360061,12.9569907],[77.6352144,12.9592507],[77.6343619,12.9616842],[77.6341923,12.9616981],[77.634111,12.9617021],[77.633982,12.9616914],[77.6339124,12.9616833],[77.6336634,12.9616263],[77.6332804,12.9615297],[77.6331033,12.9614758],[77.6326898,12.9613314],[77.6324789,12.9612577],[77.6324196,12.961237],[77.6324007,12.9612365],[77.6322076,12.9612308],[77.6319854,12.9612784],[77.6319671,12.9612842],[77.6319025,12.9612986],[77.6314291,12.9614437],[77.6309562,12.9615934],[77.6300958,12.9618685],[77.6295908,12.9620316],[77.6294451,12.9620753],[77.6291737,12.9621436],[77.6290637,12.9621675],[77.6286099,12.9622646],[77.6284753,12.962304],[77.6284453,12.9623108],[77.6284208,12.9623199],[77.6282886,12.9623691],[77.6274782,12.9628486],[77.6266512,12.9633312],[77.6266023,12.9633598],[77.6265853,12.9633725],[77.6264582,12.9634674],[77.6264457,12.9634767],[77.6264322,12.9635],[77.6264052,12.963534],[77.6261758,12.9639381],[77.6260925,12.964089],[77.626043,12.9641748],[77.6260237,12.9642135],[77.6259542,12.9643393],[77.6257404,12.9647659],[77.6255549,12.965154],[77.6251032,12.9660602],[77.6250436,12.9661213],[77.6249837,12.9661735],[77.6248055,12.9662599],[77.6230836,12.9670124],[77.6227712,12.9666815],[77.6223942,12.9663297],[77.6219106,12.9658785],[77.6213504,12.9653558],[77.6197191,12.9655561],[77.6196048,12.9655574],[77.6196206,12.9655696],[77.6196193,12.9655698],[77.6196536,12.9655995],[77.6197096,12.9656643],[77.6197429,12.9657029],[77.6198326,12.965891],[77.6198722,12.9659863],[77.6198855,12.9660184],[77.6199403,12.9660922],[77.6200127,12.9661898],[77.6200758,12.9662749],[77.6201286,12.9663279],[77.6204067,12.9666072],[77.6204826,12.9666602],[77.6205386,12.9666992],[77.6205573,12.9667092],[77.6206369,12.9667516],[77.6205597,12.9668458],[77.6204846,12.9669374],[77.620465,12.9669656],[77.6203937,12.9670683],[77.6203685,12.9671046],[77.6203448,12.9671656],[77.6202833,12.9673237],[77.6201607,12.9676392],[77.6200154,12.9680709],[77.6200132,12.9680799],[77.6200005,12.9681154],[77.6199452,12.9683101],[77.6198779,12.9686351],[77.6198456,12.968929],[77.6197796,12.9695288],[77.619712,12.9701442],[77.619536,12.9717756],[77.619544,12.9723718],[77.6195475,12.9726321],[77.6188972,12.9726176],[77.6185566,12.9726608],[77.6184717,12.9726715],[77.6166754,12.9730836],[77.616653,12.9730919],[77.6154668,12.9733605],[77.6151692,12.9734279],[77.6138698,12.9737298],[77.6139222,12.9738906],[77.6139279,12.973908],[77.6142193,12.9748028],[77.6142568,12.9749178],[77.614601,12.9759743],[77.614652,12.9761464],[77.6150423,12.9774614],[77.6152675,12.97822],[77.615344,12.9785504],[77.6153498,12.9785767],[77.6153663,12.9787332],[77.6153857,12.9789166],[77.6153478,12.9789781],[77.6153296,12.9790076],[77.6150974,12.9791124],[77.614408,12.9794236],[77.614212,12.979512],[77.6141519,12.9795392],[77.6141069,12.9795578],[77.6145173,12.9808704],[77.6151934,12.9808766],[77.6154528,12.980879],[77.615486,12.9809559],[77.6156516,12.9813397],[77.6156183,12.9816104],[77.6156215,12.9819342],[77.61583,12.9819172],[77.615888,12.9822002],[77.6159611,12.982518],[77.6160298,12.9827341],[77.6160929,12.9828263],[77.6161532,12.9828772],[77.6164055,12.9830317],[77.6166052,12.9831371],[77.6167818,12.9832283],[77.617038,12.9833838],[77.6172515,12.9835323],[77.6173578,12.9836208],[77.6174685,12.9837411],[77.618259,12.9846007],[77.6188715,12.9852358],[77.6189374,12.9853047],[77.6190585,12.985446],[77.6191949,12.985626],[77.6194365,12.9859757],[77.6199006,12.9867094],[77.6201475,12.9871282],[77.6202412,12.9872346],[77.6202737,12.987245],[77.6202854,12.9872488],[77.620507,12.9872548],[77.6219431,12.9874589],[77.6225128,12.987504],[77.6225155,12.9874864],[77.6225144,12.9872077],[77.6224989,12.9866541],[77.6224707,12.9858343],[77.6224545,12.9851058],[77.6224244,12.9842934],[77.6224365,12.983986],[77.6225726,12.9833391],[77.622744,12.9825863],[77.6228579,12.9820249]]]}},{"type":"Feature","properties":{"KGISSub_DivisionID":27,"Sub_DivisionName":"C12"},"geometry":{"type":"Polygon","coordinates":[[[77.6230637,13.0223859],[77.6233334,13.021261],[77.6234702,13.0203632],[77.6235005,13.0197677],[77.6234838,13.0192229],[77.6234651,13.0190954],[77.6234012,13.0183202],[77.6232583,13.0177932],[77.6232393,13.0177231],[77.6230558,13.0170468],[77.623055,13.0170437],[77.6228202,13.0163719],[77.62273,13.016114],[77.6221088,13.0147473],[77.6220806,13.0146813],[77.6219944,13.0144804],[77.6217575,13.0139279],[77.6217153,13.0138296],[77.6210729,13.0123313],[77.6208983,13.0119576],[77.6207245,13.0115858],[77.6206482,13.0110714],[77.6207118,13.0106001],[77.6207754,13.0101287],[77.6208968,13.0098747],[77.6211243,13.0093989],[77.6219169,13.0085526],[77.6219381,13.00853],[77.6223898,13.0083784],[77.6226483,13.0082916],[77.6227,13.0082743],[77.6227128,13.0082698],[77.62284,13.0082253],[77.6228705,13.0082146],[77.6229515,13.0081834],[77.6235056,13.0079672],[77.6246557,13.0074915],[77.6247687,13.0074454],[77.6247737,13.0074433],[77.6257388,13.0070491],[77.6266702,13.0066467],[77.6282655,13.005984],[77.6298785,13.005372],[77.6301797,13.0052143],[77.6303022,13.0051652],[77.6303113,13.0051615],[77.6304486,13.0051065],[77.6309982,13.0048593],[77.6318928,13.0046187],[77.6329441,13.0043878],[77.6336092,13.004232],[77.6341378,13.0041262],[77.6343394,13.0040778],[77.63452,13.0040534],[77.6347133,13.0040401],[77.6348237,13.0040466],[77.6349635,13.0040547],[77.6354646,13.0040822],[77.6361557,13.0042192],[77.6361565,13.0042187],[77.6361575,13.0042181],[77.6366378,13.0042936],[77.6366639,13.004297],[77.6362943,13.0039875],[77.6364048,13.0038782],[77.6364734,13.0038292],[77.636787,13.0036654],[77.6369822,13.003561],[77.637268,13.0034079],[77.6378949,13.0030688],[77.6384166,13.0027842],[77.6385346,13.0026883],[77.6385942,13.0025864],[77.6386931,13.0022472],[77.638738,13.00213],[77.6390585,13.001649],[77.6394236,13.0011248],[77.6398004,13.0004888],[77.6402201,12.9997373],[77.6407875,12.9986941],[77.6411575,12.9980711],[77.6415614,12.9975275],[77.6417649,12.9972274],[77.6417758,12.9972113],[77.6424788,12.9961745],[77.6427369,12.995834],[77.6428092,12.9957847],[77.6428763,12.9957389],[77.6431325,12.9956259],[77.6432623,12.9955772],[77.6433428,12.995547],[77.6434811,12.9954763],[77.6435353,12.9954197],[77.6436324,12.995193],[77.6436731,12.9950818],[77.6435345,12.9948785],[77.6434663,12.9947335],[77.6434543,12.9946703],[77.6434569,12.9945116],[77.6434657,12.9939579],[77.6434727,12.9937755],[77.6434916,12.9933261],[77.6434769,12.9932638],[77.6433797,12.9930999],[77.6433019,12.9929659],[77.6432084,12.9928051],[77.6431027,12.9926191],[77.6430448,12.9925477],[77.643035,12.9925259],[77.643014,12.9924179],[77.6430045,12.9922912],[77.6430273,12.9922198],[77.6430916,12.9921459],[77.6432966,12.9919244],[77.6433102,12.9919097],[77.6433094,12.9918912],[77.6432902,12.9918759],[77.6432844,12.9918528],[77.6432844,12.9918454],[77.6432852,12.9917689],[77.6432917,12.9917409],[77.6433144,12.9916429],[77.6432846,12.9916429],[77.6432006,12.991643],[77.6431284,12.9916513],[77.6428895,12.9916788],[77.6427097,12.9917013],[77.6425265,12.9917301],[77.6423163,12.9917633],[77.6420207,12.9918099],[77.6418986,12.9918291],[77.6413582,12.9919144],[77.6407973,12.9919992],[77.6404386,12.9920664],[77.6397147,12.9921949],[77.6395166,12.9922313],[77.6393291,12.9922742],[77.6392024,12.9923032],[77.6389905,12.9923566],[77.6388019,12.9924042],[77.6385391,12.9924705],[77.6383359,12.9925218],[77.6380389,12.9925814],[77.6378472,12.9926144],[77.6375521,12.992654],[77.6373272,12.9926841],[77.6370447,12.9927311],[77.6368363,12.9927727],[77.6355058,12.9930475],[77.6350282,12.9931489],[77.6346402,12.993233],[77.6345074,12.99326],[77.6344789,12.9932658],[77.6343502,12.9925691],[77.6343153,12.9923803],[77.6342459,12.9920042],[77.6342296,12.991938],[77.6341503,12.9916157],[77.6341373,12.9915465],[77.6340885,12.9914188],[77.6340459,12.991323],[77.6339845,12.9912263],[77.6338963,12.9910875],[77.6338248,12.9909626],[77.63379,12.9908664],[77.6337554,12.990771],[77.6337488,12.9907548],[77.6336963,12.9906265],[77.6336826,12.9905933],[77.6336078,12.9904893],[77.6335678,12.9904531],[77.6334916,12.990412],[77.633456,12.9904004],[77.6331135,12.9902921],[77.6329242,12.9902393],[77.6328664,12.9902281],[77.6327272,12.9902011],[77.6326502,12.9901812],[77.6326206,12.9901735],[77.6322724,12.9900832],[77.6314649,12.9898668],[77.6308474,12.9897014],[77.6307812,12.9896794],[77.6306866,12.9896569],[77.630148,12.9895511],[77.6295878,12.9894411],[77.6290048,12.9893267],[77.6287179,12.9892703],[77.6285665,12.9892432],[77.6281428,12.9891569],[77.6278122,12.9890891],[77.6274769,12.9890184],[77.6272617,12.9889712],[77.6271798,12.988933],[77.626146,12.9886327],[77.625204,12.988352],[77.6246716,12.9881916],[77.6239632,12.9879823],[77.6237083,12.9879146],[77.6234622,12.9878527],[77.6230568,12.9877914],[77.6225828,12.9877277],[77.6225458,12.9877189],[77.6224819,12.9877037],[77.622408,12.9876854],[77.6220549,12.9876142],[77.6215671,12.9875474],[77.6210221,12.9874727],[77.620904,12.9874566],[77.6208797,12.9874532],[77.6203791,12.9873816],[77.6201678,12.9873352],[77.6198535,12.9872272],[77.6198151,12.9872665],[77.6197269,12.9872919],[77.6196759,12.9872898],[77.6195217,12.9872805],[77.6194505,12.9872639],[77.6194066,12.9872477],[77.6193157,12.9871641],[77.619008,12.9873384],[77.6189153,12.987391],[77.6186789,12.9875231],[77.6185262,12.9876146],[77.6182318,12.9877912],[77.6180009,12.9879458],[77.6174385,12.988376],[77.6173058,12.988493],[77.6173057,12.9884931],[77.6172348,12.9885633],[77.6172435,12.9885753],[77.617259,12.9885967],[77.6171058,12.9887283],[77.6170779,12.9887522],[77.6169329,12.988842],[77.6165428,12.9890838],[77.6163274,12.9892132],[77.615638,12.9895672],[77.6148352,12.9900563],[77.6142573,12.9903968],[77.6136966,12.9907108],[77.6136487,12.990737],[77.6126727,12.9912699],[77.6126609,12.9912763],[77.6126407,12.9912836],[77.6125401,12.99132],[77.6125377,12.9913208],[77.6125318,12.9913224],[77.612259,12.9913975],[77.6122332,12.9914046],[77.6120153,12.9914573],[77.611674,12.9915399],[77.6116292,12.9915521],[77.6113979,12.9916147],[77.6112316,12.9916817],[77.6109056,12.991877],[77.6108779,12.9918936],[77.6107381,12.9919841],[77.6106564,12.992037],[77.6103333,12.9922668],[77.6103311,12.9922683],[77.6099578,12.9925377],[77.6097547,12.9926904],[77.6096838,12.9927437],[77.6097505,12.9928457],[77.6097708,12.9928992],[77.6097717,12.9929014],[77.6097842,12.9929343],[77.6098511,12.9931487],[77.609951,12.993469],[77.6099527,12.9934744],[77.6098737,12.9935099],[77.6098213,12.9935334],[77.6098188,12.9935346],[77.6092444,12.9937924],[77.6092314,12.9937983],[77.6092043,12.9937952],[77.6091921,12.9937885],[77.6091914,12.9937877],[77.6088518,12.9933584],[77.6086993,12.9934398],[77.6085419,12.9934848],[77.6085321,12.9934869],[77.6085275,12.9934882],[77.6085153,12.9934906],[77.6084388,12.9935052],[77.6083736,12.9935135],[77.6082629,12.9935276],[77.6082202,12.993533],[77.6081296,12.9935368],[77.6077833,12.9935527],[77.6076911,12.9935569],[77.6075753,12.9935622],[77.6075753,12.9935623],[77.6075004,12.9935656],[77.6072708,12.993578],[77.6072518,12.993579],[77.6071843,12.993604],[77.6070015,12.9936716],[77.6059189,12.9940719],[77.6058545,12.9941001],[77.6057723,12.9941362],[77.6055328,12.9942412],[77.605201,12.9943866],[77.6046499,12.9946078],[77.6043056,12.9947434],[77.6042354,12.994771],[77.6042324,12.9947721],[77.6041404,12.9948033],[77.6041286,12.9948081],[77.6042325,12.9951664],[77.6042728,12.9953035],[77.6042777,12.9953226],[77.6043252,12.995507],[77.6044054,12.995819],[77.6046107,12.9966493],[77.6042435,12.9968969],[77.6040903,12.9970088],[77.6037687,12.9972667],[77.6034907,12.9974791],[77.6033992,12.997549],[77.6032582,12.9976385],[77.6031372,12.9977096],[77.6025872,12.9980319],[77.60227,12.9982444],[77.60208,12.9983744],[77.6018448,12.9985359],[77.6015302,12.9988059],[77.6014199,12.9988937],[77.6013009,12.9989883],[77.6012275,12.9990467],[77.6011766,12.9990872],[77.6011549,12.9990978],[77.6011272,12.9991173],[77.600983,12.9991818],[77.6008862,12.999229],[77.600817,12.999256],[77.6008092,12.9992594],[77.6006486,12.9993215],[77.6005822,12.9993405],[77.6005476,12.9993406],[77.6005332,12.999338],[77.6004483,12.9993226],[77.6003958,12.999313],[77.6003692,12.9993058],[77.6003376,12.9992972],[77.6002611,12.9992763],[77.6002575,12.9992735],[77.6001275,12.9991717],[77.599819,12.9997709],[77.5996927,13.0002347],[77.5996582,13.0003568],[77.5994364,13.001141],[77.5998639,13.0012598],[77.600676,13.0014951],[77.600799,13.0015286],[77.6007456,13.001761],[77.6007149,13.0018943],[77.6009392,13.0023525],[77.6008952,13.0023737],[77.600903,13.0023944],[77.6006371,13.0025035],[77.6003882,13.0025991],[77.6003002,13.0026335],[77.6001324,13.0026973],[77.6000004,13.002751],[77.5997946,13.00285],[77.5997767,13.0028586],[77.5997754,13.0028592],[77.5996251,13.0029315],[77.5992839,13.0030983],[77.5992813,13.0030996],[77.5992588,13.0031106],[77.5993744,13.0033059],[77.5993795,13.0033147],[77.5995234,13.0035629],[77.5995676,13.0036717],[77.5995878,13.0037214],[77.599596,13.0037452],[77.5996418,13.0038786],[77.5996431,13.0038823],[77.5996607,13.0039279],[77.5997879,13.0042156],[77.5998051,13.0042519],[77.5998329,13.0043166],[77.5999935,13.0046762],[77.6000662,13.004647],[77.6000896,13.0046414],[77.6001221,13.0046337],[77.6002266,13.0046089],[77.6002772,13.0046903],[77.6002843,13.0047018],[77.6002998,13.0047272],[77.6003435,13.0047993],[77.6003579,13.004823],[77.600358,13.0048231],[77.6005173,13.0050855],[77.600529,13.0051055],[77.6005327,13.0051035],[77.6007352,13.0049983],[77.6008128,13.0051331],[77.6008108,13.0051343],[77.600809,13.0051355],[77.6006222,13.0052545],[77.6006999,13.0053775],[77.6007041,13.0053841],[77.600788,13.0055168],[77.6007882,13.0055171],[77.6007886,13.0055168],[77.6009506,13.0054212],[77.6009602,13.0054155],[77.601059,13.0055639],[77.6008877,13.0056656],[77.6008837,13.0056681],[77.6009162,13.005719],[77.6009323,13.0057456],[77.6011782,13.0061357],[77.6012416,13.0062285],[77.6013605,13.0064292],[77.6014313,13.0065415],[77.6014539,13.0065789],[77.6014825,13.0066359],[77.6015351,13.0067251],[77.6016034,13.0068405],[77.6017103,13.0070093],[77.6017503,13.0070716],[77.6017694,13.0071013],[77.6018773,13.0070435],[77.6018774,13.0070434],[77.6019099,13.0070259],[77.6019155,13.0070341],[77.6020614,13.0072481],[77.602075,13.0072405],[77.602096,13.0072287],[77.602103,13.0072248],[77.6021032,13.0072251],[77.6023941,13.0077348],[77.6023948,13.0077359],[77.6022462,13.0077777],[77.6024402,13.0081159],[77.6022769,13.0103501],[77.6023822,13.0109097],[77.6028187,13.0127162],[77.6016831,13.012873],[77.6018108,13.0135295],[77.6020493,13.0145139],[77.6022752,13.0149725],[77.6023977,13.0152141],[77.602615,13.0156638],[77.6027102,13.0158607],[77.6030169,13.0164881],[77.6032767,13.017087],[77.6033484,13.0180557],[77.6034193,13.0183362],[77.6043807,13.0200096],[77.6043927,13.0200305],[77.6046751,13.0199938],[77.6047161,13.0199885],[77.6047986,13.0199747],[77.6048234,13.0199706],[77.6050392,13.0199345],[77.6052373,13.0199014],[77.6053197,13.0198876],[77.6054299,13.0198692],[77.6055616,13.0198406],[77.6057163,13.0198071],[77.6057462,13.0198006],[77.6057525,13.0197992],[77.6058468,13.0197788],[77.6058745,13.0197728],[77.6059515,13.0197561],[77.6059702,13.0197521],[77.6059911,13.0197475],[77.6059371,13.0193752],[77.6059034,13.0191437],[77.6058864,13.0190228],[77.6058692,13.0189008],[77.6058681,13.0188927],[77.6058346,13.0186546],[77.60578,13.0182673],[77.6057471,13.0180335],[77.6057414,13.0180035],[77.6057384,13.017988],[77.6057249,13.0179173],[77.6056621,13.0175887],[77.6056311,13.0174265],[77.6056283,13.0174055],[77.6056199,13.0173418],[77.6056177,13.0173251],[77.6062854,13.0172538],[77.6066173,13.0172462],[77.6072505,13.0172218],[77.607304,13.0172356],[77.6076319,13.0172747],[77.608194,13.0174035],[77.6083158,13.0174023],[77.6083859,13.0174046],[77.6086648,13.0175512],[77.6088032,13.0176753],[77.6089481,13.0178322],[77.6090998,13.0180607],[77.6092052,13.0182098],[77.6092426,13.0182438],[77.609389,13.0182614],[77.6096211,13.0182572],[77.6097245,13.0182676],[77.6097892,13.0183014],[77.6100962,13.0185641],[77.6102281,13.0186794],[77.6103035,13.0187991],[77.6103924,13.018913],[77.6104634,13.0189888],[77.6105777,13.0191004],[77.6108494,13.0193425],[77.6109817,13.0194979],[77.611167,13.0196911],[77.6112475,13.0197381],[77.6114125,13.019855],[77.611522,13.0200356],[77.6115726,13.0201356],[77.6115984,13.0201833],[77.6115998,13.0201867],[77.6116117,13.0202176],[77.6116645,13.0203538],[77.6116739,13.020378],[77.6116754,13.0203818],[77.6116757,13.0203825],[77.6116761,13.0203831],[77.611806,13.0205586],[77.6118558,13.0206613],[77.6120028,13.0212663],[77.61201,13.0212961],[77.6120809,13.021539],[77.6122936,13.0223648],[77.6124513,13.0223556],[77.6125512,13.0223555],[77.6126263,13.0223563],[77.6126852,13.022357],[77.6127048,13.0222198],[77.6127123,13.0220171],[77.6127146,13.0215816],[77.6127146,13.0215417],[77.6133563,13.0214737],[77.6135356,13.0214546],[77.6136438,13.0217409],[77.613705,13.0217395],[77.6137098,13.0217394],[77.613823,13.0217368],[77.6138289,13.0217367],[77.6144902,13.0217215],[77.6145531,13.0217834],[77.6147687,13.0220719],[77.6152094,13.0228842],[77.615226,13.0229148],[77.6153954,13.0233576],[77.6155936,13.0238755],[77.6156079,13.0239256],[77.6156481,13.0240669],[77.6156489,13.0241373],[77.6156548,13.024705],[77.6156556,13.0247782],[77.6156607,13.0249677],[77.6156703,13.0253205],[77.6156959,13.0258552],[77.6157091,13.0260287],[77.6156653,13.0260579],[77.6156171,13.0260971],[77.6155115,13.0261863],[77.6154398,13.0262476],[77.6152527,13.0264078],[77.6151859,13.0264649],[77.6148323,13.0267751],[77.6148509,13.0267913],[77.6149703,13.0268973],[77.6150327,13.0269514],[77.6150852,13.0269968],[77.615124,13.0270296],[77.6152212,13.0271118],[77.6153905,13.0272427],[77.6154028,13.027252],[77.6154451,13.0272839],[77.6156216,13.0274172],[77.6156312,13.0274248],[77.6157719,13.027537],[77.6157934,13.0275542],[77.6159705,13.0277084],[77.6160266,13.0277595],[77.616057,13.0277872],[77.6161144,13.0278559],[77.6161296,13.0278689],[77.6161662,13.0279002],[77.616293,13.0280086],[77.6162937,13.0280092],[77.6162939,13.0280093],[77.6162954,13.0280106],[77.6162981,13.0280129],[77.6163187,13.0280305],[77.6163776,13.0280809],[77.6165831,13.0278515],[77.6170547,13.0274882],[77.6172864,13.0273592],[77.6176254,13.0271705],[77.6182467,13.0269109],[77.6186428,13.0267453],[77.6190235,13.0265863],[77.6199557,13.0262183],[77.6204133,13.0260111],[77.6206036,13.0259249],[77.620992,13.0256593],[77.6211136,13.0255617],[77.6215171,13.025238],[77.6216645,13.0250458],[77.6218784,13.0247669],[77.6223275,13.0239575],[77.6225108,13.0236272],[77.6225387,13.023578],[77.6226871,13.0232839],[77.6229005,13.0228609],[77.6230637,13.0223859]]]}},{"type":"Feature","properties":{"KGISSub_DivisionID":28,"Sub_DivisionName":"S13"},"geometry":{"type":"Polygon","coordinates":[[[77.5673507,12.8793838],[77.5673096,12.8792498],[77.5673022,12.8792255],[77.5672843,12.8791809],[77.5672456,12.8790841],[77.5671573,12.8788244],[77.567122,12.8787374],[77.5671023,12.8786886],[77.5670382,12.8785854],[77.5669103,12.8784088],[77.5668337,12.878303],[77.5666282,12.878057],[77.5664902,12.877894],[77.5664751,12.8778715],[77.5664727,12.877868],[77.5664423,12.8778228],[77.5664372,12.8778152],[77.5664093,12.8777737],[77.5663755,12.8776821],[77.5663752,12.8776811],[77.5663747,12.8776783],[77.5663681,12.8776355],[77.5663652,12.8776165],[77.5663589,12.8775757],[77.5663536,12.8775413],[77.5663569,12.8774213],[77.5663735,12.8773004],[77.5663798,12.8772774],[77.5664073,12.8771758],[77.5664284,12.8771159],[77.56645,12.8770806],[77.5665166,12.8769718],[77.5665789,12.8768901],[77.5666293,12.8768263],[77.566776,12.8766582],[77.5667945,12.8766361],[77.5668118,12.8766155],[77.5668297,12.8765743],[77.5669007,12.8765171],[77.5669478,12.876483],[77.5670471,12.8764109],[77.5671844,12.8763316],[77.56802,12.8759192],[77.5684026,12.8757424],[77.5685192,12.875689],[77.56854,12.8756794],[77.5687803,12.8755693],[77.5689662,12.8754841],[77.5691741,12.8753858],[77.5693412,12.8752973],[77.5694524,12.8752384],[77.56955,12.8751747],[77.5699367,12.8748448],[77.5699618,12.8748297],[77.5699725,12.8748232],[77.5699953,12.8748093],[77.570126,12.8747298],[77.5702012,12.8746757],[77.5702324,12.8746532],[77.5702526,12.8746386],[77.5702642,12.8746303],[77.5702791,12.874616],[77.5703237,12.8745733],[77.5703705,12.8744945],[77.5704026,12.8744072],[77.5704075,12.8743527],[77.5704244,12.8741677],[77.5704355,12.8739266],[77.5704435,12.8738801],[77.5704519,12.8738311],[77.57049,12.8737289],[77.5704566,12.8734923],[77.5704511,12.8734532],[77.5704043,12.8731223],[77.5703467,12.8727152],[77.5702859,12.8723187],[77.5702763,12.8722559],[77.570263,12.8721689],[77.5702355,12.8718468],[77.5702216,12.871538],[77.5702246,12.8715147],[77.5702839,12.8710589],[77.5704187,12.8702662],[77.5704221,12.870246],[77.5704408,12.8700867],[77.5704444,12.8700558],[77.5704565,12.8699528],[77.5704538,12.8699226],[77.570452,12.8699037],[77.5704518,12.8699016],[77.5704513,12.8698955],[77.5704523,12.8698864],[77.5702449,12.8693576],[77.5700293,12.8688418],[77.5697951,12.8682817],[77.5697115,12.8679446],[77.5696981,12.8678851],[77.5695016,12.866958],[77.5694553,12.8667382],[77.569406,12.8662111],[77.569345,12.8655109],[77.5693582,12.8653998],[77.5694048,12.8652667],[77.5694268,12.865211],[77.5694409,12.8651756],[77.5696276,12.8647042],[77.5696545,12.8645851],[77.5697485,12.8645735],[77.5700907,12.8645313],[77.5706297,12.8644648],[77.5709716,12.8644226],[77.5714107,12.8643685],[77.5721589,12.8642475],[77.5721186,12.8636822],[77.5720704,12.8628492],[77.5720665,12.8627823],[77.5719885,12.8613404],[77.5719788,12.861029],[77.5719727,12.8608341],[77.5719721,12.8608158],[77.5725889,12.8606836],[77.5738048,12.8604231],[77.5738597,12.8604113],[77.5740669,12.8603669],[77.5740861,12.8603628],[77.5740545,12.8601725],[77.5739481,12.8595315],[77.5739045,12.8592686],[77.5744659,12.8591162],[77.5744678,12.8591156],[77.5744679,12.8591156],[77.5747054,12.8590511],[77.5754496,12.8588542],[77.5754699,12.8588492],[77.5756566,12.8587996],[77.5762766,12.8586465],[77.5765466,12.8585776],[77.5766725,12.8585454],[77.576705,12.8585375],[77.5767118,12.8587777],[77.5766983,12.8589195],[77.5766936,12.8589684],[77.5766935,12.8589695],[77.5766902,12.8590039],[77.5766864,12.8590441],[77.576686,12.8590485],[77.5766871,12.8590831],[77.5766884,12.8591274],[77.5767136,12.8592468],[77.5767851,12.8593925],[77.5769249,12.8595309],[77.5770372,12.859629],[77.5770983,12.8596434],[77.5772038,12.859758],[77.5772677,12.8598274],[77.5777487,12.8596418],[77.5777487,12.8596398],[77.5777353,12.8588005],[77.5777353,12.8587965],[77.5777347,12.8587588],[77.5777883,12.8587501],[77.5778373,12.8587042],[77.5778402,12.8587015],[77.5778494,12.858698],[77.5781064,12.8586684],[77.5781642,12.8586605],[77.5792202,12.8585152],[77.5794308,12.8584863],[77.5794638,12.8584813],[77.5794874,12.8584777],[77.5799078,12.8583367],[77.5799767,12.8583136],[77.5800174,12.8582999],[77.580012,12.8583757],[77.5812127,12.8582768],[77.5812507,12.8582875],[77.5812535,12.8582883],[77.5812663,12.8583019],[77.5812864,12.8583234],[77.5812893,12.8583286],[77.5813323,12.8584158],[77.5813456,12.8584451],[77.5814108,12.8586859],[77.5814188,12.8587224],[77.5814216,12.8587352],[77.5815034,12.8591509],[77.5815195,12.8592748],[77.5815627,12.8596074],[77.5815708,12.8596698],[77.5816133,12.8598492],[77.5816264,12.8599236],[77.5816301,12.8599893],[77.5816293,12.8599929],[77.5816224,12.8600241],[77.5816208,12.8600315],[77.5816136,12.8600495],[77.5815833,12.8600654],[77.5815998,12.8603173],[77.5816372,12.8609194],[77.5816696,12.8614714],[77.5816756,12.8615649],[77.581685,12.8617127],[77.5816844,12.8617229],[77.5817176,12.8622843],[77.5816798,12.8625352],[77.5816445,12.8627687],[77.5816443,12.8627701],[77.5816255,12.8628952],[77.5816231,12.8629423],[77.5816224,12.8629573],[77.5816216,12.8629725],[77.5816896,12.863029],[77.5817582,12.8630859],[77.5819036,12.8632066],[77.582274,12.8633486],[77.5823556,12.8633799],[77.5825567,12.8634533],[77.5825854,12.863468],[77.5826518,12.8635022],[77.5831308,12.8637808],[77.5832355,12.863838],[77.5832863,12.8638657],[77.5836581,12.8640686],[77.5836661,12.864073],[77.5836896,12.8640858],[77.5837248,12.8641051],[77.5837446,12.8641154],[77.5837522,12.8641559],[77.5838277,12.8645539],[77.5838365,12.8646004],[77.5838536,12.8646909],[77.5839115,12.8649961],[77.5839556,12.8651915],[77.5839754,12.865279],[77.5840304,12.8655229],[77.584043,12.8655788],[77.5840585,12.8656346],[77.5840661,12.865662],[77.5840901,12.8657489],[77.5841924,12.8662666],[77.5842012,12.8663076],[77.5842012,12.8663078],[77.5842276,12.866302],[77.5842365,12.8663001],[77.5845553,12.8662311],[77.5849831,12.8661077],[77.5850035,12.8661018],[77.5851522,12.8660588],[77.5853677,12.8659966],[77.585371,12.8660257],[77.5853835,12.8661357],[77.5853856,12.8661856],[77.5853857,12.8661884],[77.5853862,12.8661988],[77.5853885,12.8662538],[77.5853893,12.8662734],[77.5854208,12.8663604],[77.5854305,12.866408],[77.5855053,12.8667739],[77.5855106,12.8668713],[77.5855108,12.8668756],[77.5855109,12.8668766],[77.5855407,12.8668702],[77.5857589,12.8668238],[77.5857742,12.866858],[77.5858932,12.8671254],[77.5858937,12.8671265],[77.5859585,12.8672101],[77.5860267,12.8672981],[77.5860293,12.8673014],[77.5860643,12.8673465],[77.5860947,12.8673857],[77.5861339,12.8674363],[77.5861454,12.8674511],[77.5862104,12.8675341],[77.5862283,12.8675569],[77.5864168,12.8677975],[77.5864328,12.8678178],[77.5864534,12.8678442],[77.5866883,12.8682339],[77.5867383,12.8683168],[77.5868493,12.8684647],[77.5868629,12.8684829],[77.5869305,12.8685731],[77.5871776,12.8687832],[77.5875021,12.8690439],[77.5877444,12.8692714],[77.5878505,12.8693711],[77.5878791,12.8693979],[77.5879977,12.8694755],[77.5883333,12.8696436],[77.5888056,12.86988],[77.58913,12.8700273],[77.5893427,12.8701238],[77.5896142,12.8702626],[77.5901388,12.8705304],[77.5907486,12.8708313],[77.5907829,12.8708479],[77.5907984,12.8708554],[77.5910934,12.8709984],[77.5914959,12.8712017],[77.5915187,12.8712087],[77.5915205,12.8712087],[77.5915806,12.8712085],[77.5916156,12.8712085],[77.5918088,12.8711681],[77.5919417,12.8711404],[77.5921107,12.8710976],[77.5921707,12.8710825],[77.5923776,12.8710324],[77.5924731,12.8710199],[77.5924825,12.8710198],[77.5924889,12.8710198],[77.5925184,12.8710195],[77.5925493,12.8710278],[77.592573,12.8710404],[77.5925796,12.8710439],[77.5925866,12.8710482],[77.5927373,12.8711478],[77.5927704,12.8711575],[77.5928496,12.8711678],[77.5928887,12.8711683],[77.592932,12.8711689],[77.5929734,12.871164],[77.5929744,12.8711639],[77.5930119,12.8711594],[77.5933766,12.8710608],[77.5935006,12.8710273],[77.593511,12.8710247],[77.5935115,12.8710244],[77.5934476,12.8708429],[77.5933041,12.870435],[77.5929668,12.869475],[77.5928354,12.8690825],[77.5926384,12.8684941],[77.5923078,12.8675028],[77.59229,12.867449],[77.5922674,12.8673807],[77.5921538,12.8670376],[77.5920493,12.8667219],[77.5918933,12.8662391],[77.5917787,12.8658841],[77.591703,12.8656644],[77.5916177,12.8654166],[77.5916841,12.8653973],[77.5918793,12.8653405],[77.5918794,12.8653404],[77.5919885,12.8653088],[77.5921009,12.8652696],[77.5921583,12.8652489],[77.5922917,12.8652009],[77.5927735,12.8650302],[77.5928306,12.8650045],[77.5929512,12.8649503],[77.5931365,12.8648905],[77.5932666,12.8648486],[77.5933408,12.8648253],[77.5934267,12.8647985],[77.5934967,12.8647744],[77.5936997,12.8647048],[77.5937342,12.8646958],[77.5938634,12.8646728],[77.5940823,12.8646526],[77.5941339,12.8646475],[77.5942533,12.8646357],[77.5942636,12.8646347],[77.5943646,12.8646246],[77.5944471,12.8646188],[77.5947756,12.864609],[77.594933,12.8646067],[77.5952801,12.8646036],[77.5956324,12.8646055],[77.5959343,12.8646072],[77.596045,12.8646083],[77.5961405,12.8646093],[77.5961691,12.8646091],[77.5965176,12.864606],[77.5967283,12.8646042],[77.5969655,12.8646025],[77.5969639,12.864534],[77.5969716,12.8645178],[77.5969729,12.8645151],[77.5969853,12.8644891],[77.5969854,12.864489],[77.5969994,12.864478],[77.5970038,12.8644746],[77.597011,12.8644718],[77.5970843,12.8644432],[77.5970948,12.8644391],[77.5971188,12.8644139],[77.5971198,12.864402],[77.5971127,12.8643783],[77.5970228,12.8641869],[77.5970193,12.8641794],[77.5970203,12.864178],[77.5970235,12.8641737],[77.5970307,12.864164],[77.5970457,12.8641582],[77.5973814,12.8640284],[77.5972454,12.8636729],[77.5972151,12.8635943],[77.5969822,12.8629899],[77.5969475,12.8629061],[77.5969414,12.8628915],[77.5971858,12.8628062],[77.5972629,12.86277],[77.5972756,12.8627641],[77.5972763,12.8627638],[77.5972815,12.8627613],[77.597285,12.8627564],[77.5973021,12.8627326],[77.5972994,12.8626894],[77.5972989,12.8626878],[77.5972777,12.8626124],[77.5971683,12.8623501],[77.5970779,12.8621334],[77.5968351,12.8615125],[77.5967973,12.8614069],[77.5967867,12.8613773],[77.5967712,12.861334],[77.5966144,12.860884],[77.596577,12.8607359],[77.5965641,12.8606849],[77.5965305,12.8605056],[77.5965264,12.8604835],[77.5970185,12.8604491],[77.5973471,12.8604322],[77.5976215,12.8604182],[77.5978566,12.8603785],[77.5979011,12.860371],[77.5981225,12.8603117],[77.5981308,12.8603115],[77.5984822,12.8603045],[77.5985244,12.8603037],[77.5986305,12.8602953],[77.5986659,12.8602925],[77.5987361,12.860287],[77.5987734,12.8602834],[77.5989409,12.860267],[77.5991561,12.8602423],[77.5993316,12.8602273],[77.5994171,12.8603004],[77.5994303,12.8603004],[77.5994871,12.8603002],[77.5995135,12.8603002],[77.5995879,12.8602947],[77.5996429,12.8602906],[77.5996054,12.8599813],[77.5995977,12.8599179],[77.5995693,12.8596841],[77.5995697,12.8596839],[77.5995666,12.8596615],[77.5995248,12.8593847],[77.5995187,12.8592902],[77.5995188,12.8592854],[77.599519,12.8592821],[77.5995208,12.8592326],[77.5995231,12.8592031],[77.599526,12.8591884],[77.5995482,12.859075],[77.5995632,12.8589519],[77.5995671,12.8588843],[77.5995675,12.8588786],[77.5995683,12.8588635],[77.5995673,12.858809],[77.5995654,12.8587152],[77.5995648,12.8586846],[77.599562,12.858623],[77.5995548,12.8585919],[77.5995537,12.8585874],[77.5994986,12.85842],[77.5994911,12.8583781],[77.5994861,12.8583558],[77.5994816,12.8583357],[77.5994679,12.8583038],[77.5994451,12.8582767],[77.5994114,12.8582344],[77.5994037,12.8582138],[77.599401,12.8582053],[77.599386,12.8581588],[77.5993627,12.8580815],[77.5993612,12.8580726],[77.599361,12.8580716],[77.5993455,12.8579832],[77.5993355,12.8579165],[77.5993264,12.8578319],[77.5993295,12.8577337],[77.5993301,12.857725],[77.5993318,12.8577032],[77.5995336,12.8576833],[77.5995651,12.8576802],[77.5995841,12.8576776],[77.5996152,12.8576733],[77.5997735,12.8576399],[77.5997956,12.8576333],[77.5998358,12.8576213],[77.5998711,12.8576107],[77.5999156,12.8575974],[77.5999433,12.8575907],[77.6000744,12.8575591],[77.6003955,12.8574723],[77.600581,12.8574187],[77.6007207,12.8573761],[77.6008935,12.8573282],[77.6009552,12.8573111],[77.601254,12.8572473],[77.6015959,12.857512],[77.6016992,12.8576936],[77.6020072,12.8576794],[77.6020242,12.8576642],[77.6022414,12.8574699],[77.6026004,12.8563964],[77.6026224,12.8563306],[77.6028531,12.8562442],[77.6029041,12.8562251],[77.6029736,12.8562249],[77.6032298,12.8562242],[77.603306,12.856224],[77.6036503,12.8562952],[77.6038324,12.8563434],[77.6041926,12.8564389],[77.6043393,12.8564891],[77.6044448,12.8565674],[77.6044748,12.8565896],[77.6044902,12.8566123],[77.6047687,12.8570227],[77.6048113,12.8571964],[77.6048322,12.8572815],[77.6048457,12.8573365],[77.6049008,12.8574008],[77.6051224,12.8576591],[77.6051323,12.8576874],[77.6052156,12.8577941],[77.605283,12.8578323],[77.6054846,12.857896],[77.6059538,12.8579611],[77.6062106,12.8579888],[77.6062634,12.8579945],[77.6063606,12.8579923],[77.6063774,12.8579919],[77.6064386,12.8579727],[77.6064879,12.8579271],[77.6064942,12.8579213],[77.6065121,12.8579047],[77.6065661,12.8578548],[77.6065829,12.8578483],[77.606592,12.8578448],[77.6066101,12.8578378],[77.6066178,12.8578348],[77.6067044,12.8578509],[77.6066824,12.8572645],[77.6066444,12.856342],[77.6066126,12.8559706],[77.6065676,12.8554451],[77.6065371,12.8550891],[77.6065074,12.8547424],[77.6065094,12.8547348],[77.6068502,12.8534674],[77.607045,12.8526731],[77.6081746,12.851796],[77.6089198,12.8513967],[77.6089982,12.8513547],[77.6089981,12.851223],[77.6090168,12.8509382],[77.6090629,12.8502567],[77.60908,12.8498254],[77.609091,12.8495507],[77.6090933,12.8488955],[77.6090718,12.8484328],[77.6090619,12.8482828],[77.6090404,12.8479545],[77.6090357,12.8476198],[77.6090974,12.8470528],[77.6091623,12.846684],[77.6092176,12.8463694],[77.6092565,12.8461845],[77.6093017,12.84606],[77.6083892,12.846687],[77.6073651,12.8472995],[77.6070397,12.8473983],[77.606285,12.8476879],[77.6054657,12.8479566],[77.6045534,12.8482418],[77.6039436,12.8483489],[77.6028862,12.8483565],[77.6027415,12.8483536],[77.6022494,12.848261],[77.6018834,12.8482029],[77.6013224,12.8480937],[77.6012175,12.8480448],[77.6008315,12.8481018],[77.6006311,12.8481314],[77.6006254,12.8481011],[77.6005905,12.8479158],[77.6003077,12.847934],[77.6002187,12.8479463],[77.6000101,12.8479751],[77.5999547,12.8479903],[77.5999074,12.8479821],[77.5998338,12.8479694],[77.5997108,12.8479778],[77.5996143,12.8479866],[77.5993273,12.8480072],[77.5990587,12.8480538],[77.5987966,12.8481197],[77.5986166,12.848173],[77.5984139,12.8482268],[77.5983298,12.8482491],[77.5982929,12.8482589],[77.5982693,12.8482652],[77.5982176,12.8482717],[77.5977842,12.8483575],[77.5973425,12.8484869],[77.5970178,12.848582],[77.5964999,12.8487927],[77.5963592,12.8488539],[77.5955967,12.8491857],[77.5953999,12.8487372],[77.5952649,12.8484295],[77.5952097,12.8483025],[77.5950191,12.8478636],[77.5947957,12.8473902],[77.5946676,12.847002],[77.5946555,12.8469674],[77.5946088,12.8468027],[77.5945317,12.8465516],[77.5945111,12.8464629],[77.5944517,12.84619],[77.5943597,12.845706],[77.5943436,12.8456208],[77.5943414,12.8456083],[77.5943391,12.8455896],[77.5943387,12.8455862],[77.5943201,12.845359],[77.5943263,12.8448268],[77.5942756,12.8440199],[77.594305,12.8434861],[77.5943032,12.8434698],[77.5942314,12.8429891],[77.594064,12.8419151],[77.5941546,12.8419011],[77.594085,12.8415675],[77.5938509,12.8404457],[77.5938209,12.840348],[77.5934452,12.839298],[77.5929347,12.8373906],[77.592854,12.8371186],[77.5917856,12.8349994],[77.5915411,12.8345196],[77.5914665,12.834558],[77.5913639,12.8345974],[77.5908851,12.8347813],[77.5906749,12.8348621],[77.5906142,12.8348854],[77.5906076,12.8348879],[77.5906477,12.8351767],[77.5906562,12.8352371],[77.5906792,12.8355918],[77.5906282,12.8356101],[77.5905245,12.835622],[77.5904363,12.8356214],[77.5899919,12.8355473],[77.5897554,12.8354951],[77.5895787,12.8354549],[77.5890987,12.8353456],[77.5891329,12.8351283],[77.5890507,12.8350545],[77.5883696,12.8345607],[77.5874888,12.8339135],[77.5870788,12.8336249],[77.586436,12.8340332],[77.585284,12.8347606],[77.5843263,12.8353823],[77.5842723,12.8354256],[77.5834876,12.8360563],[77.5826679,12.8367114],[77.5824318,12.8368988],[77.5819824,12.8371],[77.5817799,12.8372376],[77.5812794,12.83752],[77.5808171,12.8377385],[77.5803913,12.8379008],[77.5797679,12.8380829],[77.5792491,12.8381666],[77.5790368,12.8382337],[77.5789492,12.8382532],[77.5789091,12.8382571],[77.577098,12.8384103],[77.576472,12.8385282],[77.5742857,12.8388685],[77.5728847,12.8390916],[77.5722745,12.8391395],[77.5710742,12.8392335],[77.5707995,12.8392551],[77.5704245,12.8392874],[77.5703382,12.8392948],[77.5692557,12.8393879],[77.5692267,12.8393904],[77.5691978,12.8393929],[77.568544,12.8394491],[77.5676025,12.8395157],[77.5667873,12.8395737],[77.5667141,12.8395807],[77.5667026,12.8395818],[77.5666912,12.8395829],[77.5666683,12.8395852],[77.5664265,12.8396085],[77.5656816,12.8396804],[77.5649064,12.8395382],[77.5644119,12.8394474],[77.563309,12.839245],[77.5621994,12.8390203],[77.5607527,12.8398907],[77.5601089,12.8402519],[77.5593952,12.8406523],[77.5588903,12.8408559],[77.5585012,12.8410627],[77.5584536,12.841076],[77.558294,12.8411209],[77.5580504,12.8411986],[77.5579589,12.8412277],[77.5577764,12.8412845],[77.5576834,12.8413135],[77.5572565,12.8414597],[77.5571445,12.8414982],[77.5571786,12.8415994],[77.5571808,12.8416068],[77.5571928,12.8416561],[77.5571946,12.8416665],[77.5571953,12.841677],[77.5571953,12.841709],[77.5571944,12.8417217],[77.5571766,12.8418459],[77.5571759,12.8418527],[77.5571729,12.8418976],[77.5571729,12.8419079],[77.5571762,12.8419721],[77.5571775,12.8420158],[77.5571759,12.8423168],[77.557177,12.8423305],[77.5571866,12.8424489],[77.5571982,12.8425898],[77.5571985,12.8425978],[77.5571981,12.8426058],[77.5571859,12.8427302],[77.5571759,12.8428323],[77.5571718,12.8428733],[77.5571701,12.8428911],[77.5571698,12.8429034],[77.5571711,12.8429156],[77.5571732,12.8429238],[77.5571742,12.8429275],[77.5571866,12.8429652],[77.5572118,12.8430416],[77.55725,12.8431521],[77.557261,12.8431906],[77.5572634,12.8432016],[77.557269,12.8432385],[77.5572738,12.8432701],[77.5572741,12.8432718],[77.557278,12.843298],[77.5572898,12.8433755],[77.5572956,12.8434249],[77.5572867,12.8435939],[77.5572718,12.8438791],[77.5569572,12.8442594],[77.5563573,12.8449847],[77.555105,12.8473305],[77.5549514,12.847673],[77.5547438,12.8478899],[77.5547159,12.8478952],[77.554677,12.8479025],[77.5546368,12.8479005],[77.5544912,12.8478933],[77.5542006,12.847879],[77.5540706,12.8478725],[77.5533231,12.8477304],[77.5532521,12.8477137],[77.5532502,12.8477133],[77.5532305,12.8477086],[77.553203,12.8477022],[77.5532111,12.8476469],[77.5532151,12.8475921],[77.5532155,12.8475494],[77.5532131,12.8475016],[77.5532088,12.8474623],[77.5532054,12.8474412],[77.5532033,12.8474282],[77.5532023,12.8474222],[77.553197,12.847399],[77.5530593,12.8470964],[77.5520881,12.8474226],[77.5517548,12.8475902],[77.5512894,12.8479589],[77.5504229,12.847932],[77.5500162,12.8479192],[77.5494848,12.8479026],[77.548911,12.8478761],[77.5480974,12.8478387],[77.545713,12.8477389],[77.5450061,12.8476991],[77.5447781,12.8476862],[77.5444856,12.8479737],[77.5444109,12.8480472],[77.5443608,12.8485174],[77.5451936,12.8488392],[77.545439,12.8492635],[77.545864,12.8495466],[77.5458157,12.8500164],[77.5453722,12.8502962],[77.5450643,12.8506227],[77.5448023,12.8509872],[77.5454368,12.851942],[77.545878,12.8529382],[77.5459602,12.8538338],[77.5460145,12.8545073],[77.546498,12.8553525],[77.5459336,12.856638],[77.5461491,12.8573495],[77.5466564,12.8578033],[77.5462812,12.8584924],[77.5462611,12.8584752],[77.5459726,12.8585998],[77.5455892,12.8591637],[77.5454795,12.8589618],[77.5453657,12.8587115],[77.5451702,12.8587287],[77.5450208,12.8588903],[77.5450322,12.859538],[77.5453349,12.8600825],[77.5455529,12.8603455],[77.5456255,12.8603001],[77.5457866,12.8608752],[77.5460394,12.8610916],[77.546292,12.8622198],[77.5462608,12.8627276],[77.5464199,12.8628233],[77.5465505,12.8631874],[77.5468077,12.8633407],[77.5469324,12.8633921],[77.5473189,12.8638415],[77.5476142,12.8638348],[77.5477844,12.8642123],[77.547763,12.8645535],[77.5484744,12.8647513],[77.5478421,12.8650748],[77.5478672,12.8651967],[77.5478089,12.8652232],[77.5477225,12.8652624],[77.5475253,12.8653518],[77.5475041,12.8653615],[77.5469629,12.865607],[77.5468131,12.8656731],[77.5466962,12.8657247],[77.5466168,12.8657598],[77.5465084,12.8658076],[77.5462159,12.8659368],[77.5462107,12.8659396],[77.5462061,12.8659432],[77.5462021,12.8659474],[77.5461988,12.8659522],[77.5461964,12.8659575],[77.5461948,12.8659631],[77.5461942,12.8659689],[77.5461945,12.8659747],[77.546217,12.8661352],[77.5462207,12.8661616],[77.5462218,12.8661695],[77.5461795,12.8661775],[77.5453887,12.8663256],[77.54536,12.8663305],[77.5451893,12.8663943],[77.5451664,12.8664029],[77.5448837,12.8665085],[77.5445556,12.8666635],[77.5445316,12.8666748],[77.5444381,12.866719],[77.5442498,12.8667716],[77.5440946,12.8667989],[77.544034,12.8668096],[77.5437788,12.8668641],[77.543763,12.8668675],[77.543752,12.8668698],[77.5437456,12.866967],[77.5437445,12.8669844],[77.5436488,12.8670135],[77.542463,12.8673238],[77.5417627,12.8674621],[77.5413346,12.8674476],[77.5412941,12.8675098],[77.5412596,12.8675627],[77.5412415,12.8675906],[77.5401203,12.8676542],[77.5400259,12.867434],[77.5398334,12.8674238],[77.5396757,12.8674155],[77.5396382,12.8670043],[77.5395014,12.866923],[77.5394726,12.8667073],[77.539452,12.8665523],[77.5397019,12.866266],[77.5395874,12.8659896],[77.5389999,12.866005],[77.5380665,12.8657999],[77.5385698,12.8644291],[77.538657,12.8642165],[77.5385224,12.8641667],[77.5381823,12.8642555],[77.5381799,12.8640082],[77.5380681,12.8636933],[77.5380033,12.8637017],[77.5377318,12.863737],[77.5376301,12.8637502],[77.5376384,12.8639949],[77.5376474,12.8642568],[77.5363737,12.8643169],[77.5363202,12.864308],[77.5362688,12.8643525],[77.5358605,12.8643535],[77.5358307,12.8643085],[77.5358502,12.8641068],[77.5358349,12.8639951],[77.5358149,12.8638499],[77.5357924,12.8636867],[77.5362212,12.8636849],[77.5363751,12.8638806],[77.5365526,12.8637977],[77.5365616,12.8633224],[77.5362872,12.863304],[77.5362984,12.8632301],[77.5363505,12.8628859],[77.53635,12.8628764],[77.5363223,12.862302],[77.5363287,12.8621997],[77.5364049,12.8619593],[77.5360048,12.8619538],[77.5355731,12.8618658],[77.5354798,12.8618468],[77.5354945,12.8614169],[77.5357139,12.8610893],[77.5357371,12.8605841],[77.5357447,12.860419],[77.5357501,12.8603027],[77.5357275,12.8600636],[77.5357274,12.860063],[77.5357272,12.8600612],[77.5356897,12.8600293],[77.5356716,12.8600139],[77.5349751,12.8594208],[77.5349196,12.8593736],[77.5348245,12.8593839],[77.5340631,12.8593825],[77.5340279,12.8593824],[77.5339964,12.8593823],[77.5338162,12.859382],[77.5334491,12.8593089],[77.5329417,12.8592079],[77.5327759,12.8591448],[77.5327664,12.8591411],[77.5326991,12.8590396],[77.5326837,12.8590164],[77.5324827,12.8585844],[77.5324047,12.8584076],[77.5323736,12.8583194],[77.5321772,12.8577626],[77.5321705,12.8577436],[77.5315421,12.8577496],[77.5310187,12.8577775],[77.531058,12.8580562],[77.5310653,12.8580908],[77.5311161,12.8583316],[77.5311174,12.8583376],[77.5311706,12.8585897],[77.5311882,12.8586733],[77.5306939,12.858787],[77.5303148,12.8588742],[77.5302501,12.8588891],[77.5302385,12.8588917],[77.5302322,12.858875],[77.5300502,12.8583904],[77.5300343,12.858348],[77.5298755,12.8579252],[77.5297647,12.8576305],[77.5297603,12.8576185],[77.529755,12.8576037],[77.5297483,12.8575844],[77.5297363,12.8575503],[77.5299834,12.8574673],[77.5298812,12.8572301],[77.5298325,12.8571168],[77.5297753,12.856984],[77.5297478,12.8569123],[77.5296693,12.8567081],[77.529651,12.8566604],[77.5294669,12.8561811],[77.5294387,12.8561077],[77.5294344,12.8560965],[77.5290818,12.8559178],[77.5286549,12.8557014],[77.5286392,12.8556934],[77.5284166,12.8550376],[77.528364,12.8548828],[77.5272667,12.8550731],[77.5272646,12.8551242],[77.5272321,12.8559456],[77.5272607,12.8560348],[77.5273406,12.8562841],[77.5267956,12.8564986],[77.526577,12.8567808],[77.5265385,12.8568163],[77.5265383,12.8568164],[77.5255283,12.857748],[77.5255522,12.8577694],[77.5257085,12.8579097],[77.5257085,12.8579109],[77.5256433,12.8599233],[77.525626,12.8600916],[77.5256242,12.8602831],[77.5254488,12.8609522],[77.5253839,12.8614434],[77.5254054,12.8614488],[77.5260508,12.8616104],[77.5262426,12.8617393],[77.5262478,12.8617485],[77.5264065,12.8620289],[77.5264179,12.8620332],[77.52673,12.8621504],[77.5269871,12.8623149],[77.527013,12.8623224],[77.5270397,12.8623221],[77.527053,12.8623411],[77.5277529,12.8633457],[77.5277413,12.8634409],[77.5276892,12.8637103],[77.5276645,12.8638598],[77.5276576,12.8639022],[77.5276341,12.8640443],[77.5276236,12.8643345],[77.5276207,12.8644136],[77.5276189,12.8644636],[77.5276186,12.8644709],[77.5276169,12.8645178],[77.5276191,12.8647329],[77.5276235,12.8648154],[77.5275962,12.8648917],[77.5275944,12.8648966],[77.5275912,12.8649056],[77.5275921,12.8653125],[77.5275518,12.8657116],[77.5275482,12.8658315],[77.5274388,12.8666134],[77.5274207,12.8667525],[77.5273552,12.8680061],[77.5273546,12.8680073],[77.5273523,12.8680112],[77.5273509,12.8680138],[77.5273411,12.8680264],[77.5272876,12.8680952],[77.5272837,12.8680995],[77.526739,12.8686771],[77.5256962,12.8691824],[77.5245156,12.8692404],[77.5243331,12.8700042],[77.5243053,12.8701207],[77.5242589,12.8705726],[77.5242372,12.8707849],[77.5241404,12.8717292],[77.5241612,12.8717367],[77.5254164,12.8721889],[77.5255593,12.8721879],[77.5270482,12.8721589],[77.5270484,12.8721782],[77.5270594,12.8732691],[77.5270923,12.8734154],[77.5271999,12.8739467],[77.5273233,12.8744856],[77.527563,12.875633],[77.5276861,12.8762452],[77.5277074,12.876351],[77.5277535,12.8765802],[77.5280996,12.8780387],[77.528104,12.8780544],[77.5281071,12.8780655],[77.5281145,12.8780923],[77.5283282,12.8788621],[77.5283415,12.8788579],[77.5284537,12.8788223],[77.528463,12.8788445],[77.5287284,12.8794771],[77.5288084,12.8796676],[77.5291016,12.8802137],[77.529395,12.8807602],[77.5294928,12.8810295],[77.529501,12.8810471],[77.5296939,12.8815763],[77.5297062,12.8815711],[77.529759,12.8815486],[77.5297673,12.8815724],[77.5299241,12.8820222],[77.5302885,12.8820186],[77.530396,12.88175],[77.5304189,12.8816927],[77.5305305,12.8813114],[77.5305359,12.8813024],[77.5305371,12.8813002],[77.5305379,12.8812979],[77.530547,12.8812645],[77.5305503,12.8812435],[77.5305547,12.8812153],[77.5305566,12.8812031],[77.5305597,12.8811791],[77.5305598,12.8811784],[77.5305782,12.8810361],[77.5306069,12.880859],[77.5306351,12.8807295],[77.5306403,12.8807061],[77.5306951,12.8805259],[77.5307079,12.8804987],[77.5307223,12.8804771],[77.5307596,12.8804354],[77.5307811,12.8804067],[77.5308027,12.880378],[77.5308072,12.880365],[77.5308303,12.880286],[77.5308591,12.880274],[77.5309581,12.8802327],[77.5310351,12.8802143],[77.5312864,12.8801545],[77.5313223,12.8802334],[77.5313801,12.8803604],[77.5314507,12.8809829],[77.5319639,12.8808445],[77.532344,12.880742],[77.5323721,12.8808638],[77.5324101,12.8809895],[77.5325383,12.8815557],[77.5325506,12.8815711],[77.5326534,12.8815287],[77.5326732,12.8815202],[77.5327923,12.8814689],[77.5329211,12.8814078],[77.5330064,12.8813642],[77.5330788,12.8813364],[77.5331672,12.8813127],[77.5332915,12.881275],[77.5333047,12.881271],[77.5333505,12.8812572],[77.5334005,12.881242],[77.5334198,12.8812334],[77.5334324,12.8812278],[77.5334585,12.8812161],[77.5334701,12.8812109],[77.5334713,12.8811142],[77.5334716,12.8810896],[77.5334779,12.8809512],[77.533501,12.8804516],[77.5335903,12.8802346],[77.5336699,12.880041],[77.5339711,12.8799923],[77.5340799,12.8799747],[77.5340856,12.8799959],[77.5341126,12.8800979],[77.5341271,12.8800973],[77.5342475,12.8800923],[77.5343173,12.8800894],[77.5343564,12.8800878],[77.5345752,12.8799391],[77.534581,12.8799675],[77.5346198,12.880158],[77.534635,12.8801548],[77.5357065,12.8799257],[77.536321,12.8795537],[77.5368598,12.8790779],[77.5368698,12.8791054],[77.5369585,12.8793488],[77.5373023,12.8799036],[77.537474,12.8801901],[77.5374757,12.8801929],[77.5375184,12.8802641],[77.5375931,12.8806108],[77.5375731,12.8819616],[77.5375697,12.8824555],[77.5375695,12.8824946],[77.537569,12.8825553],[77.537564,12.8832794],[77.536899,12.8837861],[77.5366019,12.8839933],[77.5361497,12.8843371],[77.5358462,12.8845576],[77.5357279,12.8845847],[77.5357151,12.8845877],[77.5340212,12.8849765],[77.5339834,12.8849851],[77.5331099,12.8851642],[77.5329253,12.885202],[77.5325802,12.8852987],[77.5327007,12.8859858],[77.5327821,12.8864498],[77.5330937,12.8872605],[77.5331069,12.8872627],[77.5331608,12.8872716],[77.5343577,12.8874692],[77.5347364,12.8865087],[77.5351323,12.8863847],[77.5357745,12.8862403],[77.5362675,12.8860503],[77.5373833,12.8856815],[77.5378306,12.8853993],[77.5382915,12.8849894],[77.5385754,12.884658],[77.5388961,12.8841546],[77.5392668,12.883365],[77.5394038,12.882919],[77.5394363,12.8828134],[77.5394391,12.8827906],[77.5395001,12.8822966],[77.539562,12.8820506],[77.5396362,12.881374],[77.540262,12.8813579],[77.5407297,12.8813551],[77.5408891,12.8813708],[77.5413164,12.8812256],[77.541832,12.8811383],[77.5419756,12.881114],[77.5427503,12.8809991],[77.5428833,12.8811627],[77.5431092,12.8814405],[77.5431996,12.8815498],[77.5432588,12.8814825],[77.5433198,12.8813977],[77.5434519,12.8811915],[77.5434822,12.8811455],[77.5435796,12.8809987],[77.5436376,12.8809158],[77.5437351,12.8807766],[77.5437949,12.8806911],[77.5438079,12.8806725],[77.5439112,12.8805214],[77.5440368,12.8803412],[77.5440392,12.8803381],[77.544074,12.8802929],[77.5441082,12.8802519],[77.5441514,12.8802042],[77.5442128,12.8801441],[77.5442991,12.8800759],[77.5443653,12.880032],[77.5444198,12.8799988],[77.5445257,12.8799504],[77.5446845,12.8798887],[77.5448984,12.879813],[77.5452427,12.8797039],[77.5456355,12.8795865],[77.5456871,12.8797192],[77.5457674,12.8799161],[77.5458597,12.8801425],[77.5459593,12.8803867],[77.54598,12.8804377],[77.5461735,12.8808904],[77.5461872,12.8809225],[77.5461935,12.880937],[77.5462588,12.8810899],[77.5463153,12.8812337],[77.5464661,12.8816174],[77.5465118,12.8817336],[77.5465256,12.8817688],[77.5465867,12.8819156],[77.5466256,12.88201],[77.5466272,12.882014],[77.546645,12.8820572],[77.5466635,12.882106],[77.5466923,12.8821816],[77.5467284,12.8822676],[77.5467828,12.8823935],[77.5467866,12.8824022],[77.5468531,12.882556],[77.5469113,12.8826803],[77.546934,12.882718],[77.546987,12.8828058],[77.5470399,12.8828816],[77.5470465,12.8828899],[77.5471152,12.8829753],[77.5471331,12.8829976],[77.5471826,12.8830441],[77.5471843,12.8830457],[77.5471912,12.8830522],[77.5472199,12.8830725],[77.5473023,12.8831222],[77.5473546,12.883146],[77.5473894,12.8831618],[77.5475307,12.8832136],[77.5476502,12.8832516],[77.5478349,12.8832983],[77.5482971,12.8834173],[77.5483449,12.8834281],[77.5484657,12.8834552],[77.5484801,12.8834584],[77.5485713,12.8834838],[77.5489757,12.8835768],[77.5491848,12.8836279],[77.549554,12.8837226],[77.5499762,12.8838414],[77.5500239,12.8838548],[77.5507306,12.8840529],[77.5508789,12.8840945],[77.5510681,12.8841475],[77.5520661,12.8844318],[77.5526284,12.884592],[77.5531486,12.8847476],[77.5534831,12.8848544],[77.5535423,12.8848733],[77.5536091,12.8848946],[77.5540234,12.8850313],[77.5548412,12.8852877],[77.5553435,12.8854522],[77.5554771,12.8854916],[77.555648,12.8855472],[77.5556721,12.8855545],[77.5556899,12.8855599],[77.5557663,12.8855829],[77.5558223,12.8856015],[77.5558518,12.8856113],[77.5559284,12.8856385],[77.555966,12.8856507],[77.5560194,12.8856687],[77.5562202,12.8857368],[77.5564215,12.8858049],[77.5564514,12.8858149],[77.5566018,12.885859],[77.5567043,12.8858899],[77.5568069,12.8859207],[77.5568938,12.8859504],[77.5570389,12.8859954],[77.5571013,12.8860148],[77.5571139,12.8860187],[77.5573769,12.8860968],[77.5575729,12.886155],[77.5576496,12.8861812],[77.5576633,12.8861859],[77.5577255,12.8862071],[77.5579778,12.8862932],[77.5580882,12.8863317],[77.5582329,12.8863822],[77.5582595,12.8863915],[77.5583325,12.8864169],[77.5583437,12.8864208],[77.5585545,12.8864944],[77.5585656,12.8864983],[77.5585852,12.8865051],[77.558793,12.8865602],[77.5588317,12.8865724],[77.5590098,12.8866283],[77.5595319,12.8867921],[77.5596216,12.8868244],[77.5598255,12.8868982],[77.5599356,12.8869462],[77.5601166,12.8870308],[77.5601198,12.8870325],[77.5601268,12.8870363],[77.5601455,12.8870463],[77.5601639,12.8870563],[77.5602595,12.8871078],[77.5604507,12.8872232],[77.5605756,12.8872986],[77.5606291,12.8873343],[77.5608115,12.8874557],[77.5608526,12.8874839],[77.5608759,12.8874999],[77.5609682,12.8875632],[77.5610931,12.8876489],[77.5611058,12.8876577],[77.5611432,12.8876833],[77.5613174,12.8878028],[77.5617568,12.8881412],[77.5617672,12.8881503],[77.5621502,12.8884828],[77.5622813,12.8885958],[77.5625478,12.8888256],[77.5627011,12.8889619],[77.5628983,12.8891371],[77.5629403,12.8891744],[77.5629457,12.8891792],[77.56306,12.8892803],[77.5634633,12.8896359],[77.5634634,12.889636],[77.5634972,12.8896658],[77.5635145,12.8896319],[77.5635827,12.8894981],[77.5639672,12.8887436],[77.5639978,12.8886842],[77.564187,12.8883174],[77.5641967,12.8882986],[77.5642795,12.8881379],[77.5642929,12.8881119],[77.5645943,12.8875275],[77.5646224,12.8874875],[77.5646776,12.8874217],[77.5646927,12.8874077],[77.5647259,12.8873769],[77.5648616,12.8872706],[77.5650492,12.8871382],[77.5651733,12.8870611],[77.5653707,12.8869601],[77.5654447,12.886924],[77.5654447,12.8869239],[77.5655104,12.8868926],[77.5656133,12.8868469],[77.5656662,12.8868261],[77.5656797,12.8868208],[77.5657897,12.8867775],[77.5660666,12.8866648],[77.5660833,12.886658],[77.5660889,12.8866554],[77.566099,12.8866505],[77.5661377,12.8866318],[77.5661372,12.8866316],[77.5661842,12.8866076],[77.5662377,12.8865778],[77.566252,12.8865699],[77.5662698,12.8865573],[77.5663363,12.8865105],[77.5663644,12.886488],[77.5664045,12.8864508],[77.5664393,12.8864077],[77.5665183,12.8862969],[77.5665828,12.8861672],[77.56664,12.8860358],[77.5668058,12.8856171],[77.5668363,12.8855451],[77.5668564,12.8854862],[77.5668567,12.8854853],[77.5668653,12.88546],[77.5668715,12.8854121],[77.5668743,12.8853085],[77.5668746,12.8852993],[77.5668747,12.885295],[77.5668756,12.8852646],[77.5668765,12.8852304],[77.5668752,12.8851204],[77.5668752,12.8851168],[77.5668748,12.8850833],[77.5668604,12.8849312],[77.5668562,12.8849045],[77.5668558,12.8849001],[77.5668395,12.8847933],[77.5667643,12.8843732],[77.5667307,12.8842036],[77.5667301,12.8842006],[77.5667111,12.8841048],[77.5666779,12.8839643],[77.5666614,12.883915],[77.5666283,12.8838354],[77.5666055,12.8837805],[77.5665787,12.8837262],[77.5665655,12.8837068],[77.5664859,12.8835893],[77.5663772,12.883463],[77.5663235,12.8834007],[77.5662731,12.8833352],[77.5662453,12.8832991],[77.5662298,12.8832646],[77.5662114,12.8832239],[77.5661824,12.8831596],[77.566162,12.8831003],[77.5661028,12.8828205],[77.5660868,12.8827473],[77.5660703,12.8826717],[77.5660016,12.8823571],[77.5659913,12.8822531],[77.5660018,12.8821595],[77.5660179,12.8820943],[77.5660738,12.8819993],[77.5661343,12.8819158],[77.5661969,12.8818461],[77.5662277,12.8818133],[77.5663857,12.8817136],[77.5664514,12.881681],[77.5665858,12.8816245],[77.5666653,12.881591],[77.566728,12.8815646],[77.5667883,12.8815378],[77.5668534,12.8814753],[77.5668563,12.8814711],[77.5668592,12.881467],[77.5669063,12.8813998],[77.5669369,12.8813562],[77.5669455,12.8813305],[77.5670268,12.8810871],[77.5670541,12.8809412],[77.5670866,12.8807669],[77.5671124,12.8805802],[77.5671511,12.8803003],[77.5671714,12.8801565],[77.5671856,12.8800762],[77.5671932,12.8800323],[77.5673023,12.879734],[77.5673251,12.8796718],[77.5673418,12.8795979],[77.5673472,12.8795462],[77.5673518,12.8794393],[77.5673515,12.8794279],[77.5673507,12.8793838]]]}},{"type":"Feature","properties":{"KGISSub_DivisionID":29,"Sub_DivisionName":"NW2"},"geometry":{"type":"Polygon","coordinates":[[[77.5174375,13.0408151],[77.517932,13.0403578],[77.518306,13.0400675],[77.5183641,13.0400224],[77.5183708,13.0400172],[77.5184629,13.0399457],[77.5197903,13.0391889],[77.5214799,13.0382626],[77.5218453,13.0380622],[77.5230611,13.0373952],[77.5247009,13.0364958],[77.5247687,13.0364586],[77.5261472,13.0356995],[77.5261828,13.0356799],[77.5265303,13.0355313],[77.5265745,13.0355167],[77.5268742,13.0354181],[77.5269428,13.0353955],[77.5270183,13.0353751],[77.527082,13.035358],[77.5273236,13.0352928],[77.5280786,13.0351211],[77.5282259,13.0350876],[77.528734,13.0349643],[77.5295976,13.0347334],[77.529715,13.0346899],[77.5299097,13.0346176],[77.5304167,13.0343904],[77.5304972,13.034349],[77.5309613,13.0340849],[77.5322848,13.0332851],[77.5337962,13.0323774],[77.5345972,13.0319149],[77.5349359,13.0317194],[77.5361289,13.0310306],[77.5372317,13.030423],[77.5372123,13.0303897],[77.537212,13.0303892],[77.5367945,13.0296733],[77.5365919,13.0293261],[77.5364771,13.0291254],[77.5359639,13.0282279],[77.5354728,13.0273675],[77.5350634,13.0266983],[77.5345864,13.0258522],[77.5339885,13.0247944],[77.5334971,13.0239161],[77.5327833,13.0226273],[77.5326026,13.0221999],[77.5325606,13.0220943],[77.5325022,13.0219124],[77.5324283,13.0216453],[77.5324218,13.0216206],[77.5324073,13.0215649],[77.532338,13.0212587],[77.5323148,13.0211386],[77.5323,13.0210616],[77.5322918,13.0210195],[77.5322605,13.020857],[77.532254,13.0208234],[77.5322513,13.0208093],[77.5321137,13.0200639],[77.5321045,13.0200142],[77.5320959,13.0199675],[77.5320741,13.019848],[77.5320058,13.0194746],[77.5319802,13.0193263],[77.5319751,13.0192968],[77.531964,13.0192326],[77.53195,13.0191514],[77.5319238,13.0190116],[77.531889,13.0188669],[77.5318332,13.0186194],[77.5318325,13.0186164],[77.5318239,13.0185821],[77.5317953,13.0184678],[77.5317373,13.0182385],[77.5317334,13.0182233],[77.5316603,13.0179746],[77.5316297,13.0178706],[77.5315635,13.017644],[77.5315526,13.0176067],[77.5315051,13.017444],[77.5314565,13.0172891],[77.531423,13.0171826],[77.5314128,13.0171501],[77.5314055,13.0171271],[77.5313764,13.017022],[77.5313527,13.0169366],[77.5313049,13.0167503],[77.531278,13.0166454],[77.5312256,13.0164786],[77.5312112,13.0164315],[77.531207,13.016418],[77.5311879,13.0163555],[77.5311334,13.0161763],[77.5311163,13.0161142],[77.5311019,13.016062],[77.5310583,13.0159315],[77.5310346,13.0158664],[77.5310259,13.0158426],[77.5309969,13.0157633],[77.5309415,13.0156077],[77.5309258,13.0155659],[77.5308809,13.0154459],[77.5308323,13.0153094],[77.5307984,13.0152138],[77.530761,13.0151128],[77.5307067,13.0149656],[77.5306784,13.0148907],[77.5306218,13.0147405],[77.5305853,13.0146611],[77.5305606,13.0146075],[77.530509,13.0144953],[77.5304281,13.0143109],[77.5304256,13.0143057],[77.5303528,13.0141535],[77.5302534,13.0139583],[77.5301596,13.0137949],[77.5300836,13.013662],[77.5300186,13.0135575],[77.5299708,13.0134808],[77.5298724,13.0133256],[77.5297671,13.0131595],[77.5293926,13.0126051],[77.5292988,13.0124744],[77.5291656,13.0122886],[77.5290925,13.0121808],[77.5290574,13.0121291],[77.5290415,13.0121056],[77.5289992,13.0120433],[77.5289854,13.0120246],[77.5289306,13.0119497],[77.5289261,13.0119552],[77.5288781,13.0120138],[77.528658,13.0122827],[77.5286573,13.0122903],[77.5286565,13.0122982],[77.5286531,13.012333],[77.5286944,13.0124403],[77.5280745,13.0127696],[77.5280319,13.0128041],[77.5280766,13.0136613],[77.5280787,13.0137024],[77.5281038,13.0141851],[77.5278335,13.0147288],[77.527836,13.0147341],[77.5279686,13.0150166],[77.5280572,13.0150881],[77.5283846,13.0154253],[77.5281965,13.0154976],[77.5277796,13.0155773],[77.5265473,13.0157513],[77.526437,13.0157613],[77.526146,13.0154804],[77.5247503,13.0156378],[77.5244185,13.0156729],[77.5235314,13.0155819],[77.5235302,13.0156021],[77.5222575,13.0154177],[77.522274,13.015339],[77.5222742,13.0153378],[77.522389,13.0147866],[77.5224607,13.0145768],[77.5226821,13.0139406],[77.5226038,13.0139146],[77.5215627,13.0135689],[77.5214335,13.0135317],[77.5209985,13.0134066],[77.5209527,13.0133934],[77.5210216,13.0131578],[77.5210248,13.0131479],[77.5211627,13.0127223],[77.5211972,13.0126581],[77.5212214,13.01263],[77.5211036,13.0125859],[77.5209884,13.0125521],[77.5209635,13.0125463],[77.5209583,13.0125446],[77.5209478,13.0125427],[77.5208298,13.0125153],[77.520796,13.0125107],[77.5207167,13.0124998],[77.5205714,13.0124867],[77.5203288,13.0124824],[77.5203017,13.0124853],[77.5200635,13.0125116],[77.5200592,13.0125121],[77.5200278,13.012527],[77.5199999,13.0125402],[77.5200001,13.012486],[77.5200025,13.0117781],[77.5199475,13.0115396],[77.5198587,13.0113152],[77.5198561,13.0113087],[77.5197213,13.010968],[77.5196448,13.0107847],[77.519555,13.0108052],[77.5193341,13.0108827],[77.5190829,13.0109266],[77.5191068,13.0106506],[77.5190639,13.0105052],[77.5188795,13.0103468],[77.5187758,13.0102163],[77.5185065,13.0096213],[77.5182506,13.0091457],[77.5180502,13.0088797],[77.5175885,13.0085211],[77.5172888,13.0082993],[77.5173606,13.0079209],[77.5174085,13.00753],[77.5174109,13.0075102],[77.517455,13.0071504],[77.5173785,13.0068386],[77.5173767,13.0068312],[77.5173357,13.0066637],[77.517354,13.0063762],[77.5173528,13.0063548],[77.517355,13.0063529],[77.5177049,13.0060506],[77.5177029,13.0059158],[77.5177029,13.0059129],[77.5177089,13.004569],[77.51771,13.0045529],[77.5177187,13.0044349],[77.5177716,13.0037168],[77.5182923,13.0028869],[77.5181763,13.0013921],[77.5182949,13.0012683],[77.518946,13.0005206],[77.5194047,12.999833],[77.5193902,12.9992911],[77.5188698,12.9988275],[77.5187435,12.9983865],[77.5180368,12.9981908],[77.5180346,12.9981902],[77.5169346,12.9990129],[77.5169337,12.9990136],[77.5162247,12.9988053],[77.516217,12.9983997],[77.5139856,12.9988367],[77.5139517,12.9985406],[77.5138277,12.9975939],[77.5121527,12.99783],[77.5110221,12.9979938],[77.5110191,12.9979942],[77.5109986,12.9978335],[77.5109403,12.9973781],[77.5105678,12.9974736],[77.5100361,12.9975787],[77.510016,12.9975805],[77.5098371,12.9976077],[77.5095814,12.9976781],[77.5090766,12.9978332],[77.5084448,12.9980316],[77.5083412,12.998068],[77.5074445,12.9983824],[77.5073176,12.9984283],[77.5072617,12.9984392],[77.5072544,12.9984901],[77.5072404,12.9985467],[77.5071556,12.9985841],[77.506343,12.9988187],[77.5059779,12.9989259],[77.5060399,12.9992171],[77.5061077,12.9995819],[77.5061289,12.9996931],[77.5061526,12.9998176],[77.5061655,12.9998344],[77.5062191,12.9999042],[77.5063517,13.0000525],[77.5063892,13.0001324],[77.5065069,13.0009209],[77.5065888,13.0013538],[77.5066712,13.0017888],[77.5067668,13.0022512],[77.5068658,13.0027071],[77.5069462,13.0030726],[77.5071087,13.0037541],[77.5072223,13.0042305],[77.5068827,13.0042575],[77.5063879,13.0043211],[77.5060773,13.0043528],[77.5059458,13.0043684],[77.5058341,13.0043908],[77.5054459,13.0044743],[77.5053428,13.0044981],[77.5052533,13.0045358],[77.5051649,13.004573],[77.5051487,13.0045799],[77.5049994,13.0046428],[77.5050028,13.004662],[77.5050421,13.0049065],[77.5051326,13.0054633],[77.5052036,13.0058909],[77.5052923,13.0064033],[77.5053649,13.0067551],[77.5054197,13.0070209],[77.5055011,13.0074301],[77.5055283,13.0075602],[77.505586,13.0078363],[77.5056296,13.0080197],[77.5056796,13.0082463],[77.505757,13.0086615],[77.5058247,13.0089644],[77.5059163,13.0093371],[77.506002,13.0096164],[77.5060646,13.0097709],[77.5061649,13.009906],[77.5061894,13.0099388],[77.505148,13.0098345],[77.5038941,13.0097084],[77.503894,13.0097084],[77.5030363,13.0096225],[77.5030359,13.0096224],[77.5027656,13.0095967],[77.5023693,13.009559],[77.5022992,13.0095523],[77.5022816,13.0095509],[77.5012574,13.0094539],[77.501256,13.0094538],[77.5012255,13.0094509],[77.5011302,13.0094419],[77.5008787,13.0082251],[77.5008282,13.0079491],[77.500827,13.0079427],[77.5007907,13.0079767],[77.500644,13.008074],[77.5005346,13.0081389],[77.5004882,13.0081624],[77.5003188,13.0082414],[77.5002265,13.0082768],[77.5002228,13.0082782],[77.5001161,13.008319],[77.4999297,13.0083741],[77.4998223,13.0084024],[77.499545,13.0084817],[77.4995081,13.0084922],[77.4992691,13.008564],[77.4992471,13.008572],[77.4992384,13.0085751],[77.4989491,13.0083608],[77.498916,13.0083329],[77.498182,13.007713],[77.498066,13.0076197],[77.4979944,13.0074478],[77.4977172,13.0068301],[77.4973119,13.0059269],[77.4970719,13.005635],[77.4961275,13.004486],[77.4960805,13.0044219],[77.4955991,13.0037646],[77.4949533,13.0027305],[77.4948185,13.0025754],[77.4945392,13.0022542],[77.4943172,13.0019989],[77.4939208,13.0015256],[77.4937473,13.0013184],[77.4932876,13.0007695],[77.4932509,13.0007724],[77.4922127,13.0008538],[77.4920487,13.0006754],[77.4917564,13.0003573],[77.4914674,13.0000568],[77.491331,12.9999154],[77.4911545,12.9997324],[77.491099,12.9996855],[77.4909232,12.9995512],[77.490713,12.9994104],[77.4905978,12.9993373],[77.4903939,12.9992048],[77.4903443,12.9991725],[77.4901925,12.9990686],[77.4900545,12.9989754],[77.4897155,12.9987481],[77.489391,12.9985502],[77.4892584,12.9984827],[77.4891455,12.9984253],[77.4891555,12.9984087],[77.4888707,12.9982041],[77.4888376,12.9981939],[77.4887708,12.9981209],[77.4886134,12.9980278],[77.4875869,12.9977455],[77.4866806,12.9975256],[77.4860625,12.9974114],[77.486074,12.9975413],[77.4860267,12.9975108],[77.4859529,12.9974857],[77.4856124,12.9974705],[77.4849739,12.9974458],[77.484972,12.9974451],[77.4833104,12.9974064],[77.4829276,12.99735],[77.4825982,12.9973036],[77.4824624,12.9972858],[77.4823652,12.9972716],[77.4820078,12.9972371],[77.4819654,12.9972459],[77.4818982,12.9972598],[77.4816071,12.9973203],[77.4814003,12.9973828],[77.481368,12.9974151],[77.4799614,12.9979517],[77.4799479,12.9979569],[77.4786109,12.9984803],[77.4772886,12.9987755],[77.4764816,12.9989288],[77.4756674,12.9990585],[77.4751111,12.9991258],[77.4748574,12.9991468],[77.474315,12.9992059],[77.4743159,12.9992184],[77.4743685,12.9999072],[77.4744068,13.0004082],[77.4744304,13.0004633],[77.4744559,13.0004839],[77.4745202,13.0005356],[77.4747807,13.0007453],[77.4748488,13.0011079],[77.4752661,13.0025569],[77.4752702,13.002579],[77.4754195,13.0033924],[77.4751941,13.0034262],[77.4751713,13.004374],[77.4749989,13.0048652],[77.4750374,13.0050178],[77.4752259,13.0057337],[77.4752943,13.0059775],[77.4754055,13.0063743],[77.475384,13.0063829],[77.4753823,13.0063836],[77.4745563,13.006716],[77.4735608,13.0070346],[77.4735395,13.0069697],[77.4732714,13.0070601],[77.4731797,13.0070805],[77.4729598,13.0071246],[77.4729045,13.0071363],[77.472861,13.0071702],[77.4728447,13.007199],[77.4728469,13.0072662],[77.4728469,13.0072663],[77.4728485,13.0073185],[77.4729501,13.0078818],[77.4730395,13.0083192],[77.4731319,13.0088259],[77.473132,13.008826],[77.4734445,13.008765],[77.4734446,13.008765],[77.4735327,13.0087478],[77.4736798,13.0091483],[77.4736891,13.0091736],[77.4737035,13.0091868],[77.4741482,13.0095972],[77.4743489,13.0102887],[77.474743,13.0112487],[77.4748394,13.0114651],[77.4749038,13.0116096],[77.4752387,13.0130189],[77.4752502,13.0130675],[77.475303,13.0130679],[77.4753209,13.0130716],[77.475361,13.0130925],[77.4753807,13.0131132],[77.4753923,13.0132496],[77.4753928,13.013255],[77.4754006,13.0133464],[77.475474,13.0133425],[77.4754814,13.0133421],[77.4756387,13.0135057],[77.4769528,13.0148716],[77.4770874,13.0155084],[77.4771172,13.0156495],[77.4771639,13.0160462],[77.4771745,13.0160944],[77.4774043,13.0173872],[77.4779068,13.0182595],[77.47804,13.0185013],[77.4780912,13.0185178],[77.4780918,13.018518],[77.4781051,13.0185369],[77.4781078,13.0185503],[77.4781159,13.0185911],[77.4782081,13.0188792],[77.4782815,13.0191134],[77.4783262,13.0193178],[77.4783597,13.0195827],[77.4783806,13.0197333],[77.4784014,13.019872],[77.4784558,13.0202403],[77.4784878,13.0203524],[77.4786563,13.021044],[77.4788286,13.0220117],[77.4788169,13.0220338],[77.4784653,13.0221421],[77.4784447,13.0221552],[77.4784357,13.0221609],[77.4784221,13.0221696],[77.4784063,13.0222056],[77.4784173,13.0226027],[77.4783915,13.0234528],[77.4783884,13.023576],[77.4784034,13.0238446],[77.4784235,13.0240915],[77.4784389,13.0242809],[77.4784417,13.0243155],[77.478465,13.024541],[77.4784778,13.0246642],[77.4784952,13.0248322],[77.4785313,13.0252013],[77.4786001,13.0259436],[77.4785657,13.0262892],[77.4791768,13.0284495],[77.4794451,13.0291987],[77.4795786,13.0292326],[77.4795942,13.0292333],[77.4795948,13.0292333],[77.4796375,13.0292353],[77.4799735,13.0292507],[77.4802302,13.0292625],[77.4803936,13.02927],[77.480761,13.0292869],[77.4813676,13.0293148],[77.4815124,13.0293214],[77.4818167,13.0293534],[77.4818956,13.0293617],[77.4822542,13.0293623],[77.4824882,13.0293573],[77.4826343,13.0293543],[77.4827404,13.029352],[77.4828745,13.0293509],[77.4830043,13.0293498],[77.4831339,13.0293487],[77.4833552,13.0293528],[77.4834016,13.0293617],[77.4834174,13.0293647],[77.4834832,13.0293772],[77.4835452,13.029395],[77.4835901,13.0294052],[77.4836324,13.0294106],[77.4836531,13.0294113],[77.4836978,13.0294067],[77.4838141,13.029393],[77.4840072,13.0293667],[77.4841824,13.0293428],[77.4845147,13.0292966],[77.4845695,13.029289],[77.4846728,13.0292692],[77.4849264,13.0292206],[77.4851485,13.0291781],[77.4851794,13.0291721],[77.4855742,13.0290965],[77.4860963,13.0289881],[77.4863263,13.0289366],[77.4863376,13.028934],[77.4871624,13.0287625],[77.4876453,13.0286672],[77.4876974,13.0286565],[77.488416,13.0285098],[77.4884418,13.0285045],[77.4888621,13.0284186],[77.4895897,13.028287],[77.4897666,13.0282561],[77.4898623,13.0282394],[77.4900435,13.0282078],[77.4905244,13.0281194],[77.4909202,13.0280466],[77.4912596,13.0279823],[77.4915348,13.0279302],[77.4916197,13.0279158],[77.4917104,13.0279005],[77.4920748,13.0278576],[77.4922779,13.0276106],[77.4924054,13.0274593],[77.4926952,13.0271155],[77.4927037,13.0268305],[77.4928143,13.0263221],[77.4929298,13.0258155],[77.493049,13.0258351],[77.4932169,13.0252682],[77.4933685,13.0250181],[77.4935941,13.024723],[77.4940775,13.0232179],[77.4943664,13.0230679],[77.4947649,13.022861],[77.4951872,13.0226736],[77.4954546,13.0225549],[77.4955432,13.0225156],[77.4955447,13.0225153],[77.4953997,13.0228584],[77.4950255,13.0232343],[77.4950009,13.0232841],[77.4949941,13.023339],[77.4949976,13.0233666],[77.4950561,13.0234761],[77.4950927,13.0236472],[77.4951456,13.0238944],[77.4952011,13.0241537],[77.4952549,13.0243847],[77.4953232,13.0246515],[77.4953626,13.0248051],[77.4954221,13.0250118],[77.4954404,13.0250754],[77.4955755,13.025545],[77.4956674,13.0258764],[77.4956934,13.0259702],[77.495713,13.0260412],[77.4957788,13.0262786],[77.4958659,13.0265792],[77.4958714,13.0265981],[77.4958725,13.0266021],[77.495995,13.0270856],[77.4960336,13.0272329],[77.4962294,13.0279929],[77.4962369,13.0280217],[77.4962906,13.028235],[77.4966597,13.0295639],[77.4968785,13.0303266],[77.4970494,13.0309254],[77.497092,13.0310745],[77.497196,13.0314386],[77.4972504,13.0316363],[77.4975091,13.0319235],[77.4977537,13.0322377],[77.4977706,13.0322513],[77.4978446,13.0323255],[77.497978,13.0324595],[77.4983292,13.0330301],[77.4983312,13.0330332],[77.4984634,13.0332702],[77.4986949,13.0336782],[77.4987941,13.0336368],[77.4992266,13.0344202],[77.4992363,13.0344377],[77.4992324,13.0344594],[77.4992283,13.0344819],[77.4993267,13.0351159],[77.4993664,13.0353715],[77.499361,13.0353729],[77.4986985,13.035537],[77.4983556,13.0355405],[77.4983147,13.0356151],[77.4982331,13.0357644],[77.4982659,13.036069],[77.498401,13.0362786],[77.4983653,13.0363904],[77.4983487,13.0364419],[77.4982547,13.0364609],[77.4982677,13.0365388],[77.4982685,13.0365459],[77.4982898,13.0367289],[77.4983268,13.036922],[77.4981982,13.0368954],[77.4979713,13.0375938],[77.4978139,13.0376192],[77.4977293,13.0376328],[77.497729,13.0376328],[77.4977065,13.0376364],[77.4977165,13.0378318],[77.4977165,13.0378327],[77.4977333,13.0379982],[77.4977441,13.0381041],[77.4977441,13.0381045],[77.4973414,13.0381661],[77.4967083,13.0382627],[77.4967023,13.0382637],[77.4964421,13.0387871],[77.4963719,13.0389282],[77.4962227,13.0392456],[77.4962121,13.0392761],[77.4962016,13.0393061],[77.4961828,13.03936],[77.496178,13.0393926],[77.4961666,13.0394696],[77.4961446,13.0396922],[77.4961393,13.039753],[77.4961382,13.039766],[77.4961398,13.0398708],[77.4961414,13.0399725],[77.4961415,13.0399755],[77.4961484,13.0402615],[77.4961495,13.0402898],[77.4961504,13.0403109],[77.4961612,13.0405669],[77.4961612,13.040568],[77.4961722,13.0405837],[77.4962614,13.0407113],[77.496282,13.0409588],[77.4963351,13.0409917],[77.4963536,13.0410032],[77.4964686,13.0409732],[77.4964493,13.0414259],[77.4962793,13.0415691],[77.4962642,13.0415728],[77.4957855,13.0416891],[77.4957911,13.0417925],[77.4958525,13.042906],[77.495938,13.0441015],[77.4959532,13.0443134],[77.495951,13.0443607],[77.4957451,13.044463],[77.4957798,13.0450822],[77.4958654,13.0452712],[77.4959702,13.0455792],[77.496079,13.0457725],[77.4961064,13.0458806],[77.4961353,13.0459941],[77.4962257,13.0463505],[77.4963485,13.0468343],[77.4964409,13.0474634],[77.4964591,13.0475872],[77.4966025,13.0485635],[77.4966484,13.0488796],[77.4966514,13.048966],[77.4966746,13.0489577],[77.501198,13.0473454],[77.5052015,13.0459367],[77.5066704,13.0455226],[77.5069341,13.0454482],[77.5073108,13.045342],[77.5079617,13.0451484],[77.5086466,13.0448912],[77.5092598,13.0445897],[77.5107044,13.043837],[77.5113344,13.043527],[77.5121733,13.0432084],[77.5122465,13.0431842],[77.5144771,13.0424446],[77.5154378,13.042123],[77.5160894,13.0418541],[77.5166746,13.0414859],[77.5174375,13.0408151]]]}},{"type":"Feature","properties":{"KGISSub_DivisionID":30,"Sub_DivisionName":"E21"},"geometry":{"type":"Polygon","coordinates":[[[77.6368692,13.0439075],[77.6369336,13.0438972],[77.6370155,13.0439248],[77.6371495,13.04397],[77.6380783,13.0442829],[77.6387082,13.044513],[77.6389979,13.0446467],[77.639874,13.0445196],[77.6401468,13.04448],[77.6402264,13.0445017],[77.6408083,13.0444721],[77.6410936,13.0443997],[77.6411981,13.0443876],[77.6413574,13.0443686],[77.6418134,13.0443295],[77.6433044,13.0440227],[77.6441,13.0439121],[77.6445671,13.0433803],[77.6449038,13.0429757],[77.6450059,13.042853],[77.6449666,13.0427787],[77.644303,13.0418548],[77.6440367,13.041483],[77.643738,13.0410659],[77.6437131,13.0410319],[77.6431667,13.0402981],[77.6428192,13.0398369],[77.6427258,13.039713],[77.6425748,13.0395099],[77.6425226,13.0394396],[77.6422732,13.039104],[77.6420105,13.0387455],[77.6417745,13.0384253],[77.6414577,13.0379955],[77.6414594,13.0380004],[77.641413,13.0379378],[77.6414048,13.0378412],[77.6413954,13.0377313],[77.641385,13.0376767],[77.6413731,13.0376146],[77.6413598,13.0375449],[77.6413398,13.0374731],[77.6413186,13.0373975],[77.6413015,13.0373361],[77.6412676,13.0372294],[77.6412431,13.0371524],[77.641217,13.0370951],[77.6412169,13.037095],[77.6411855,13.0370514],[77.6411813,13.0370454],[77.6411408,13.0370082],[77.6411151,13.0369833],[77.6411104,13.0369801],[77.6411012,13.0369716],[77.6409504,13.0368708],[77.6409367,13.0368625],[77.6407452,13.0367445],[77.6405842,13.0366429],[77.6405353,13.0366111],[77.6405117,13.0365952],[77.6403076,13.0364334],[77.6402642,13.0363965],[77.6401659,13.0362789],[77.640155,13.0362646],[77.6401457,13.0362505],[77.6401251,13.0362169],[77.6399806,13.0359818],[77.6398672,13.0357766],[77.6398412,13.0357344],[77.6398021,13.0356637],[77.639753,13.0355751],[77.6396136,13.0353631],[77.6393812,13.0350197],[77.6391973,13.0347458],[77.6391699,13.0347075],[77.6390775,13.0345709],[77.639038,13.0345232],[77.638942,13.0344071],[77.6389365,13.0344004],[77.6388334,13.0342897],[77.6388215,13.034278],[77.6386794,13.0341378],[77.6386391,13.0340981],[77.6385091,13.0339735],[77.6381944,13.03367],[77.6379527,13.033418],[77.6378977,13.0333652],[77.6378253,13.0332993],[77.6377427,13.0332164],[77.6376261,13.0331183],[77.6371652,13.0327304],[77.6371578,13.0327242],[77.6367264,13.0323981],[77.6366325,13.0323183],[77.6364419,13.0321471],[77.6363977,13.0321073],[77.6362211,13.0319298],[77.6361934,13.031902],[77.6360531,13.0317436],[77.6360882,13.0317256],[77.636107,13.031716],[77.6363523,13.0315872],[77.6364066,13.0315587],[77.6366108,13.0314797],[77.6368095,13.031403],[77.6370082,13.0313261],[77.6375453,13.0311356],[77.6375685,13.0311279],[77.6376114,13.0311121],[77.6376571,13.0310953],[77.6376936,13.0310819],[77.6377237,13.0310695],[77.6378993,13.0309966],[77.6379023,13.0309953],[77.6379152,13.0309893],[77.6379972,13.030951],[77.6381247,13.0308842],[77.6382089,13.0308401],[77.6382189,13.0308349],[77.638334,13.0307636],[77.6384425,13.0306964],[77.6384761,13.0306727],[77.6385143,13.030656],[77.6388008,13.0305783],[77.6389872,13.0305276],[77.6390887,13.0305018],[77.6391357,13.0304898],[77.6390954,13.0302792],[77.6390052,13.0298081],[77.6389989,13.029767],[77.638442,13.02982],[77.6381796,13.028237],[77.6381629,13.0281358],[77.6381952,13.0281388],[77.6383827,13.0281556],[77.6384789,13.0281541],[77.6383842,13.0275389],[77.638397,13.0275119],[77.63845,13.0274987],[77.6385232,13.0274848],[77.6385392,13.0274458],[77.638499,13.0270764],[77.6384802,13.0269044],[77.6384797,13.0268313],[77.6384792,13.026769],[77.6386039,13.0267495],[77.6386088,13.0267487],[77.6394815,13.0266123],[77.6394703,13.0264365],[77.6394698,13.0264276],[77.639457,13.0262266],[77.6398792,13.0261306],[77.6400554,13.026064],[77.6402153,13.0259959],[77.6412089,13.0255729],[77.6417419,13.0253494],[77.6421115,13.025185],[77.6429978,13.0247982],[77.6442371,13.0242468],[77.6449051,13.0239638],[77.6452509,13.023811],[77.6454665,13.0237157],[77.6455248,13.023914],[77.6467938,13.0234926],[77.6468895,13.0234608],[77.6479006,13.0230101],[77.6481543,13.0229073],[77.6485286,13.0227992],[77.6490716,13.0226522],[77.6494284,13.0225583],[77.6498215,13.0224333],[77.6506741,13.0221715],[77.6506582,13.0221209],[77.6510056,13.0220035],[77.6513078,13.0218654],[77.6519214,13.0215848],[77.6522933,13.0214162],[77.6524251,13.0213565],[77.6525197,13.0212782],[77.6530533,13.0208367],[77.6533318,13.0202741],[77.6544972,13.0197542],[77.6547299,13.0196406],[77.6554598,13.0193138],[77.6556741,13.0191784],[77.6555869,13.0190832],[77.6555868,13.019083],[77.6555629,13.019057],[77.6555627,13.0190566],[77.6555577,13.0190478],[77.6554387,13.0188516],[77.6553951,13.0188408],[77.6553312,13.018825],[77.655219,13.0187973],[77.6552808,13.0186905],[77.6552834,13.0186317],[77.6552558,13.0185493],[77.6552539,13.0185462],[77.6551318,13.0182042],[77.6550748,13.0180449],[77.6549961,13.0177994],[77.6549798,13.0176717],[77.6549817,13.0176243],[77.6549818,13.0176228],[77.6549818,13.0176227],[77.654984,13.0175691],[77.6537305,13.0172431],[77.6535505,13.0171962],[77.6530836,13.0170604],[77.6529814,13.0170599],[77.6528714,13.0171115],[77.6525967,13.0172912],[77.6524158,13.0174464],[77.6521567,13.0176733],[77.652155,13.0176723],[77.6521544,13.0176728],[77.6521483,13.0176781],[77.651818,13.0174991],[77.6517757,13.0174657],[77.6514431,13.0172028],[77.6508311,13.0166011],[77.6508011,13.0165717],[77.6507772,13.0165425],[77.6506537,13.016408],[77.6502307,13.0158763],[77.6496133,13.0150389],[77.6494149,13.0147748],[77.6492298,13.0145283],[77.6491832,13.0144628],[77.6489545,13.0141531],[77.6488668,13.0140183],[77.6485649,13.0135548],[77.6485508,13.0135331],[77.6482489,13.0131225],[77.6482488,13.0131224],[77.6481955,13.0130499],[77.6479002,13.0126482],[77.6478794,13.0124451],[77.6478738,13.0123895],[77.6478701,13.0123532],[77.6474993,13.0121647],[77.6472188,13.0120228],[77.6469907,13.0118811],[77.6467158,13.0117277],[77.6465784,13.0116251],[77.6460648,13.0112412],[77.6460496,13.0112298],[77.6443589,13.0099196],[77.6443545,13.0099161],[77.6443544,13.009916],[77.6443507,13.0099132],[77.6443255,13.0103461],[77.6443737,13.0110964],[77.6444022,13.0115347],[77.6444019,13.0115347],[77.644384,13.0115377],[77.6442766,13.0115558],[77.6440966,13.0115602],[77.6440477,13.0115614],[77.6429504,13.0115735],[77.64293,13.0115737],[77.6428954,13.0115741],[77.6428911,13.0115741],[77.6428125,13.011575],[77.642602,13.0126283],[77.642468,13.0133174],[77.6424537,13.0134091],[77.6424242,13.0135975],[77.6424439,13.0139639],[77.6424019,13.01397],[77.6420265,13.0140309],[77.6418315,13.0140527],[77.6418127,13.0140548],[77.6417578,13.0140609],[77.6414553,13.0140865],[77.6414424,13.0140873],[77.6412212,13.0141008],[77.6411448,13.0141054],[77.6410191,13.0141041],[77.6407719,13.0140936],[77.6405549,13.0140844],[77.6398638,13.014055],[77.6394455,13.0140379],[77.6383899,13.0140784],[77.6379167,13.0141297],[77.637415,13.0141851],[77.6369668,13.0142437],[77.6363848,13.0143486],[77.6358987,13.0144483],[77.635774,13.0144587],[77.635762,13.0144609],[77.63583,13.0147415],[77.6359163,13.015165],[77.6360266,13.0158061],[77.6360733,13.0160146],[77.6360945,13.0161092],[77.636119,13.0162184],[77.636236,13.0168113],[77.6363296,13.0172484],[77.636501,13.0180479],[77.6365662,13.0183401],[77.6366178,13.0185279],[77.63663,13.0185724],[77.636636,13.0185943],[77.636798,13.019184],[77.6369135,13.0196848],[77.6369327,13.0199401],[77.6369186,13.0202327],[77.6368994,13.0206378],[77.6369001,13.0207026],[77.6369009,13.0207656],[77.6369451,13.0210678],[77.6370094,13.0214235],[77.6371182,13.0220154],[77.6371931,13.0224455],[77.6372255,13.0227161],[77.6372255,13.022738],[77.6367163,13.0229181],[77.6365773,13.0229676],[77.6362987,13.0230631],[77.6361006,13.0231309],[77.6354819,13.0233428],[77.6348545,13.023536],[77.6345079,13.0236534],[77.6343289,13.0237147],[77.6341004,13.0237929],[77.6326005,13.0242877],[77.6319945,13.0244916],[77.6319334,13.0245122],[77.6317163,13.0245852],[77.6316949,13.0245924],[77.6314339,13.0246802],[77.6314304,13.0246705],[77.6314255,13.0246572],[77.6313651,13.0244936],[77.6312996,13.024316],[77.6311847,13.023827],[77.6310417,13.0232964],[77.6310239,13.0232555],[77.6309814,13.0231582],[77.6309216,13.0230243],[77.630674,13.0225779],[77.6306208,13.0225126],[77.6305267,13.0224339],[77.630439,13.0223809],[77.6301929,13.022258],[77.6300382,13.0221544],[77.6299595,13.0220794],[77.6299075,13.0219931],[77.6298848,13.0219322],[77.6298729,13.0218619],[77.6298762,13.0215665],[77.6298841,13.0210983],[77.6299127,13.0208256],[77.6299707,13.020579],[77.6300751,13.0202698],[77.6300827,13.020198],[77.6300868,13.0201596],[77.6300824,13.0199442],[77.6300044,13.0191187],[77.6299113,13.0182827],[77.6298051,13.0176344],[77.6297882,13.0175395],[77.6297166,13.0172546],[77.6296085,13.016962],[77.6295905,13.016918],[77.629586,13.0169068],[77.6295258,13.0167589],[77.6295036,13.016682],[77.6294661,13.0165992],[77.6294132,13.0164824],[77.629301,13.0162085],[77.6290982,13.0157751],[77.6289844,13.0155455],[77.6288551,13.0153031],[77.6288169,13.0152351],[77.628683,13.0150601],[77.6285249,13.0149115],[77.6284932,13.0148926],[77.6284219,13.0148501],[77.6283983,13.014836],[77.6283282,13.0147942],[77.6282715,13.0147626],[77.6280329,13.0146882],[77.6277835,13.0146341],[77.6276872,13.0146133],[77.6276539,13.014606],[77.6274684,13.0145662],[77.6274112,13.014554],[77.6274111,13.0145539],[77.6273198,13.0145343],[77.6273175,13.0145336],[77.6272721,13.0145184],[77.627091,13.014458],[77.6272392,13.0146648],[77.6272422,13.0146689],[77.6269368,13.0158106],[77.6268776,13.0158376],[77.6261531,13.0161671],[77.6259778,13.0162469],[77.6255468,13.0164429],[77.6252735,13.0165672],[77.6251214,13.0166364],[77.6251123,13.0166121],[77.6251014,13.0165825],[77.6247076,13.0167082],[77.624352,13.0166682],[77.6235996,13.0168861],[77.6231412,13.0170188],[77.6231076,13.0170285],[77.623055,13.0170437],[77.6230558,13.0170468],[77.6232393,13.0177231],[77.6232583,13.0177932],[77.6234012,13.0183202],[77.6234651,13.0190954],[77.6234838,13.0192229],[77.6235005,13.0197677],[77.6234702,13.0203632],[77.6233334,13.021261],[77.6230637,13.0223859],[77.6229005,13.0228609],[77.6226871,13.0232839],[77.6225387,13.023578],[77.6225108,13.0236272],[77.6223275,13.0239575],[77.6218784,13.0247669],[77.6216645,13.0250458],[77.6215171,13.025238],[77.6211136,13.0255617],[77.620992,13.0256593],[77.6206036,13.0259249],[77.6204133,13.0260111],[77.6199557,13.0262183],[77.6190235,13.0265863],[77.6186428,13.0267453],[77.6182467,13.0269109],[77.6176254,13.0271705],[77.6172864,13.0273592],[77.6170547,13.0274882],[77.6165831,13.0278515],[77.6163776,13.0280809],[77.6163518,13.0281097],[77.6161767,13.0283052],[77.6160794,13.0284134],[77.6156388,13.0289036],[77.6146147,13.0301912],[77.6143429,13.0305235],[77.6142626,13.0306216],[77.6133268,13.0317655],[77.6121721,13.0331771],[77.6121154,13.0332536],[77.6116362,13.0339465],[77.6112853,13.0346111],[77.611022,13.0352938],[77.61101,13.0353249],[77.610915,13.0355712],[77.6107039,13.0363946],[77.6104387,13.0375192],[77.6103068,13.0380784],[77.6102647,13.0381564],[77.6102619,13.0381614],[77.6102484,13.0381866],[77.6102453,13.0381922],[77.6103159,13.0383238],[77.6105268,13.0387666],[77.6105737,13.0388621],[77.610593,13.0389015],[77.6106215,13.0389597],[77.6106867,13.0390926],[77.6106921,13.0391008],[77.6107053,13.0391212],[77.6107091,13.0391271],[77.6108322,13.0393163],[77.6109082,13.0394332],[77.6109404,13.0394826],[77.6109643,13.0395194],[77.610982,13.0395412],[77.6111563,13.0397555],[77.6112627,13.0398935],[77.6112906,13.0399296],[77.6113496,13.0400563],[77.6113688,13.0400922],[77.6114236,13.0402358],[77.6114493,13.0403171],[77.6114562,13.0403388],[77.6114655,13.0403377],[77.6114832,13.0403356],[77.6116006,13.0403215],[77.6117188,13.0403073],[77.611765,13.0403018],[77.6117796,13.0403001],[77.6119875,13.0402921],[77.6120986,13.0403064],[77.6121844,13.0403149],[77.6122423,13.0403223],[77.6123357,13.0403374],[77.6124062,13.0403525],[77.6125079,13.0403588],[77.6128906,13.0403248],[77.6132548,13.0402743],[77.6134952,13.040241],[77.6135256,13.0403889],[77.6135439,13.0404726],[77.6135541,13.0405421],[77.6135572,13.0405761],[77.6135814,13.0408404],[77.6135853,13.0408825],[77.6135912,13.0409821],[77.6135926,13.0410046],[77.6135939,13.0410271],[77.6135939,13.0410272],[77.6135971,13.0410796],[77.6136047,13.0412061],[77.6136135,13.0413523],[77.6136116,13.0413709],[77.6136085,13.0414017],[77.6136009,13.0414783],[77.6135509,13.0421903],[77.6136064,13.0421667],[77.6136065,13.0421667],[77.6136194,13.0421612],[77.6138657,13.0420564],[77.6139205,13.042033],[77.6139922,13.0420025],[77.6142787,13.0418315],[77.6146982,13.0416339],[77.6162216,13.0411461],[77.617036,13.0409629],[77.61722,13.0409391],[77.6176691,13.0409688],[77.6181611,13.0410069],[77.618166,13.0410061],[77.6188923,13.041044],[77.6193783,13.0410693],[77.6193784,13.0410693],[77.6209789,13.0411181],[77.6226266,13.0411695],[77.6227047,13.0411725],[77.6227483,13.0411743],[77.6230673,13.0411535],[77.6233499,13.0410736],[77.6234308,13.0410417],[77.6234313,13.0410415],[77.623444,13.0410365],[77.6235077,13.0410113],[77.6237027,13.0409002],[77.623801,13.0407951],[77.6239437,13.0406426],[77.6242012,13.0403259],[77.6242954,13.0402101],[77.6243084,13.0402254],[77.6243271,13.0402474],[77.6243791,13.0403419],[77.6244118,13.0404545],[77.6244465,13.0405743],[77.6245439,13.0408987],[77.6245916,13.0410477],[77.6248472,13.0418476],[77.6248534,13.0418636],[77.6248618,13.0418817],[77.6248922,13.0419476],[77.6249062,13.0419736],[77.6250782,13.0422994],[77.6252036,13.0425339],[77.6253725,13.0428501],[77.625392,13.0428866],[77.6254,13.0429004],[77.625655,13.0433427],[77.6259524,13.0437848],[77.6261727,13.0440752],[77.6263171,13.0442656],[77.6264288,13.0443834],[77.6268957,13.0448752],[77.6269523,13.0449362],[77.627033,13.0450231],[77.6271707,13.0451712],[77.6271758,13.0451768],[77.6272304,13.0452356],[77.627402,13.0454452],[77.6275233,13.0455933],[77.6275977,13.0457182],[77.6276343,13.0457797],[77.6277567,13.0459852],[77.6279798,13.0463679],[77.6280401,13.0464702],[77.6282795,13.0468763],[77.6285605,13.0473687],[77.628566,13.0473782],[77.62863,13.0474905],[77.6289904,13.0474233],[77.629367,13.0473322],[77.6297282,13.047222],[77.6303527,13.0470225],[77.6304967,13.046889],[77.6307194,13.0467583],[77.6309153,13.0466434],[77.6312888,13.0464244],[77.6314326,13.0462583],[77.631641,13.0460177],[77.6319932,13.045611],[77.632146,13.0455294],[77.6326712,13.0452488],[77.6327848,13.0451949],[77.6337122,13.0447547],[77.6348147,13.0443688],[77.6352889,13.0442326],[77.6358107,13.0440827],[77.6358518,13.0440709],[77.6368692,13.0439075]]]}},{"type":"Feature","properties":{"KGISSub_DivisionID":31,"Sub_DivisionName":"SW6"},"geometry":{"type":"MultiPolygon","coordinates":[[[[77.5205898,12.8935786],[77.5202814,12.8933629],[77.5196507,12.8929218],[77.5192186,12.8928375],[77.5189062,12.8927855],[77.518833,12.8927814],[77.518787,12.8928129],[77.5185276,12.8933499],[77.5185135,12.8933792],[77.5184947,12.8934387],[77.5182678,12.8934122],[77.5182615,12.8934092],[77.5181062,12.8933349],[77.5180103,12.8932844],[77.5179206,12.8932373],[77.5179043,12.8932319],[77.517901,12.8932308],[77.5178901,12.8931752],[77.5177579,12.8926483],[77.5177273,12.8921867],[77.5178135,12.8917623],[77.5179449,12.8914979],[77.5182287,12.891214],[77.5184309,12.8908823],[77.5186844,12.8901017],[77.519009,12.8892877],[77.5193704,12.8882441],[77.519682,12.8874641],[77.520303,12.8862497],[77.5208614,12.8853928],[77.5222275,12.885706],[77.5233511,12.8857178],[77.5238721,12.8856947],[77.524393,12.8856716],[77.5259832,12.8858268],[77.5275391,12.885901],[77.5283574,12.8859902],[77.5292431,12.8863792],[77.5301304,12.886584],[77.5308826,12.8868211],[77.5313787,12.8869774],[77.5324761,12.8871586],[77.5330937,12.8872605],[77.5327821,12.8864498],[77.5327007,12.8859858],[77.5325802,12.8852987],[77.5329253,12.885202],[77.5331099,12.8851642],[77.5339834,12.8849851],[77.5340212,12.8849765],[77.5357151,12.8845877],[77.5357279,12.8845847],[77.5358462,12.8845576],[77.5361497,12.8843371],[77.5366019,12.8839933],[77.536899,12.8837861],[77.537564,12.8832794],[77.537569,12.8825553],[77.5375695,12.8824946],[77.5375697,12.8824555],[77.5375731,12.8819616],[77.5375931,12.8806108],[77.5375184,12.8802641],[77.5374757,12.8801929],[77.537474,12.8801901],[77.5373023,12.8799036],[77.5369585,12.8793488],[77.5368698,12.8791054],[77.5368598,12.8790779],[77.536321,12.8795537],[77.5357065,12.8799257],[77.534635,12.8801548],[77.5346198,12.880158],[77.534581,12.8799675],[77.5345752,12.8799391],[77.5343564,12.8800878],[77.5343173,12.8800894],[77.5342475,12.8800923],[77.5341271,12.8800973],[77.5341126,12.8800979],[77.5340856,12.8799959],[77.5340799,12.8799747],[77.5339711,12.8799923],[77.5336699,12.880041],[77.5335903,12.8802346],[77.533501,12.8804516],[77.5334779,12.8809512],[77.5334716,12.8810896],[77.5334713,12.8811142],[77.5334701,12.8812109],[77.5334585,12.8812161],[77.5334324,12.8812278],[77.5334198,12.8812334],[77.5334005,12.881242],[77.5333505,12.8812572],[77.5333047,12.881271],[77.5332915,12.881275],[77.5331672,12.8813127],[77.5330788,12.8813364],[77.5330064,12.8813642],[77.5329211,12.8814078],[77.5327923,12.8814689],[77.5326732,12.8815202],[77.5326534,12.8815287],[77.5325506,12.8815711],[77.5325383,12.8815557],[77.5324101,12.8809895],[77.5323721,12.8808638],[77.532344,12.880742],[77.5319639,12.8808445],[77.5314507,12.8809829],[77.5313801,12.8803604],[77.5313223,12.8802334],[77.5312864,12.8801545],[77.5310351,12.8802143],[77.5309581,12.8802327],[77.5308591,12.880274],[77.5308303,12.880286],[77.5308072,12.880365],[77.5308027,12.880378],[77.5307811,12.8804067],[77.5307596,12.8804354],[77.5307223,12.8804771],[77.5307079,12.8804987],[77.5306951,12.8805259],[77.5306403,12.8807061],[77.5306351,12.8807295],[77.5306069,12.880859],[77.5305782,12.8810361],[77.5305598,12.8811784],[77.5305597,12.8811791],[77.5305566,12.8812031],[77.5305547,12.8812153],[77.5305503,12.8812435],[77.530547,12.8812645],[77.5305379,12.8812979],[77.5305371,12.8813002],[77.5305359,12.8813024],[77.5305305,12.8813114],[77.5304189,12.8816927],[77.530396,12.88175],[77.5302885,12.8820186],[77.5299241,12.8820222],[77.5297673,12.8815724],[77.529759,12.8815486],[77.5297062,12.8815711],[77.5296939,12.8815763],[77.529501,12.8810471],[77.5294928,12.8810295],[77.529395,12.8807602],[77.5291016,12.8802137],[77.5288084,12.8796676],[77.5287284,12.8794771],[77.528463,12.8788445],[77.5284537,12.8788223],[77.5283415,12.8788579],[77.5283282,12.8788621],[77.5281145,12.8780923],[77.5281071,12.8780655],[77.528104,12.8780544],[77.5280996,12.8780387],[77.5277535,12.8765802],[77.5277074,12.876351],[77.5276861,12.8762452],[77.527563,12.875633],[77.5273233,12.8744856],[77.5271999,12.8739467],[77.5270923,12.8734154],[77.5270594,12.8732691],[77.5270484,12.8721782],[77.5270482,12.8721589],[77.5255593,12.8721879],[77.5254164,12.8721889],[77.5241612,12.8717367],[77.5241404,12.8717292],[77.5242372,12.8707849],[77.5242589,12.8705726],[77.5243053,12.8701207],[77.5243331,12.8700042],[77.5245156,12.8692404],[77.5256962,12.8691824],[77.526739,12.8686771],[77.5272837,12.8680995],[77.5272876,12.8680952],[77.5273411,12.8680264],[77.5273509,12.8680138],[77.5273523,12.8680112],[77.5273546,12.8680073],[77.5273552,12.8680061],[77.5274207,12.8667525],[77.5274388,12.8666134],[77.5275482,12.8658315],[77.5275518,12.8657116],[77.5275921,12.8653125],[77.5275912,12.8649056],[77.5275944,12.8648966],[77.5275962,12.8648917],[77.5276235,12.8648154],[77.5276191,12.8647329],[77.5276169,12.8645178],[77.5276186,12.8644709],[77.5276189,12.8644636],[77.5276207,12.8644136],[77.5276236,12.8643345],[77.5276341,12.8640443],[77.5276576,12.8639022],[77.5276645,12.8638598],[77.5276892,12.8637103],[77.5277413,12.8634409],[77.5277529,12.8633457],[77.527053,12.8623411],[77.5270397,12.8623221],[77.527013,12.8623224],[77.5269871,12.8623149],[77.52673,12.8621504],[77.5264179,12.8620332],[77.5264065,12.8620289],[77.5262478,12.8617485],[77.5262426,12.8617393],[77.5260508,12.8616104],[77.5254054,12.8614488],[77.5253839,12.8614434],[77.5254488,12.8609522],[77.5256242,12.8602831],[77.525626,12.8600916],[77.5256433,12.8599233],[77.5257085,12.8579109],[77.5257085,12.8579097],[77.5255522,12.8577694],[77.5255283,12.857748],[77.5241475,12.8583876],[77.5241235,12.8583888],[77.5217974,12.8585052],[77.5217973,12.8585052],[77.521471,12.8585215],[77.5198982,12.8614291],[77.5195917,12.8620642],[77.5195915,12.8620645],[77.51959,12.8620675],[77.5195315,12.8621889],[77.5195247,12.8622314],[77.5195353,12.8622607],[77.5195514,12.8623252],[77.519585,12.8624599],[77.5196024,12.8625331],[77.5196459,12.8627283],[77.5197097,12.8632638],[77.5197129,12.8632903],[77.5197932,12.8639637],[77.5198373,12.864222],[77.5198606,12.8643536],[77.5198673,12.8643914],[77.5198769,12.8644458],[77.5198817,12.8644692],[77.5198854,12.8644875],[77.5198892,12.8645059],[77.5199732,12.8649182],[77.5199817,12.8649603],[77.5200634,12.8652882],[77.5200712,12.8653194],[77.5201094,12.8654725],[77.5201177,12.865505],[77.5201612,12.8656757],[77.5202076,12.8659463],[77.5202678,12.8663099],[77.520285,12.8663867],[77.5202949,12.866431],[77.5203009,12.8664578],[77.5203334,12.8665869],[77.5203568,12.8666427],[77.5203628,12.8666528],[77.5203842,12.8666883],[77.5204116,12.8667247],[77.5204936,12.8668238],[77.5206944,12.8670704],[77.5207201,12.8671005],[77.5207586,12.8671454],[77.5207897,12.8671818],[77.5208237,12.8672214],[77.5208709,12.8672765],[77.5209403,12.8673655],[77.5209824,12.8674263],[77.5210131,12.8674779],[77.5210564,12.8675519],[77.5210728,12.8675831],[77.5210944,12.8676241],[77.5211167,12.8676664],[77.521128,12.8676905],[77.5211995,12.8678429],[77.5212778,12.8679929],[77.5213095,12.8680527],[77.5213538,12.8681175],[77.5213743,12.8681407],[77.5214284,12.8682074],[77.5216221,12.8684684],[77.5216335,12.8684825],[77.5218029,12.8686928],[77.5218323,12.8687297],[77.5219034,12.868819],[77.5219509,12.8688787],[77.5219607,12.868891],[77.5220218,12.868978],[77.5221209,12.8691258],[77.5221497,12.8691768],[77.5222228,12.8693059],[77.5222287,12.8693163],[77.5222678,12.8693827],[77.5223026,12.8694419],[77.5223511,12.8695087],[77.5223932,12.8695653],[77.5224177,12.8695935],[77.5224478,12.869628],[77.5224543,12.8696335],[77.5230499,12.8705263],[77.5218045,12.8712657],[77.520375,12.8721143],[77.5202671,12.8721783],[77.5194385,12.8717911],[77.5194365,12.8717901],[77.5191764,12.8715257],[77.5187638,12.8711062],[77.518577,12.8709162],[77.5177301,12.8700488],[77.5172898,12.8695976],[77.5168664,12.8691863],[77.5168501,12.8691705],[77.5154653,12.867899],[77.5137638,12.8680462],[77.5133271,12.8681031],[77.513195,12.868126],[77.5126345,12.8682322],[77.5126135,12.8682362],[77.5124135,12.8682741],[77.5117172,12.8681078],[77.5115272,12.8680862],[77.5114367,12.8681785],[77.511416,12.8681989],[77.5112408,12.8683705],[77.5110291,12.8685779],[77.5108534,12.8687501],[77.5106103,12.8689883],[77.5105809,12.8689853],[77.5102687,12.8689528],[77.5095764,12.8698331],[77.5094758,12.8699609],[77.5094079,12.8700283],[77.5084591,12.8709679],[77.5081918,12.8714143],[77.5077938,12.8719976],[77.5077737,12.8720271],[77.5076279,12.8722408],[77.5074471,12.8725057],[77.5071321,12.8729672],[77.5070964,12.8730328],[77.5068179,12.8735447],[77.506264,12.8745628],[77.5058374,12.8754829],[77.5057816,12.8756033],[77.5057704,12.8756631],[77.505725,12.8759067],[77.5056633,12.8760432],[77.505434,12.8765903],[77.505425,12.8766117],[77.5047099,12.8769889],[77.504604,12.8770448],[77.5045631,12.8770664],[77.503229,12.8764354],[77.5030033,12.8762753],[77.5027625,12.8761045],[77.5023457,12.8760803],[77.5022946,12.875847],[77.5015656,12.8755034],[77.5013412,12.8752558],[77.5012541,12.8752088],[77.5012228,12.8752001],[77.5011618,12.8751832],[77.5009759,12.8750096],[77.5003324,12.8745483],[77.5003299,12.8744468],[77.5003267,12.8743161],[77.4997986,12.8740234],[77.4984857,12.8732958],[77.4984289,12.8732297],[77.4981145,12.872875],[77.4975491,12.8722343],[77.4967322,12.8732473],[77.4963725,12.873231],[77.4963594,12.8732304],[77.4955051,12.8733126],[77.4952289,12.8734219],[77.4952195,12.8733976],[77.4950758,12.8730266],[77.4948511,12.8719494],[77.4945803,12.8719248],[77.4945696,12.8719266],[77.4934976,12.8721041],[77.4933941,12.8721213],[77.4929306,12.872198],[77.4928637,12.8723701],[77.492569,12.8722443],[77.492544,12.8722328],[77.4925433,12.8722313],[77.4919277,12.8708703],[77.4918875,12.8708831],[77.4918873,12.8708832],[77.4900871,12.8714595],[77.4898196,12.8715455],[77.4894824,12.8716533],[77.4894821,12.8716534],[77.4894814,12.8716536],[77.489398,12.8716803],[77.4889024,12.8718393],[77.4885145,12.871799],[77.4882085,12.8717675],[77.4879394,12.8717397],[77.4879218,12.8717378],[77.4875829,12.8716993],[77.4873555,12.8716091],[77.4873516,12.8716076],[77.487206,12.8715498],[77.4871969,12.8715461],[77.4869662,12.8714546],[77.4869009,12.8714286],[77.486795,12.871392],[77.4862211,12.8711934],[77.4860854,12.8712139],[77.4860772,12.8712151],[77.4859983,12.8712269],[77.4855907,12.8713081],[77.4852936,12.8714063],[77.4849466,12.8715209],[77.4846832,12.8716068],[77.4846337,12.8716229],[77.4846347,12.8717273],[77.4843669,12.8721701],[77.4841267,12.8725671],[77.483974,12.8728195],[77.4833586,12.8737896],[77.4831344,12.8741431],[77.4830917,12.874124],[77.482734,12.8739637],[77.4827287,12.8739613],[77.4827233,12.8739589],[77.4826915,12.8739446],[77.4818247,12.8740357],[77.4816668,12.8740523],[77.4813924,12.8740769],[77.4813744,12.8740802],[77.4812087,12.8741105],[77.4812062,12.8741109],[77.4811071,12.874129],[77.4811032,12.8742127],[77.4811016,12.8742452],[77.4810978,12.8743269],[77.4811216,12.874464],[77.4811515,12.8746777],[77.4811724,12.8746633],[77.481289,12.874583],[77.4812988,12.8748885],[77.4813004,12.8749373],[77.4813583,12.8751903],[77.4811864,12.8752067],[77.4811956,12.875275],[77.4812237,12.875484],[77.4812653,12.8757929],[77.4812663,12.8757972],[77.4813395,12.8761047],[77.4814382,12.8766643],[77.481402,12.8767516],[77.4814271,12.8771111],[77.4814379,12.8772416],[77.4814746,12.877422],[77.4815473,12.8777066],[77.481557,12.8777941],[77.4815206,12.8778595],[77.4815484,12.8778849],[77.4816991,12.8780231],[77.4817355,12.8780565],[77.4817143,12.8780743],[77.4816836,12.8780894],[77.4816304,12.8780994],[77.4815668,12.8781028],[77.481351,12.878076],[77.481219,12.8780602],[77.4811362,12.8780626],[77.4810294,12.8780746],[77.4807825,12.8781062],[77.4806463,12.8781052],[77.4805014,12.878095],[77.4804676,12.8780912],[77.4803256,12.8780628],[77.4802463,12.8780559],[77.4800521,12.8780531],[77.4799577,12.8780485],[77.479848,12.8780365],[77.4797401,12.878018],[77.4796162,12.8780095],[77.4795882,12.8780114],[77.479397,12.8780602],[77.4792325,12.8780967],[77.4792041,12.878103],[77.4791364,12.8780753],[77.4791084,12.8780539],[77.4790984,12.8780405],[77.4790494,12.8780365],[77.4786642,12.8781097],[77.4782545,12.8779271],[77.4777833,12.8781861],[77.4770192,12.8781806],[77.4769757,12.8782017],[77.4767165,12.8783274],[77.4758472,12.8784487],[77.4757333,12.8785952],[77.4754411,12.8791096],[77.4747582,12.8799129],[77.4748669,12.8805927],[77.4748917,12.8807477],[77.4749068,12.8808418],[77.4750357,12.8810095],[77.4751344,12.8810759],[77.4760148,12.8816677],[77.476347,12.8819419],[77.4768628,12.8824591],[77.4772693,12.883158],[77.4787117,12.8846974],[77.4786709,12.885501],[77.4784916,12.8862073],[77.4789335,12.8864357],[77.4792304,12.8863946],[77.4825432,12.8862867],[77.4824949,12.8865145],[77.4822179,12.8878193],[77.4820775,12.8884808],[77.4817942,12.8893656],[77.4817983,12.8895567],[77.4818014,12.8896995],[77.4818025,12.8897517],[77.4818041,12.8898222],[77.4818002,12.8898328],[77.4817944,12.8898484],[77.481789,12.8898556],[77.4817435,12.8899158],[77.4815505,12.8901708],[77.4815521,12.8901817],[77.4815949,12.8904705],[77.4816066,12.8905211],[77.4816074,12.8905245],[77.4816658,12.8907752],[77.481727,12.8910377],[77.4818045,12.8913704],[77.4822938,12.8916007],[77.4823714,12.8916444],[77.4843823,12.8924118],[77.4850977,12.8926705],[77.4864569,12.8931621],[77.4866987,12.8932892],[77.4869844,12.8936054],[77.4871987,12.8936285],[77.4874154,12.8935874],[77.4879072,12.8934107],[77.4886208,12.8932729],[77.488889,12.8933895],[77.4893033,12.8935522],[77.4896801,12.8933214],[77.4896871,12.8933171],[77.4897376,12.8932861],[77.4897952,12.8932772],[77.4899681,12.8934026],[77.4900907,12.8934915],[77.4901072,12.8935035],[77.4901153,12.8935093],[77.4904513,12.8941774],[77.4908742,12.8943627],[77.4911597,12.8944441],[77.4912357,12.8944434],[77.4913956,12.8942583],[77.4915344,12.8939013],[77.4915781,12.8938821],[77.4916744,12.8937618],[77.4918061,12.893674],[77.4918911,12.8936314],[77.4919458,12.8936039],[77.4920085,12.8935363],[77.4920378,12.8934556],[77.4921074,12.8933129],[77.4921688,12.89327],[77.4922473,12.8932117],[77.4923315,12.8931794],[77.4924723,12.8931327],[77.4926028,12.8931152],[77.4929727,12.8930583],[77.493156,12.8930335],[77.493263,12.8930191],[77.493446,12.8930122],[77.4934925,12.8930127],[77.4936149,12.8929524],[77.4937296,12.8928981],[77.4937916,12.8928687],[77.4938174,12.8928611],[77.4938724,12.8928447],[77.4939058,12.8928378],[77.4939256,12.8928338],[77.4939889,12.8928192],[77.494073,12.8928],[77.4941945,12.8927734],[77.4944148,12.8927542],[77.4944606,12.8927502],[77.4946426,12.8927543],[77.4946478,12.8927544],[77.4947622,12.8927978],[77.4948534,12.8928423],[77.4948533,12.8928626],[77.494852,12.8930447],[77.49485,12.8933201],[77.4948496,12.8933667],[77.4948481,12.8935807],[77.4948477,12.8936278],[77.4949444,12.893632],[77.4949639,12.8936328],[77.4951811,12.8936422],[77.495242,12.8936472],[77.4952487,12.8936477],[77.4952911,12.8936512],[77.4953097,12.8936579],[77.4953331,12.8936664],[77.4954219,12.8936985],[77.4956133,12.8937943],[77.4957411,12.8938575],[77.4958045,12.8938815],[77.4958558,12.893889],[77.4958645,12.8938795],[77.4958798,12.893863],[77.4960426,12.893956],[77.4961057,12.8939989],[77.496142,12.8940236],[77.4962264,12.8940474],[77.4963601,12.8940526],[77.4965383,12.8940643],[77.4967018,12.8940724],[77.49687,12.8940653],[77.4969199,12.8940536],[77.4970601,12.8940185],[77.4974308,12.8939256],[77.4979695,12.8936427],[77.4983265,12.8934553],[77.4983897,12.8934221],[77.4983994,12.8934391],[77.4984332,12.8934985],[77.498669,12.8939124],[77.4987928,12.8941297],[77.4988069,12.8941611],[77.4989554,12.8944919],[77.4994419,12.8943611],[77.5008386,12.8939855],[77.5023665,12.8936837],[77.5037136,12.8935559],[77.50443,12.8935897],[77.505524,12.8936426],[77.5060862,12.8936596],[77.5062578,12.8936648],[77.5065109,12.8936725],[77.5069681,12.8936941],[77.5079478,12.8936927],[77.5083753,12.8936946],[77.5084949,12.8936952],[77.5090497,12.8936976],[77.509386,12.8936868],[77.5094826,12.8936863],[77.5110867,12.8936485],[77.51115,12.893647],[77.5112618,12.8936496],[77.511882,12.8936639],[77.5128918,12.8936401],[77.5129713,12.8936382],[77.5130964,12.8939506],[77.5131597,12.8941086],[77.513104,12.8943084],[77.5136834,12.8949789],[77.513935,12.8952652],[77.5149138,12.8958574],[77.5151256,12.8959631],[77.5156287,12.8962141],[77.5157387,12.896269],[77.5157434,12.8962707],[77.5166667,12.8966073],[77.5203456,12.8979484],[77.5212666,12.8979454],[77.5212793,12.8979453],[77.5212838,12.8979338],[77.5213021,12.8978873],[77.5213035,12.8978837],[77.5211861,12.8978633],[77.5211773,12.8978463],[77.521117,12.8977292],[77.5207912,12.8973164],[77.5204813,12.8968137],[77.5206004,12.8964381],[77.5206789,12.8962452],[77.5207031,12.8961858],[77.5207596,12.8960469],[77.5209341,12.8954051],[77.5209584,12.8953158],[77.5209729,12.8952606],[77.5210433,12.8949928],[77.5210674,12.8947094],[77.5210551,12.8944644],[77.5210394,12.8943546],[77.521039,12.8943211],[77.5210936,12.8941748],[77.5210419,12.8940554],[77.5210602,12.8937568],[77.5210176,12.8936377],[77.5209734,12.8936118],[77.5208886,12.8936045],[77.5205898,12.8935786]]],[[[77.5379124,12.8598482],[77.5378621,12.8595539],[77.5378587,12.859534],[77.5378552,12.8595135],[77.5378525,12.8594975],[77.5378313,12.8593736],[77.5377998,12.8591893],[77.5377934,12.858924],[77.5378143,12.8581859],[77.5383004,12.858081],[77.538621,12.8580309],[77.5386223,12.8580307],[77.5386227,12.8579925],[77.538627,12.8575735],[77.539587,12.8565034],[77.5397751,12.8564011],[77.5400108,12.8561636],[77.5400802,12.8561325],[77.5401843,12.8560858],[77.5403032,12.8560325],[77.5403209,12.8560231],[77.5405872,12.8558821],[77.5406618,12.8558425],[77.540883,12.8557263],[77.5412398,12.8554748],[77.5413215,12.8554262],[77.5414398,12.8553742],[77.5415807,12.8552779],[77.5418755,12.8551366],[77.5419319,12.8551095],[77.5419414,12.855105],[77.5419629,12.8550947],[77.5419667,12.855011],[77.5419672,12.8550001],[77.5419807,12.8547032],[77.5419811,12.8546933],[77.5419869,12.8545659],[77.5420059,12.8541487],[77.5420071,12.8541096],[77.5420076,12.8540949],[77.5420102,12.8540141],[77.5420234,12.853609],[77.5420246,12.853575],[77.5420293,12.8534306],[77.5420499,12.8531379],[77.5421059,12.8521181],[77.542107,12.8520956],[77.5421091,12.8520558],[77.5421286,12.8516806],[77.5421615,12.8510628],[77.5421699,12.850839],[77.5421709,12.8508108],[77.5421759,12.8506778],[77.5421781,12.8506195],[77.542177,12.850511],[77.5421767,12.8504777],[77.5421628,12.8502976],[77.5421099,12.8498224],[77.5420835,12.8496149],[77.5420424,12.8492913],[77.5420411,12.8492807],[77.5420379,12.8492559],[77.541995,12.8488781],[77.5419873,12.8487127],[77.5419624,12.8482704],[77.5419614,12.8482519],[77.5419321,12.8477322],[77.5419267,12.8475953],[77.5419006,12.8469455],[77.5419795,12.846029],[77.5420035,12.8457508],[77.5421658,12.8438655],[77.5423326,12.8437541],[77.5421184,12.8433207],[77.5421057,12.8432951],[77.5415051,12.8438716],[77.5414552,12.8444544],[77.5409118,12.8447024],[77.5406194,12.8448356],[77.5386637,12.8452455],[77.5386422,12.84525],[77.5387576,12.8437895],[77.5387594,12.8437671],[77.5387611,12.8437447],[77.5390132,12.8421658],[77.5390139,12.8421611],[77.5382021,12.8415974],[77.5373992,12.841344],[77.5373689,12.8413335],[77.5373387,12.841323],[77.5368401,12.8411484],[77.5360789,12.8408818],[77.5354114,12.8397137],[77.5350998,12.839825],[77.534698,12.8399384],[77.534399,12.8399706],[77.5340302,12.8400102],[77.5333266,12.8400859],[77.5328945,12.8401323],[77.5318727,12.8402421],[77.5311082,12.8403244],[77.529704,12.840363],[77.5285704,12.8403941],[77.5268987,12.8405776],[77.5265598,12.8406975],[77.5264444,12.8407384],[77.5243753,12.8401067],[77.5243522,12.8400997],[77.5233938,12.8434287],[77.5232662,12.8437845],[77.5230391,12.8444017],[77.5228833,12.8448254],[77.5227378,12.845223],[77.5221454,12.8472051],[77.5219836,12.8477287],[77.5218526,12.8481525],[77.521804,12.8484497],[77.521789,12.8485411],[77.5218296,12.8485947],[77.5218509,12.8486229],[77.5218547,12.8486279],[77.522016,12.8488622],[77.5220475,12.8489164],[77.5220667,12.8489495],[77.5220831,12.8489777],[77.5221507,12.8491426],[77.5221786,12.8492241],[77.5222067,12.8493171],[77.5222249,12.849393],[77.5222413,12.8494785],[77.5222539,12.8495773],[77.5222731,12.8497484],[77.5222843,12.849895],[77.5222876,12.8499385],[77.522302,12.8501267],[77.5223376,12.8507791],[77.5223635,12.8510156],[77.5223708,12.8510824],[77.522391,12.8512676],[77.5224494,12.8516799],[77.5225246,12.8520312],[77.5225712,12.8522324],[77.5226061,12.8523613],[77.5226435,12.8524791],[77.5226932,12.8526004],[77.522733,12.8527028],[77.5227904,12.8528202],[77.5228516,12.8529318],[77.522883,12.8529804],[77.5229541,12.8530907],[77.5230997,12.8533081],[77.5232314,12.8534857],[77.5232667,12.8535294],[77.5233198,12.8535952],[77.5234296,12.853714],[77.523549,12.8538308],[77.5238545,12.8541209],[77.5238547,12.8541211],[77.5238768,12.8541428],[77.5242745,12.8545335],[77.5247798,12.8550309],[77.52518,12.8554232],[77.5252306,12.8554728],[77.5254007,12.8556395],[77.5260312,12.8562479],[77.5263553,12.8565649],[77.5264743,12.8566812],[77.5264937,12.8567001],[77.5265129,12.856719],[77.526577,12.8567808],[77.5267956,12.8564986],[77.5273406,12.8562841],[77.5272607,12.8560348],[77.5272321,12.8559456],[77.5272646,12.8551242],[77.5272667,12.8550731],[77.528364,12.8548828],[77.5284166,12.8550376],[77.5286392,12.8556934],[77.5286549,12.8557014],[77.5290818,12.8559178],[77.5294344,12.8560965],[77.5294387,12.8561077],[77.5294669,12.8561811],[77.529651,12.8566604],[77.5296693,12.8567081],[77.5297478,12.8569123],[77.5297753,12.856984],[77.5298325,12.8571168],[77.5298812,12.8572301],[77.5299834,12.8574673],[77.5297363,12.8575503],[77.5297483,12.8575844],[77.529755,12.8576037],[77.5297603,12.8576185],[77.5297647,12.8576305],[77.5298755,12.8579252],[77.5300343,12.858348],[77.5300502,12.8583904],[77.5302322,12.858875],[77.5302385,12.8588917],[77.5302501,12.8588891],[77.5303148,12.8588742],[77.5306939,12.858787],[77.5311882,12.8586733],[77.5311706,12.8585897],[77.5311174,12.8583376],[77.5311161,12.8583316],[77.5310653,12.8580908],[77.531058,12.8580562],[77.5310187,12.8577775],[77.5315421,12.8577496],[77.5321705,12.8577436],[77.5321772,12.8577626],[77.5323736,12.8583194],[77.5324047,12.8584076],[77.5324827,12.8585844],[77.5326837,12.8590164],[77.5326991,12.8590396],[77.5327664,12.8591411],[77.5327759,12.8591448],[77.5329417,12.8592079],[77.5334491,12.8593089],[77.5338162,12.859382],[77.5339964,12.8593823],[77.5340279,12.8593824],[77.5340631,12.8593825],[77.5348245,12.8593839],[77.5349196,12.8593736],[77.5349751,12.8594208],[77.5356716,12.8600139],[77.5356897,12.8600293],[77.5360357,12.859854],[77.5362303,12.8597554],[77.5362752,12.8597327],[77.5376996,12.8601618],[77.5377112,12.8601507],[77.5377231,12.8601392],[77.5377458,12.8601223],[77.5378602,12.860037],[77.5378936,12.8600121],[77.5378938,12.860012],[77.5379352,12.8599811],[77.5379124,12.8598482]]]]}},{"type":"Feature","properties":{"KGISSub_DivisionID":32,"Sub_DivisionName":"NW4"},"geometry":{"type":"Polygon","coordinates":[[[77.5281965,13.0154976],[77.5283846,13.0154253],[77.5280572,13.0150881],[77.5279686,13.0150166],[77.527836,13.0147341],[77.5278335,13.0147288],[77.5281038,13.0141851],[77.5280787,13.0137024],[77.5280766,13.0136613],[77.5280319,13.0128041],[77.5280745,13.0127696],[77.5286944,13.0124403],[77.5286531,13.012333],[77.5286565,13.0122982],[77.5286573,13.0122903],[77.528658,13.0122827],[77.5288781,13.0120138],[77.5289261,13.0119552],[77.5289306,13.0119497],[77.5289033,13.0119172],[77.5288435,13.0118461],[77.5287709,13.0117625],[77.5286797,13.011661],[77.5285803,13.0115536],[77.5285037,13.011478],[77.5284079,13.0113823],[77.5285067,13.0112808],[77.5285377,13.0112489],[77.5285633,13.0112227],[77.5290477,13.01065],[77.5290544,13.0106402],[77.5290611,13.0106146],[77.5291075,13.0105621],[77.5291282,13.0105385],[77.5291583,13.0105099],[77.5293166,13.010345],[77.5294252,13.010239],[77.5294725,13.0101927],[77.5295769,13.0100909],[77.5296011,13.0100733],[77.5296103,13.0100666],[77.5296198,13.0100609],[77.5296208,13.0100602],[77.5296479,13.0100438],[77.5296334,13.0100257],[77.5296329,13.010025],[77.5296304,13.0100219],[77.5296283,13.0100193],[77.5294405,13.0097853],[77.5294504,13.0097298],[77.5295625,13.0096994],[77.53019,13.0095327],[77.5302282,13.0095219],[77.5302259,13.0094378],[77.5302242,13.0093754],[77.5302168,13.0091007],[77.5302001,13.008927],[77.5301852,13.0087343],[77.5302059,13.0085968],[77.5302109,13.008563],[77.5302184,13.0083319],[77.5302168,13.0079559],[77.5302164,13.0078718],[77.530219,13.0078393],[77.5302194,13.0078343],[77.5302211,13.0078142],[77.5302233,13.0077869],[77.5301552,13.0076824],[77.5301119,13.0076183],[77.5300929,13.0075711],[77.5300631,13.00747],[77.5300624,13.0074676],[77.5300581,13.007453],[77.5300502,13.0074264],[77.5300499,13.0071786],[77.5300399,13.0071377],[77.5300397,13.0071367],[77.5299767,13.006879],[77.5299349,13.006669],[77.5299336,13.0066624],[77.5299331,13.0066597],[77.5299286,13.0066371],[77.5299027,13.0065068],[77.5298917,13.0063884],[77.5299095,13.0060071],[77.5299128,13.0059358],[77.5299206,13.0057685],[77.5297905,13.0056166],[77.5296225,13.0052206],[77.529543,13.0050146],[77.5295394,13.0050052],[77.5295382,13.0050023],[77.5295386,13.0049979],[77.5295399,13.0049842],[77.5295545,13.0048246],[77.5295651,13.004709],[77.5295998,13.0043297],[77.5295559,13.0042364],[77.5291025,13.0037551],[77.5290512,13.0036483],[77.5290353,13.0036151],[77.5290016,13.003545],[77.5289904,13.003472],[77.5289848,13.0034356],[77.5289797,13.0034021],[77.5289654,13.003309],[77.5289697,13.003154],[77.5289864,13.0030774],[77.5292106,13.0026771],[77.5292128,13.0026732],[77.5292155,13.0026683],[77.5292301,13.0024936],[77.5292136,13.0023963],[77.5292125,13.0023945],[77.5291262,13.002246],[77.5289148,13.0019727],[77.5287321,13.0018387],[77.5285674,13.0017581],[77.5281811,13.0016092],[77.5281068,13.0015763],[77.5279287,13.0014698],[77.5278713,13.0013862],[77.5278482,13.0013369],[77.5278374,13.0013139],[77.5278149,13.0012754],[77.5278196,13.0012302],[77.5278224,13.0012034],[77.5278546,13.000892],[77.5278577,13.0008618],[77.5278618,13.0008223],[77.5278772,13.000652],[77.5278814,13.0006058],[77.527884,13.0005775],[77.5278918,13.0004918],[77.5278936,13.0004722],[77.5278957,13.0004489],[77.5278948,13.0003812],[77.5278948,13.0003771],[77.527892,13.0001583],[77.5278691,12.999743],[77.5278688,12.9997385],[77.5278688,12.999738],[77.5278656,12.9996796],[77.5278586,12.9995543],[77.5278608,12.9995415],[77.5278642,12.9995218],[77.527877,12.999447],[77.5279811,12.9993198],[77.5282782,12.999059],[77.5282919,12.9990469],[77.5283567,12.99899],[77.5283601,12.9989871],[77.5283744,12.9989744],[77.5283865,12.9989639],[77.5283927,12.9989599],[77.5284265,12.9989381],[77.5284592,12.9989171],[77.5284684,12.9989112],[77.528466,12.9989074],[77.528465,12.9989058],[77.5284647,12.9989053],[77.5284601,12.9988979],[77.5284185,12.9988312],[77.5284161,12.9988273],[77.528416,12.9988271],[77.528338,12.998702],[77.5280425,12.9987944],[77.5278913,12.9988531],[77.527802,12.9988761],[77.5277576,12.9988789],[77.527458,12.9988444],[77.527279,12.9988239],[77.5269382,12.9987352],[77.5256646,12.9984438],[77.52504,12.9982982],[77.5250071,12.997776],[77.52483,12.997224],[77.5247298,12.9969117],[77.5244589,12.9963578],[77.5242349,12.9961541],[77.5240399,12.9959768],[77.5237881,12.9957477],[77.523783,12.9957431],[77.5237807,12.995741],[77.5237757,12.9957364],[77.5237061,12.9956731],[77.5235953,12.9953767],[77.5235873,12.9953552],[77.5235838,12.9953456],[77.5235755,12.9953237],[77.5232964,12.9945763],[77.5230907,12.9941193],[77.5230384,12.9936501],[77.5230329,12.9934416],[77.5230324,12.9934216],[77.5230266,12.993202],[77.522919,12.9930489],[77.5225261,12.9925292],[77.5223783,12.9923503],[77.522201,12.9921917],[77.5220106,12.9921684],[77.5218369,12.9921393],[77.5216505,12.9920343],[77.5216302,12.9919897],[77.5216294,12.9919878],[77.5216127,12.9919383],[77.5215786,12.991787],[77.5215772,12.9917805],[77.5215619,12.9916383],[77.5215417,12.9915212],[77.521541,12.9915172],[77.5215405,12.9915143],[77.5214669,12.9913581],[77.5213614,12.9912563],[77.5208899,12.990342],[77.5208007,12.9901053],[77.5207148,12.9898636],[77.5207059,12.9898386],[77.5206942,12.9897921],[77.5206699,12.9896966],[77.5205742,12.9892786],[77.520574,12.989278],[77.52057,12.9892651],[77.5205666,12.9892542],[77.5203713,12.988621],[77.520368,12.9886105],[77.5203674,12.9886085],[77.5203646,12.9885995],[77.5202486,12.9882234],[77.5201809,12.9882138],[77.5201246,12.9882059],[77.5201205,12.9882053],[77.5201167,12.9882048],[77.5200105,12.9881898],[77.5200075,12.9881894],[77.5196823,12.9881443],[77.5196325,12.9879909],[77.5194867,12.9875425],[77.5194866,12.9875421],[77.5190662,12.9876819],[77.518766,12.9875576],[77.518762,12.987556],[77.5186563,12.9875122],[77.5175525,12.9879507],[77.5174094,12.9880076],[77.5173254,12.988041],[77.5169407,12.9881628],[77.5165866,12.9882187],[77.5162766,12.9882168],[77.5159884,12.9881488],[77.5155133,12.9879694],[77.51496,12.9877789],[77.5147341,12.9877168],[77.5146836,12.9877086],[77.5144541,12.9876715],[77.5144214,12.9876662],[77.514075,12.9876595],[77.5136805,12.9876631],[77.5134468,12.9876773],[77.5131656,12.9877325],[77.5125412,12.9878864],[77.51236,12.9879433],[77.5118443,12.9881051],[77.5117379,12.9881394],[77.5111805,12.9883192],[77.5111562,12.988327],[77.5111308,12.9883314],[77.5110196,12.9883507],[77.5110098,12.9883524],[77.5108892,12.9883527],[77.5108837,12.988352],[77.5108194,12.9883434],[77.5107391,12.9883326],[77.5104507,12.988216],[77.5102753,12.9881579],[77.5102571,12.9881535],[77.5101714,12.9881393],[77.5100379,12.9881173],[77.5097701,12.9881075],[77.5096875,12.9881045],[77.5094598,12.9881204],[77.5094465,12.9881214],[77.5093376,12.9881544],[77.5092653,12.9881959],[77.5092439,12.9882081],[77.5092242,12.9882194],[77.5088319,12.9886521],[77.5086607,12.9888184],[77.5085968,12.9888805],[77.5085813,12.9888874],[77.5085377,12.9889069],[77.5084429,12.9889492],[77.5082419,12.9889732],[77.5066568,12.9892925],[77.5064581,12.9893527],[77.5062215,12.9894244],[77.5058916,12.9895758],[77.5057479,12.9896417],[77.505329,12.9898545],[77.5052285,12.9899055],[77.5049193,12.9900622],[77.5046534,12.9901719],[77.5046308,12.9901813],[77.5045694,12.990192],[77.5045042,12.9902033],[77.5043702,12.990221],[77.5041779,12.9902223],[77.5039902,12.9902236],[77.5037751,12.990205],[77.5037559,12.9902025],[77.503624,12.9901852],[77.503402,12.990156],[77.5033595,12.9901504],[77.503335,12.9901456],[77.5032201,12.9901233],[77.503143,12.9901084],[77.5027895,12.9900137],[77.5026017,12.9899476],[77.5023785,12.9898842],[77.5015849,12.9895916],[77.50128,12.9894645],[77.5009136,12.9893117],[77.5003111,12.9890655],[77.5001452,12.9890034],[77.50012,12.988973],[77.5001055,12.9889554],[77.4996123,12.9886401],[77.4995243,12.9885838],[77.4995117,12.988913],[77.4995117,12.9889131],[77.4995097,12.9889132],[77.4994322,12.9889155],[77.4992495,12.9889138],[77.4990254,12.9889118],[77.4989573,12.9889112],[77.4988266,12.9889055],[77.4987204,12.9889008],[77.4985598,12.9888938],[77.4984887,12.9888803],[77.4983003,12.9888445],[77.49746,12.988685],[77.4974214,12.9886777],[77.4973919,12.98867],[77.4973517,12.9886596],[77.4969224,12.9885481],[77.4967698,12.9885085],[77.4957154,12.9882297],[77.4951965,12.9880917],[77.4951854,12.9880888],[77.4949733,12.9880324],[77.4949084,12.9880152],[77.4947424,12.987967],[77.4942543,12.9878254],[77.4932937,12.9875602],[77.4927074,12.9873924],[77.4921932,12.9872395],[77.4913634,12.9869894],[77.491187,12.9869352],[77.4910189,12.9868835],[77.4910076,12.98688],[77.4905246,12.9867315],[77.4895508,12.9864673],[77.4887874,12.9862603],[77.4876193,12.9859743],[77.4870379,12.9858242],[77.4862502,12.9856103],[77.4861535,12.9855804],[77.4858591,12.9854895],[77.4856142,12.9854189],[77.4856089,12.9854173],[77.4855707,12.9854063],[77.4847314,12.9851642],[77.4844845,12.9851001],[77.4844783,12.9850985],[77.4841453,12.985012],[77.4839552,12.9849865],[77.4839551,12.9849865],[77.4838612,12.9849739],[77.4835865,12.9849633],[77.4832157,12.9849769],[77.4823754,12.9850586],[77.481977,12.9851277],[77.4807609,12.9853612],[77.4801457,12.9854816],[77.4795786,12.985607],[77.4795751,12.9856078],[77.4793058,12.9856673],[77.4793032,12.9856679],[77.4792826,12.9856724],[77.4789669,12.9857442],[77.4787008,12.9858289],[77.4784975,12.9859096],[77.4781185,12.9860602],[77.4771633,12.9865152],[77.4766484,12.98676],[77.4766408,12.9867636],[77.4760117,12.9870627],[77.475998,12.9870692],[77.4759702,12.9870822],[77.4751945,12.987445],[77.4744485,12.9877938],[77.4735962,12.9881936],[77.473571,12.9882054],[77.4727823,12.9885754],[77.4715523,12.9891629],[77.4703527,12.989741],[77.4703226,12.9897555],[77.4701161,12.989855],[77.4702198,12.9902804],[77.470252,12.9903917],[77.4703226,12.9906356],[77.4704345,12.9910201],[77.4705277,12.9913132],[77.4706131,12.9915815],[77.4706274,12.9916266],[77.4706726,12.9917813],[77.4707257,12.9919631],[77.4707257,12.9919632],[77.470768,12.992108],[77.470768,12.9921081],[77.4708333,12.9923316],[77.4708515,12.9924081],[77.470868,12.9924771],[77.4709395,12.992777],[77.4710965,12.9933027],[77.4713306,12.9938562],[77.4712299,12.9942353],[77.4712533,12.9946035],[77.4716572,12.9954095],[77.4717671,12.9954681],[77.4720174,12.9959669],[77.4722766,12.9965382],[77.4724251,12.9967559],[77.472458,12.9968041],[77.472465,12.9968144],[77.4728824,12.9967265],[77.4729057,12.996808],[77.4730493,12.9973092],[77.4731668,12.9974855],[77.4735674,12.9988715],[77.4740826,12.9991466],[77.4740875,12.9991492],[77.4740899,12.9991505],[77.4742022,12.9992182],[77.474315,12.9992059],[77.4748574,12.9991468],[77.4751111,12.9991258],[77.4756674,12.9990585],[77.4764816,12.9989288],[77.4772886,12.9987755],[77.4786109,12.9984803],[77.4799479,12.9979569],[77.4799614,12.9979517],[77.481368,12.9974151],[77.4814003,12.9973828],[77.4816071,12.9973203],[77.4818982,12.9972598],[77.4819654,12.9972459],[77.4820078,12.9972371],[77.4823652,12.9972716],[77.4824624,12.9972858],[77.4825982,12.9973036],[77.4829276,12.99735],[77.4833104,12.9974064],[77.484972,12.9974451],[77.4849739,12.9974458],[77.4856124,12.9974705],[77.4859529,12.9974857],[77.4860267,12.9975108],[77.486074,12.9975413],[77.4860625,12.9974114],[77.4866806,12.9975256],[77.4875869,12.9977455],[77.4886134,12.9980278],[77.4887708,12.9981209],[77.4888376,12.9981939],[77.4888707,12.9982041],[77.4891555,12.9984087],[77.4891455,12.9984253],[77.4892584,12.9984827],[77.489391,12.9985502],[77.4897155,12.9987481],[77.4900545,12.9989754],[77.4901925,12.9990686],[77.4903443,12.9991725],[77.4903939,12.9992048],[77.4905978,12.9993373],[77.490713,12.9994104],[77.4909232,12.9995512],[77.491099,12.9996855],[77.4911545,12.9997324],[77.491331,12.9999154],[77.4914674,13.0000568],[77.4917564,13.0003573],[77.4920487,13.0006754],[77.4922127,13.0008538],[77.4932509,13.0007724],[77.4932876,13.0007695],[77.4937473,13.0013184],[77.4939208,13.0015256],[77.4943172,13.0019989],[77.4945392,13.0022542],[77.4948185,13.0025754],[77.4949533,13.0027305],[77.4955991,13.0037646],[77.4960805,13.0044219],[77.4961275,13.004486],[77.4970719,13.005635],[77.4973119,13.0059269],[77.4977172,13.0068301],[77.4979944,13.0074478],[77.498066,13.0076197],[77.498182,13.007713],[77.498916,13.0083329],[77.4989491,13.0083608],[77.4992384,13.0085751],[77.4992471,13.008572],[77.4992691,13.008564],[77.4995081,13.0084922],[77.499545,13.0084817],[77.4998223,13.0084024],[77.4999297,13.0083741],[77.5001161,13.008319],[77.5002228,13.0082782],[77.5002265,13.0082768],[77.5003188,13.0082414],[77.5004882,13.0081624],[77.5005346,13.0081389],[77.500644,13.008074],[77.5007907,13.0079767],[77.500827,13.0079427],[77.5008282,13.0079491],[77.5008787,13.0082251],[77.5011302,13.0094419],[77.5012255,13.0094509],[77.501256,13.0094538],[77.5012574,13.0094539],[77.5022816,13.0095509],[77.5022992,13.0095523],[77.5023693,13.009559],[77.5027656,13.0095967],[77.5030359,13.0096224],[77.5030363,13.0096225],[77.503894,13.0097084],[77.5038941,13.0097084],[77.505148,13.0098345],[77.5061894,13.0099388],[77.5061649,13.009906],[77.5060646,13.0097709],[77.506002,13.0096164],[77.5059163,13.0093371],[77.5058247,13.0089644],[77.505757,13.0086615],[77.5056796,13.0082463],[77.5056296,13.0080197],[77.505586,13.0078363],[77.5055283,13.0075602],[77.5055011,13.0074301],[77.5054197,13.0070209],[77.5053649,13.0067551],[77.5052923,13.0064033],[77.5052036,13.0058909],[77.5051326,13.0054633],[77.5050421,13.0049065],[77.5050028,13.004662],[77.5049994,13.0046428],[77.5051487,13.0045799],[77.5051649,13.004573],[77.5052533,13.0045358],[77.5053428,13.0044981],[77.5054459,13.0044743],[77.5058341,13.0043908],[77.5059458,13.0043684],[77.5060773,13.0043528],[77.5063879,13.0043211],[77.5068827,13.0042575],[77.5072223,13.0042305],[77.5071087,13.0037541],[77.5069462,13.0030726],[77.5068658,13.0027071],[77.5067668,13.0022512],[77.5066712,13.0017888],[77.5065888,13.0013538],[77.5065069,13.0009209],[77.5063892,13.0001324],[77.5063517,13.0000525],[77.5062191,12.9999042],[77.5061655,12.9998344],[77.5061526,12.9998176],[77.5061289,12.9996931],[77.5061077,12.9995819],[77.5060399,12.9992171],[77.5059779,12.9989259],[77.506343,12.9988187],[77.5071556,12.9985841],[77.5072404,12.9985467],[77.5072544,12.9984901],[77.5072617,12.9984392],[77.5073176,12.9984283],[77.5074445,12.9983824],[77.5083412,12.998068],[77.5084448,12.9980316],[77.5090766,12.9978332],[77.5095814,12.9976781],[77.5098371,12.9976077],[77.510016,12.9975805],[77.5100361,12.9975787],[77.5105678,12.9974736],[77.5109403,12.9973781],[77.5109986,12.9978335],[77.5110191,12.9979942],[77.5110221,12.9979938],[77.5121527,12.99783],[77.5138277,12.9975939],[77.5139517,12.9985406],[77.5139856,12.9988367],[77.516217,12.9983997],[77.5162247,12.9988053],[77.5169337,12.9990136],[77.5169346,12.9990129],[77.5180346,12.9981902],[77.5180368,12.9981908],[77.5187435,12.9983865],[77.5188698,12.9988275],[77.5193902,12.9992911],[77.5194047,12.999833],[77.518946,13.0005206],[77.5182949,13.0012683],[77.5181763,13.0013921],[77.5182923,13.0028869],[77.5177716,13.0037168],[77.5177187,13.0044349],[77.51771,13.0045529],[77.5177089,13.004569],[77.5177029,13.0059129],[77.5177029,13.0059158],[77.5177049,13.0060506],[77.517355,13.0063529],[77.5173528,13.0063548],[77.517354,13.0063762],[77.5173357,13.0066637],[77.5173767,13.0068312],[77.5173785,13.0068386],[77.517455,13.0071504],[77.5174109,13.0075102],[77.5174085,13.00753],[77.5173606,13.0079209],[77.5172888,13.0082993],[77.5175885,13.0085211],[77.5180502,13.0088797],[77.5182506,13.0091457],[77.5185065,13.0096213],[77.5187758,13.0102163],[77.5188795,13.0103468],[77.5190639,13.0105052],[77.5191068,13.0106506],[77.5190829,13.0109266],[77.5193341,13.0108827],[77.519555,13.0108052],[77.5196448,13.0107847],[77.5197213,13.010968],[77.5198561,13.0113087],[77.5198587,13.0113152],[77.5199475,13.0115396],[77.5200025,13.0117781],[77.5200001,13.012486],[77.5199999,13.0125402],[77.5200278,13.012527],[77.5200592,13.0125121],[77.5200635,13.0125116],[77.5203017,13.0124853],[77.5203288,13.0124824],[77.5205714,13.0124867],[77.5207167,13.0124998],[77.520796,13.0125107],[77.5208298,13.0125153],[77.5209478,13.0125427],[77.5209583,13.0125446],[77.5209635,13.0125463],[77.5209884,13.0125521],[77.5211036,13.0125859],[77.5212214,13.01263],[77.5211972,13.0126581],[77.5211627,13.0127223],[77.5210248,13.0131479],[77.5210216,13.0131578],[77.5209527,13.0133934],[77.5209985,13.0134066],[77.5214335,13.0135317],[77.5215627,13.0135689],[77.5226038,13.0139146],[77.5226821,13.0139406],[77.5224607,13.0145768],[77.522389,13.0147866],[77.5222742,13.0153378],[77.522274,13.015339],[77.5222575,13.0154177],[77.5235302,13.0156021],[77.5235314,13.0155819],[77.5244185,13.0156729],[77.5247503,13.0156378],[77.526146,13.0154804],[77.526437,13.0157613],[77.5265473,13.0157513],[77.5277796,13.0155773],[77.5281965,13.0154976]]]}},{"type":"Feature","properties":{"KGISSub_DivisionID":33,"Sub_DivisionName":"E23"},"geometry":{"type":"Polygon","coordinates":[[[77.6496027,13.0812575],[77.6496126,13.0812176],[77.6498255,13.0812607],[77.6499357,13.0813083],[77.6500137,13.081342],[77.6513191,13.0815222],[77.6547911,13.0819952],[77.6548567,13.0819133],[77.6549755,13.0813247],[77.6558121,13.0771812],[77.6561296,13.0762872],[77.6562756,13.0758755],[77.6564308,13.0748637],[77.6565317,13.0748501],[77.6577884,13.0730595],[77.6577898,13.0730565],[77.6578243,13.0729836],[77.6578247,13.0729832],[77.6578701,13.0729277],[77.6581491,13.0723049],[77.6586225,13.0712688],[77.6587795,13.0709078],[77.6588486,13.0707037],[77.6589688,13.0703488],[77.6591368,13.0698531],[77.6592816,13.0693678],[77.6593947,13.0690326],[77.6595548,13.0685966],[77.6595825,13.0685275],[77.659697,13.0682424],[77.6597588,13.0680672],[77.6601433,13.0678013],[77.6604633,13.067819],[77.6620705,13.0674468],[77.6622062,13.0672967],[77.6630775,13.0671474],[77.663237,13.0671433],[77.6636328,13.0671903],[77.663667,13.0669526],[77.6657265,13.0662292],[77.6670259,13.0659388],[77.6670558,13.0657128],[77.6672435,13.0642943],[77.667278,13.0640339],[77.6684882,13.0648869],[77.6698877,13.0658433],[77.6700565,13.0659546],[77.6701199,13.0659965],[77.6733019,13.0655447],[77.6732916,13.0653906],[77.6732816,13.0652412],[77.6738099,13.0651384],[77.674453,13.0650172],[77.6747132,13.0649719],[77.6750453,13.064914],[77.6753214,13.0648659],[77.6760619,13.0649562],[77.6763303,13.0650595],[77.6765373,13.0650479],[77.6767235,13.0650942],[77.6769072,13.0650638],[77.6766874,13.0639195],[77.6766778,13.0638699],[77.6766215,13.0635765],[77.67685,13.0635307],[77.6768555,13.0635296],[77.6770512,13.0634904],[77.6769918,13.0631765],[77.6769486,13.0629481],[77.6774253,13.0628991],[77.6782217,13.0628227],[77.6789727,13.0628011],[77.6790285,13.0627994],[77.6794986,13.0619024],[77.6795034,13.0618933],[77.6795421,13.0618195],[77.6795294,13.0613249],[77.6793225,13.060873],[77.6793066,13.0605622],[77.6792984,13.0604029],[77.6793332,13.0595244],[77.6794166,13.0588164],[77.6794441,13.0585827],[77.6791109,13.0580048],[77.6790021,13.0580237],[77.6790018,13.0580224],[77.6789623,13.0578441],[77.6790694,13.0575247],[77.6791725,13.0575414],[77.6793435,13.0566205],[77.6794034,13.0560029],[77.6794262,13.055768],[77.6793085,13.0555319],[77.6788986,13.0552182],[77.678804,13.0548864],[77.6786076,13.0535436],[77.678475,13.0532949],[77.6784529,13.0527046],[77.6784344,13.0526361],[77.6783705,13.0524007],[77.678371,13.0523946],[77.6786728,13.0523947],[77.6791642,13.0524293],[77.6796765,13.0524527],[77.6798931,13.0524466],[77.6800324,13.05241],[77.6801677,13.0523467],[77.6803169,13.0522739],[77.6805643,13.0521575],[77.680864,13.0520248],[77.6809566,13.0519977],[77.6810203,13.0519968],[77.681061,13.0519436],[77.6810847,13.0519026],[77.6833366,13.0499558],[77.6847506,13.0458341],[77.6849362,13.0453459],[77.6850403,13.0450722],[77.6849772,13.0441885],[77.6849747,13.0439436],[77.6849485,13.0435969],[77.6849219,13.0433644],[77.6848627,13.0426454],[77.6848345,13.042255],[77.6847725,13.041792],[77.6847411,13.041621],[77.6846505,13.0411277],[77.6845804,13.0407456],[77.6844784,13.0402198],[77.6844499,13.0400724],[77.6843941,13.0397737],[77.6843209,13.0393812],[77.6842732,13.039141],[77.6841521,13.038532],[77.6841228,13.0383854],[77.684021,13.0378767],[77.6839975,13.0377596],[77.6839765,13.0376261],[77.6839549,13.0374328],[77.6839408,13.0373069],[77.6839434,13.0372452],[77.6839514,13.0370597],[77.6839818,13.0368963],[77.683983,13.0368913],[77.6840506,13.0365937],[77.6838577,13.0360639],[77.6838097,13.0355393],[77.6837403,13.0351946],[77.6837378,13.0349689],[77.6836841,13.0348747],[77.6836541,13.0341776],[77.6836396,13.0340062],[77.6835767,13.0334266],[77.6835456,13.0331403],[77.6835438,13.0331229],[77.6835379,13.0330689],[77.6835911,13.0330658],[77.6836032,13.033126],[77.6836079,13.0331384],[77.6836486,13.0331617],[77.6837014,13.0331654],[77.6850941,13.0332606],[77.6850786,13.0333714],[77.6850748,13.033399],[77.6859027,13.0334829],[77.6864246,13.0335235],[77.6866573,13.0335231],[77.6867372,13.0335127],[77.6868946,13.0334798],[77.6869298,13.0334652],[77.6871218,13.0333854],[77.6872302,13.0333629],[77.6873801,13.033331],[77.6881276,13.0331612],[77.6883089,13.0331253],[77.6883944,13.0331096],[77.6888401,13.0330273],[77.6892694,13.0329641],[77.6897612,13.0328258],[77.690843,13.0325961],[77.6910518,13.0322409],[77.6925447,13.0298406],[77.6925897,13.0297766],[77.6925947,13.0297603],[77.6926339,13.0296326],[77.6927228,13.0295025],[77.6928239,13.0293603],[77.6928881,13.0292303],[77.6929456,13.0290785],[77.6929651,13.0290422],[77.6930069,13.0289904],[77.693057,13.0288854],[77.6930921,13.0288438],[77.6932048,13.0287373],[77.6935103,13.0282883],[77.6938969,13.0276564],[77.6942744,13.0269739],[77.6943213,13.0268891],[77.6943303,13.0268728],[77.6944073,13.0267335],[77.6944056,13.026731],[77.6942224,13.0265995],[77.6935332,13.0260037],[77.6926934,13.0253604],[77.6917829,13.0246121],[77.6916719,13.0245209],[77.6913221,13.024215],[77.6910846,13.0240072],[77.6910273,13.0239391],[77.6910238,13.0238747],[77.6909069,13.023786],[77.6906243,13.0235719],[77.6903753,13.0234086],[77.6902118,13.0232943],[77.6901453,13.023247],[77.6899568,13.023113],[77.6897876,13.0229752],[77.6894861,13.0227259],[77.6892776,13.0225547],[77.6892322,13.0225164],[77.6888342,13.0222076],[77.6887252,13.0221543],[77.688475,13.022073],[77.6883717,13.022051],[77.6883411,13.022046],[77.6872856,13.022319],[77.6866582,13.0224982],[77.6865767,13.0225123],[77.6864763,13.0225471],[77.6864207,13.0225663],[77.685871,13.0226777],[77.6855834,13.0227362],[77.6853182,13.0227815],[77.6852276,13.0227966],[77.683872,13.022935],[77.6836914,13.022955],[77.6821339,13.0227488],[77.6812305,13.02261],[77.6780784,13.022143],[77.6764521,13.0218802],[77.6740403,13.0215752],[77.673132,13.0214316],[77.672922,13.0213956],[77.6726981,13.0212043],[77.6724178,13.0208656],[77.6713355,13.0196169],[77.6710648,13.0192536],[77.6704871,13.0184783],[77.6701735,13.0180967],[77.6700278,13.0181624],[77.6699673,13.0181897],[77.6697291,13.0178356],[77.669509,13.0175084],[77.6692902,13.0171115],[77.6691073,13.0168825],[77.6688073,13.0166407],[77.6685456,13.016403],[77.6683446,13.0162129],[77.668208,13.0160898],[77.668148,13.0160357],[77.6679253,13.0158714],[77.6677931,13.0157941],[77.667534,13.0156514],[77.6672194,13.0154856],[77.6670625,13.0154137],[77.6669705,13.0153812],[77.666688,13.0152814],[77.6664124,13.0151866],[77.6661147,13.0150726],[77.665923,13.0149904],[77.6655587,13.0148213],[77.6654179,13.0147271],[77.6651984,13.0145712],[77.6650884,13.0144903],[77.6647933,13.0142402],[77.6647186,13.0141852],[77.6646342,13.014123],[77.6644081,13.0139828],[77.6643389,13.0139513],[77.6642519,13.0139118],[77.6640077,13.0137796],[77.6638959,13.0136859],[77.6638223,13.0136196],[77.6637734,13.0135756],[77.6636812,13.0134851],[77.6636532,13.0134565],[77.663573,13.0133342],[77.6635536,13.0132577],[77.6635262,13.0129462],[77.6633534,13.012988],[77.6632587,13.013011],[77.6631102,13.0130469],[77.6631051,13.0130482],[77.6629086,13.0130958],[77.662881,13.0131025],[77.6626867,13.0131527],[77.6626196,13.0131701],[77.6624384,13.013217],[77.6623747,13.0132334],[77.6622754,13.0132591],[77.6622616,13.0132626],[77.6621553,13.014736],[77.6620851,13.0155211],[77.6620834,13.0155299],[77.6620811,13.0155585],[77.6620359,13.0158131],[77.6619951,13.01598],[77.6619771,13.016054],[77.6619673,13.016094],[77.6619119,13.016196],[77.6618944,13.0162156],[77.6617703,13.0163545],[77.6617375,13.0163912],[77.6617334,13.0163941],[77.6617101,13.016419],[77.6616734,13.0164351],[77.661658,13.0164457],[77.6612284,13.0166316],[77.6612106,13.0166389],[77.6610779,13.0166974],[77.660172,13.0170728],[77.6599668,13.0171579],[77.6589773,13.017592],[77.6584791,13.0178037],[77.6573668,13.0182764],[77.6572624,13.0183216],[77.6563557,13.0187481],[77.6556942,13.0191658],[77.6556752,13.0191777],[77.6556741,13.0191784],[77.6554598,13.0193138],[77.6547299,13.0196406],[77.6544972,13.0197542],[77.6533318,13.0202741],[77.6530533,13.0208367],[77.6525197,13.0212782],[77.6524251,13.0213565],[77.6522933,13.0214162],[77.6519214,13.0215848],[77.6513078,13.0218654],[77.6510056,13.0220035],[77.6506582,13.0221209],[77.6506741,13.0221715],[77.6498215,13.0224333],[77.6494284,13.0225583],[77.6490716,13.0226522],[77.6485286,13.0227992],[77.6481543,13.0229073],[77.6479006,13.0230101],[77.6468895,13.0234608],[77.6467938,13.0234926],[77.6455248,13.023914],[77.6454665,13.0237157],[77.6452509,13.023811],[77.6449051,13.0239638],[77.6442371,13.0242468],[77.6429978,13.0247982],[77.6421115,13.025185],[77.6417419,13.0253494],[77.6412089,13.0255729],[77.6402153,13.0259959],[77.6400554,13.026064],[77.6398792,13.0261306],[77.639457,13.0262266],[77.6394698,13.0264276],[77.6394703,13.0264365],[77.6394815,13.0266123],[77.6386088,13.0267487],[77.6386039,13.0267495],[77.6384792,13.026769],[77.6384797,13.0268313],[77.6384802,13.0269044],[77.638499,13.0270764],[77.6385392,13.0274458],[77.6385232,13.0274848],[77.63845,13.0274987],[77.638397,13.0275119],[77.6383842,13.0275389],[77.6384789,13.0281541],[77.6383827,13.0281556],[77.6381952,13.0281388],[77.6381629,13.0281358],[77.6381796,13.028237],[77.638442,13.02982],[77.6389989,13.029767],[77.6390052,13.0298081],[77.6390954,13.0302792],[77.6391357,13.0304898],[77.6390887,13.0305018],[77.6389872,13.0305276],[77.6388008,13.0305783],[77.6385143,13.030656],[77.6384761,13.0306727],[77.6384425,13.0306964],[77.638334,13.0307636],[77.6382189,13.0308349],[77.6382089,13.0308401],[77.6381247,13.0308842],[77.6379972,13.030951],[77.6379152,13.0309893],[77.6379023,13.0309953],[77.6378993,13.0309966],[77.6377237,13.0310695],[77.6376936,13.0310819],[77.6376571,13.0310953],[77.6376114,13.0311121],[77.6375685,13.0311279],[77.6375453,13.0311356],[77.6370082,13.0313261],[77.6368095,13.031403],[77.6366108,13.0314797],[77.6364066,13.0315587],[77.6363523,13.0315872],[77.636107,13.031716],[77.6360882,13.0317256],[77.6360531,13.0317436],[77.6361934,13.031902],[77.6362211,13.0319298],[77.6363977,13.0321073],[77.6364419,13.0321471],[77.6366325,13.0323183],[77.6367264,13.0323981],[77.6371578,13.0327242],[77.6371652,13.0327304],[77.6376261,13.0331183],[77.6377427,13.0332164],[77.6378253,13.0332993],[77.6378977,13.0333652],[77.6379527,13.033418],[77.6381944,13.03367],[77.6385091,13.0339735],[77.6386391,13.0340981],[77.6386794,13.0341378],[77.6388215,13.034278],[77.6388334,13.0342897],[77.6389365,13.0344004],[77.638942,13.0344071],[77.639038,13.0345232],[77.6390775,13.0345709],[77.6391699,13.0347075],[77.6391973,13.0347458],[77.6393812,13.0350197],[77.6396136,13.0353631],[77.639753,13.0355751],[77.6398021,13.0356637],[77.6398412,13.0357344],[77.6398672,13.0357766],[77.6399806,13.0359818],[77.6401251,13.0362169],[77.6401457,13.0362505],[77.640155,13.0362646],[77.6401659,13.0362789],[77.6402642,13.0363965],[77.6403076,13.0364334],[77.6405117,13.0365952],[77.6405353,13.0366111],[77.6405842,13.0366429],[77.6407452,13.0367445],[77.6409367,13.0368625],[77.6409504,13.0368708],[77.6411012,13.0369716],[77.6411104,13.0369801],[77.6411151,13.0369833],[77.6411408,13.0370082],[77.6411813,13.0370454],[77.6411855,13.0370514],[77.6412169,13.037095],[77.641217,13.0370951],[77.6412431,13.0371524],[77.6412676,13.0372294],[77.6413015,13.0373361],[77.6413186,13.0373975],[77.6413398,13.0374731],[77.6413598,13.0375449],[77.6413731,13.0376146],[77.641385,13.0376767],[77.6413954,13.0377313],[77.6414048,13.0378412],[77.641413,13.0379378],[77.6414594,13.0380004],[77.6414577,13.0379955],[77.6417745,13.0384253],[77.6420105,13.0387455],[77.6422732,13.039104],[77.6425226,13.0394396],[77.6425748,13.0395099],[77.6427258,13.039713],[77.6428192,13.0398369],[77.6431667,13.0402981],[77.6437131,13.0410319],[77.643738,13.0410659],[77.6440367,13.041483],[77.644303,13.0418548],[77.6449666,13.0427787],[77.6450059,13.042853],[77.6449038,13.0429757],[77.6445671,13.0433803],[77.6441,13.0439121],[77.6433044,13.0440227],[77.6418134,13.0443295],[77.6413574,13.0443686],[77.6411981,13.0443876],[77.6410936,13.0443997],[77.6408083,13.0444721],[77.6402264,13.0445017],[77.6401468,13.04448],[77.639874,13.0445196],[77.6389979,13.0446467],[77.6387082,13.044513],[77.6380783,13.0442829],[77.6371495,13.04397],[77.6371496,13.0439715],[77.6371617,13.0442614],[77.6371646,13.0443303],[77.6371525,13.0444568],[77.6371517,13.0444652],[77.6370821,13.0444682],[77.6370794,13.0444683],[77.6370652,13.0444689],[77.6370755,13.0446763],[77.6370763,13.0446928],[77.6370817,13.0448016],[77.6371239,13.0451659],[77.6371691,13.0454282],[77.6372376,13.045825],[77.6372586,13.045881],[77.63731,13.0460177],[77.6373477,13.046118],[77.637348,13.0461186],[77.6374258,13.0463256],[77.6375484,13.0466147],[77.6376673,13.0468858],[77.6376555,13.0469287],[77.6377293,13.0471531],[77.6377683,13.0471936],[77.6379196,13.0478924],[77.6379789,13.0484502],[77.6379887,13.0485177],[77.6380216,13.0487424],[77.6380593,13.0490003],[77.6381069,13.0492907],[77.6381783,13.0494808],[77.6382221,13.0495976],[77.6383131,13.0497973],[77.6383818,13.0499451],[77.6384001,13.0500058],[77.638407,13.0500479],[77.6383316,13.0500557],[77.638331,13.0500558],[77.6382764,13.0500614],[77.6382528,13.0500639],[77.6381475,13.0500748],[77.6381514,13.0500929],[77.6381848,13.0502515],[77.6382072,13.0503713],[77.6382373,13.0505322],[77.6382388,13.0505405],[77.6383425,13.0510955],[77.6383649,13.0512156],[77.6384072,13.0513991],[77.6384513,13.0515907],[77.6383987,13.0516003],[77.6378674,13.0516974],[77.6378008,13.0517096],[77.6378012,13.0517147],[77.6378094,13.0517709],[77.6378344,13.0519414],[77.6379331,13.0526154],[77.637975,13.0529519],[77.6380061,13.0532022],[77.6380183,13.0533003],[77.6380248,13.0533324],[77.6381205,13.0538046],[77.6383129,13.0543284],[77.6383392,13.0545349],[77.6382953,13.054559],[77.6382216,13.0545996],[77.6381534,13.0546372],[77.6382103,13.0548943],[77.6382289,13.0549784],[77.6382966,13.0551898],[77.638316,13.0564105],[77.6383171,13.0564796],[77.6383378,13.0577861],[77.6383364,13.0577957],[77.6383198,13.057914],[77.6382469,13.0584311],[77.6381277,13.0590753],[77.6381544,13.0598835],[77.6381564,13.0599427],[77.6381619,13.0601103],[77.6381813,13.0606962],[77.638183,13.060749],[77.6381878,13.0608943],[77.6382685,13.0618622],[77.6382744,13.0619329],[77.6382966,13.0622003],[77.6383451,13.0627823],[77.6383817,13.0634448],[77.6383948,13.0636825],[77.6384036,13.0638416],[77.6384281,13.0642854],[77.6385348,13.0653779],[77.6385982,13.0658382],[77.638605,13.0658736],[77.638656,13.0661403],[77.6386699,13.0662129],[77.6387412,13.0665859],[77.6388308,13.0669047],[77.6390037,13.0675194],[77.6390348,13.0676299],[77.6391138,13.0679604],[77.6393951,13.0691369],[77.6394599,13.0694078],[77.6395272,13.0696892],[77.639513,13.0699038],[77.6394618,13.070675],[77.6394678,13.0711713],[77.639468,13.0711917],[77.6394441,13.0714302],[77.6394397,13.0714742],[77.6394475,13.0716641],[77.6394751,13.0718027],[77.6394795,13.0718247],[77.6394623,13.0725916],[77.6394493,13.0731757],[77.6394535,13.0734099],[77.6394598,13.0737588],[77.6394619,13.0738724],[77.6394656,13.0740819],[77.6394717,13.0742868],[77.6394824,13.0745166],[77.639504,13.0749819],[77.6395061,13.0750227],[77.639488,13.0750252],[77.6391633,13.0750689],[77.6383262,13.0751817],[77.6382378,13.0751936],[77.6384254,13.0754253],[77.6388481,13.0759474],[77.63887,13.0759684],[77.6389055,13.0760023],[77.6390925,13.0761809],[77.6393944,13.0764694],[77.6395591,13.0766678],[77.6396317,13.076696],[77.6402761,13.076993],[77.6405184,13.0769937],[77.6405904,13.076994],[77.6408349,13.0769947],[77.6409494,13.076995],[77.6411037,13.0770427],[77.6411162,13.0770466],[77.6414178,13.0771399],[77.6414924,13.0771816],[77.641578,13.0772294],[77.6416465,13.0774061],[77.6417008,13.077546],[77.6420676,13.0778697],[77.6426554,13.0790326],[77.642697,13.079106],[77.6427464,13.0791931],[77.6432295,13.0800449],[77.6437711,13.0809907],[77.644063,13.0814326],[77.6441143,13.0815102],[77.6441214,13.0815211],[77.6441298,13.0815337],[77.6442456,13.0817091],[77.6443262,13.0818311],[77.6445435,13.0822235],[77.644566,13.0822503],[77.6446504,13.0824266],[77.6447044,13.0825396],[77.6451291,13.0830439],[77.6452456,13.0831823],[77.6453589,13.0833168],[77.6458447,13.0840552],[77.6462293,13.0846823],[77.646456,13.0850385],[77.6465959,13.0852582],[77.6466087,13.0852784],[77.6469419,13.0847464],[77.6469492,13.0847347],[77.6474639,13.0840876],[77.6477295,13.0837525],[77.6482071,13.0831084],[77.6489206,13.0822211],[77.6491833,13.0818243],[77.6493291,13.0816588],[77.6494633,13.0814934],[77.649593,13.0812874],[77.6496027,13.0812575]]]}},{"type":"Feature","properties":{"KGISSub_DivisionID":34,"Sub_DivisionName":"W11"},"geometry":{"type":"Polygon","coordinates":[[[77.5703906,12.9819145],[77.5703802,12.9818953],[77.5703388,12.9818197],[77.5700876,12.9814349],[77.5700546,12.9813906],[77.5700326,12.9813612],[77.5702101,12.9812199],[77.5702243,12.9812086],[77.5702258,12.9812075],[77.570058,12.9810303],[77.569803,12.9806512],[77.5696573,12.9803698],[77.5696233,12.980304],[77.5695345,12.9799604],[77.5692799,12.9784971],[77.5692733,12.9784554],[77.5691858,12.9779096],[77.5690926,12.9773768],[77.5690818,12.9773155],[77.5689847,12.9769256],[77.5689521,12.9767951],[77.5688759,12.9762729],[77.5691276,12.9753724],[77.5693931,12.9744224],[77.5693886,12.9744167],[77.5693491,12.9744025],[77.5692397,12.9743631],[77.5693049,12.9741056],[77.569328,12.9740142],[77.569334,12.973702],[77.5693328,12.9736989],[77.5693137,12.9736501],[77.5692985,12.9736112],[77.5692984,12.9736109],[77.5691475,12.9732243],[77.5691432,12.9732134],[77.5690475,12.9729659],[77.568934,12.9726723],[77.568913,12.9726181],[77.5688046,12.9723377],[77.5687788,12.9722708],[77.5686252,12.9718555],[77.5686063,12.9718043],[77.5685346,12.9716104],[77.5684186,12.9712965],[77.5683997,12.9712455],[77.5683686,12.9711613],[77.5683345,12.9710611],[77.5683098,12.9709888],[77.5682425,12.9707912],[77.5682215,12.9707095],[77.568144,12.9704079],[77.5681235,12.9703283],[77.5681095,12.9702512],[77.568107,12.9702269],[77.5680993,12.9701522],[77.5680983,12.9701347],[77.5680893,12.9699765],[77.5680671,12.9695898],[77.5680561,12.9693983],[77.5680476,12.9692162],[77.5680475,12.9692125],[77.5680242,12.9688445],[77.5680234,12.9688338],[77.568023,12.9688263],[77.5674709,12.9689023],[77.5674307,12.9689123],[77.5674276,12.9689143],[77.5674129,12.9689239],[77.5673997,12.9689416],[77.5673966,12.9689471],[77.5673129,12.9690986],[77.5672236,12.9692604],[77.5671798,12.9693534],[77.5671099,12.969581],[77.5671069,12.9695906],[77.5670858,12.9696593],[77.5670949,12.9698252],[77.5671072,12.9700493],[77.5671064,12.9701122],[77.5671061,12.9701307],[77.5671058,12.9701573],[77.5671002,12.9701955],[77.5670958,12.9702088],[77.5670865,12.970225],[77.5670688,12.9702467],[77.567045,12.9702636],[77.5669436,12.9703254],[77.5666963,12.9704667],[77.5666938,12.9704687],[77.5664349,12.9706791],[77.5664348,12.9706791],[77.5664152,12.9706951],[77.5663631,12.9706355],[77.5660326,12.9702701],[77.5660016,12.9702358],[77.565885,12.9701068],[77.5658264,12.9700442],[77.5657652,12.9699805],[77.5653747,12.969542],[77.5652711,12.9694299],[77.5652605,12.9694185],[77.5651071,12.9692525],[77.5651044,12.9692498],[77.5649397,12.9690827],[77.5648618,12.9689976],[77.564688,12.9687981],[77.5646315,12.9687296],[77.5646234,12.9687197],[77.5645274,12.9686034],[77.564384,12.9684339],[77.5642999,12.9683291],[77.5642764,12.968297],[77.5642762,12.9682968],[77.5642225,12.9682234],[77.5641869,12.9681749],[77.5641595,12.9681375],[77.5641551,12.9681315],[77.5640958,12.9680501],[77.5640816,12.9680307],[77.5640559,12.9680229],[77.5639326,12.9679637],[77.5638152,12.9679073],[77.5635669,12.967788],[77.5633702,12.967619],[77.563054,12.9674464],[77.5629024,12.9673915],[77.5628758,12.9673819],[77.5627262,12.9673277],[77.5625223,12.9672951],[77.5622009,12.9673281],[77.5617962,12.9674325],[77.5615115,12.9675887],[77.5613206,12.9676945],[77.5612999,12.967706],[77.561246,12.9677358],[77.5612182,12.9677544],[77.5611932,12.9677747],[77.5611088,12.9678529],[77.5610885,12.967871],[77.5608915,12.9680471],[77.5608532,12.9680821],[77.5607045,12.9682177],[77.560698,12.9682235],[77.5605341,12.968371],[77.5604146,12.9684832],[77.5603546,12.9685423],[77.560308,12.9685881],[77.5602369,12.968661],[77.5602018,12.9686934],[77.5601379,12.9687397],[77.5601152,12.9687535],[77.5600746,12.9687782],[77.560046,12.9687955],[77.5600043,12.9688188],[77.5599881,12.9688262],[77.5599719,12.9688335],[77.5599281,12.9688534],[77.5599194,12.9688567],[77.5596771,12.9689473],[77.5594314,12.9690261],[77.5593906,12.9690392],[77.5592068,12.9690982],[77.5591011,12.9691281],[77.5590331,12.9691474],[77.5590056,12.9691552],[77.5589316,12.9691761],[77.5587039,12.9692274],[77.5585096,12.9692711],[77.5583055,12.9693167],[77.5582738,12.9693237],[77.5580691,12.9693695],[77.5579333,12.9693979],[77.5578905,12.9694069],[77.557861,12.9694131],[77.5576659,12.969454],[77.5575215,12.9694843],[77.557491,12.9694902],[77.5573287,12.9695215],[77.5572102,12.9695438],[77.5571275,12.9695539],[77.5571263,12.9695541],[77.55704,12.9695596],[77.5567539,12.9695688],[77.5567222,12.9695698],[77.5566289,12.9695707],[77.5566021,12.969571],[77.5565878,12.9695711],[77.556511,12.9695672],[77.5564246,12.9695598],[77.556403,12.9695567],[77.5563786,12.9695532],[77.5563469,12.9695487],[77.5563321,12.9695466],[77.5561754,12.9695145],[77.5556635,12.9693866],[77.5553512,12.9692997],[77.5553102,12.9692883],[77.5552152,12.9692619],[77.5551304,12.9692383],[77.5549215,12.9691705],[77.5548763,12.9691559],[77.5547974,12.9691303],[77.5546042,12.9690743],[77.5545116,12.9690621],[77.5544429,12.9690581],[77.5543865,12.9690614],[77.5543819,12.9689324],[77.5541554,12.9688712],[77.5541589,12.9689049],[77.5539943,12.9688608],[77.5529466,12.9685802],[77.5523072,12.968401],[77.5519707,12.9682972],[77.5517671,12.968217],[77.5515515,12.9681082],[77.5513296,12.9679516],[77.5511012,12.9677185],[77.5508094,12.9673914],[77.5505986,12.9671551],[77.5503597,12.9668831],[77.5502795,12.9667919],[77.5501301,12.9666219],[77.5497636,12.966237],[77.5491894,12.9657974],[77.5486001,12.965367],[77.5482876,12.9651967],[77.5480162,12.9651044],[77.5471622,12.9648244],[77.5462898,12.9645612],[77.5460142,12.9645101],[77.5459698,12.9645111],[77.5457439,12.9643796],[77.5451826,12.9644095],[77.5447236,12.9644298],[77.5443705,12.9643615],[77.5440225,12.9642215],[77.5438058,12.9640544],[77.5438275,12.9640341],[77.5438316,12.9640304],[77.5438319,12.9640301],[77.543922,12.9639476],[77.5439402,12.9639261],[77.5440857,12.9637543],[77.5442034,12.9635896],[77.5442309,12.9635562],[77.544324,12.9634434],[77.5443378,12.9634267],[77.5443658,12.9633904],[77.5443875,12.9633622],[77.5444323,12.9633042],[77.5444666,12.9632567],[77.5445267,12.9631735],[77.54456,12.9631296],[77.5445758,12.9631087],[77.5446014,12.963075],[77.544689,12.9629593],[77.5448116,12.9628087],[77.5449086,12.9626822],[77.5449282,12.962657],[77.5449658,12.9626087],[77.544974,12.9625971],[77.5449824,12.9625854],[77.5450065,12.9625515],[77.5450473,12.9624885],[77.5451042,12.9623942],[77.5451222,12.9623632],[77.5451367,12.9623382],[77.545167,12.9622893],[77.5452313,12.9622011],[77.545334,12.9620727],[77.5453888,12.9619946],[77.5454306,12.9619212],[77.5455636,12.9617115],[77.5455961,12.9616602],[77.5456091,12.9616396],[77.5456785,12.9615302],[77.5457414,12.9614189],[77.5457459,12.961412],[77.5457729,12.961371],[77.5458428,12.9612648],[77.5458811,12.9612067],[77.5459601,12.9610716],[77.5460174,12.9609686],[77.5460589,12.9608941],[77.5460977,12.9608244],[77.5461306,12.9607654],[77.5461371,12.9607538],[77.5461464,12.9607371],[77.5461617,12.9607095],[77.54619,12.9606588],[77.5462772,12.9605084],[77.5462971,12.9604742],[77.5463016,12.9604672],[77.5463095,12.960455],[77.5463382,12.9604107],[77.5463506,12.9603915],[77.5463796,12.9603344],[77.5464006,12.9602948],[77.5464074,12.960282],[77.5464965,12.9600813],[77.5465062,12.9600636],[77.5465754,12.9599369],[77.5465902,12.9599093],[77.5466009,12.9598894],[77.5466344,12.9598268],[77.5466563,12.9597857],[77.5466576,12.9597834],[77.5467739,12.9595661],[77.5468963,12.9593596],[77.5469307,12.9593016],[77.5469991,12.9591836],[77.547007,12.95917],[77.5470552,12.9590866],[77.5470833,12.9590313],[77.5470954,12.9590075],[77.5471076,12.9589836],[77.5471108,12.9589771],[77.5471827,12.9588374],[77.5473041,12.9586156],[77.5473111,12.9586028],[77.5473233,12.9585805],[77.5474433,12.9583686],[77.5475068,12.9582566],[77.547593,12.9581013],[77.5476154,12.958061],[77.5476694,12.9579636],[77.54768,12.9579443],[77.5477193,12.9578728],[77.5477402,12.9578368],[77.5477519,12.9578169],[77.5477595,12.9578001],[77.5477703,12.9577762],[77.5477788,12.9577568],[77.5477801,12.9577538],[77.5477958,12.957718],[77.5478284,12.9576556],[77.5479428,12.9574505],[77.5480025,12.9573435],[77.5480846,12.9572059],[77.5480969,12.9571852],[77.5481582,12.9570822],[77.5481758,12.9570527],[77.548307,12.956814],[77.5483318,12.956772],[77.5483777,12.9566947],[77.5483942,12.9566667],[77.5484338,12.9565998],[77.5485423,12.9564155],[77.548642,12.9562377],[77.5487125,12.9561119],[77.5489374,12.9557095],[77.5493282,12.9550383],[77.5496579,12.954625],[77.5497042,12.954567],[77.5501925,12.9539549],[77.5504757,12.9536],[77.550616,12.9534075],[77.5510679,12.9527699],[77.5513137,12.9524538],[77.55134,12.9524219],[77.5513438,12.9524172],[77.5513991,12.9523502],[77.5513732,12.952342],[77.5512976,12.9523247],[77.5511339,12.9523053],[77.5509927,12.952287],[77.550864,12.9522578],[77.5507498,12.9522375],[77.5506847,12.9522302],[77.5505941,12.9522141],[77.5505098,12.9521879],[77.5504396,12.9521575],[77.5503722,12.9521305],[77.5503514,12.9520538],[77.5503502,12.9520494],[77.5503096,12.951899],[77.5502572,12.9517055],[77.5502467,12.9516666],[77.5501653,12.9513655],[77.5501636,12.9513593],[77.5501466,12.9512963],[77.5501406,12.9512741],[77.5501342,12.9508926],[77.5501326,12.9507978],[77.5501316,12.9507398],[77.5501013,12.9504776],[77.5501035,12.9504484],[77.5501047,12.9504324],[77.5501061,12.9504122],[77.5501047,12.9503094],[77.5501057,12.950263],[77.5500742,12.9501198],[77.5500419,12.9500059],[77.5500177,12.9499207],[77.5500061,12.9498799],[77.5499908,12.9497886],[77.5499924,12.9496447],[77.5500042,12.9495896],[77.5500109,12.9495586],[77.5500155,12.9495438],[77.5500261,12.9495094],[77.5500172,12.9494106],[77.5499959,12.9493312],[77.549964,12.9492434],[77.5499494,12.949197],[77.5499337,12.9491467],[77.5499297,12.9491339],[77.5499166,12.9490974],[77.5494286,12.9492152],[77.5492898,12.9492504],[77.5492655,12.9491968],[77.5492555,12.9491746],[77.5489488,12.9492668],[77.5487545,12.9493416],[77.5487061,12.949388],[77.5487027,12.9494291],[77.5487804,12.9495759],[77.5489803,12.9499533],[77.5482812,12.9500451],[77.5483474,12.9503164],[77.5483791,12.9506301],[77.5483796,12.9506351],[77.5489377,12.9505588],[77.549021,12.9505481],[77.5492675,12.9505115],[77.5496794,12.9504448],[77.5497387,12.9504377],[77.5497675,12.9504342],[77.5497729,12.950462],[77.5497819,12.9505085],[77.5497822,12.9505127],[77.5497936,12.9507116],[77.5498947,12.9509628],[77.5498147,12.9510009],[77.5494614,12.9510617],[77.5493183,12.9510746],[77.5490917,12.9511472],[77.5488793,12.9511668],[77.5487286,12.9511808],[77.5487272,12.9512016],[77.548726,12.9512195],[77.5486926,12.9512399],[77.5484537,12.9513355],[77.5483953,12.9513432],[77.5483004,12.9513447],[77.5481569,12.951347],[77.5481597,12.9513596],[77.5482257,12.9516599],[77.5482304,12.9517378],[77.5482236,12.9517499],[77.5481731,12.9517746],[77.5480241,12.9517932],[77.548018,12.9517939],[77.5479904,12.9517942],[77.5478283,12.9517957],[77.547655,12.9517714],[77.5475132,12.9517496],[77.5472638,12.9516972],[77.5471207,12.9516722],[77.5468838,12.9516368],[77.5467721,12.9516312],[77.5465991,12.9516228],[77.5464074,12.9515958],[77.546238,12.9515719],[77.5461886,12.9515537],[77.5461188,12.9515044],[77.5460104,12.9514073],[77.5458196,12.9511961],[77.5457712,12.9511326],[77.5456426,12.9509477],[77.5455061,12.9507853],[77.5453773,12.9506918],[77.5453448,12.950668],[77.5452886,12.9506157],[77.5452221,12.9505346],[77.5451751,12.950433],[77.5450777,12.950469],[77.5450131,12.9504929],[77.544078,12.9508384],[77.5440974,12.9509046],[77.5439,12.950953],[77.5431697,12.9511318],[77.5431627,12.9511143],[77.5431164,12.9509484],[77.5431154,12.9509436],[77.5431237,12.9509278],[77.5431339,12.9508976],[77.5430608,12.9505001],[77.5429501,12.9499824],[77.5429192,12.9499879],[77.5428844,12.949994],[77.5424651,12.9500681],[77.5424394,12.9500726],[77.5423991,12.9500797],[77.5423449,12.9498291],[77.5422531,12.9498616],[77.5414408,12.9501495],[77.5412671,12.950197],[77.5412627,12.9501982],[77.5412273,12.9501933],[77.5412061,12.950165],[77.541061,12.9495712],[77.5409918,12.9492405],[77.5409365,12.9489225],[77.5407995,12.9482463],[77.5407352,12.9479572],[77.5406729,12.9476633],[77.540622,12.9473545],[77.5406218,12.9473235],[77.5406256,12.9472798],[77.5406189,12.9471577],[77.5405668,12.9467757],[77.5405343,12.9465609],[77.5405051,12.9464313],[77.5404065,12.9460155],[77.5404037,12.9459334],[77.5404295,12.9458333],[77.5399943,12.9456673],[77.539976,12.9456667],[77.5394131,12.945687],[77.5393963,12.9459097],[77.5393051,12.9458837],[77.538999,12.9458063],[77.5389661,12.9458025],[77.5389515,12.9458034],[77.5389501,12.9457142],[77.5388112,12.9457127],[77.5388121,12.9458068],[77.5385259,12.9458101],[77.5384524,12.9458138],[77.5382608,12.9458235],[77.5378232,12.9458455],[77.5370523,12.9458843],[77.5370299,12.9459065],[77.537243,12.9459318],[77.5374225,12.9462065],[77.5375605,12.9463357],[77.5376624,12.9465011],[77.5378062,12.9470005],[77.5379723,12.9475773],[77.5381174,12.948081],[77.5381262,12.9481115],[77.5380285,12.9482048],[77.5377943,12.9484284],[77.537766,12.9484522],[77.5374279,12.9488659],[77.5374563,12.9491434],[77.5374632,12.9492104],[77.5374732,12.9493082],[77.5376212,12.9495165],[77.5382492,12.9499095],[77.5383531,12.9500318],[77.5383563,12.9500356],[77.5384389,12.9502585],[77.538475,12.9508094],[77.5384784,12.9508602],[77.5384787,12.950865],[77.538479,12.9508696],[77.5384282,12.9508562],[77.5383323,12.9508309],[77.5383024,12.950823],[77.5382545,12.9508032],[77.538161,12.9507644],[77.5381414,12.9507563],[77.5381396,12.9507555],[77.5381342,12.9507533],[77.5381188,12.9507469],[77.5380818,12.9507315],[77.5380586,12.9507144],[77.5380301,12.9506932],[77.5376915,12.9504421],[77.5376335,12.9503991],[77.537582,12.9505614],[77.5375325,12.9507171],[77.5373744,12.9511575],[77.5373553,12.9512079],[77.5373467,12.9512345],[77.5373421,12.9512473],[77.5372129,12.9515519],[77.5371773,12.9516356],[77.5370644,12.9520001],[77.5370588,12.9520182],[77.5370361,12.9520913],[77.5370077,12.9521795],[77.5368806,12.9525738],[77.5368562,12.952647],[77.5368562,12.9526471],[77.5368079,12.9527786],[77.5367641,12.9528978],[77.5367424,12.952938],[77.5367014,12.953014],[77.5366192,12.9531663],[77.5365898,12.9532209],[77.5365357,12.953293],[77.5365281,12.9533011],[77.5363418,12.9535],[77.5363285,12.9535142],[77.5361668,12.9536867],[77.5359852,12.9538643],[77.5359569,12.953892],[77.5355411,12.9543111],[77.5354598,12.9543933],[77.5354218,12.9544318],[77.5351863,12.9546707],[77.5350742,12.9547845],[77.5349688,12.9549086],[77.5349606,12.9549182],[77.5348949,12.9549956],[77.5348858,12.9550062],[77.5348663,12.9550292],[77.5348331,12.9550943],[77.5347765,12.9552052],[77.5347307,12.9552948],[77.5347097,12.9553358],[77.5346971,12.9553604],[77.5346693,12.9554627],[77.5346617,12.9554908],[77.5346332,12.9555954],[77.5346288,12.9556104],[77.5346266,12.9556196],[77.534538,12.9559958],[77.5344555,12.9564033],[77.534451,12.9564241],[77.5344279,12.956507],[77.5343939,12.9566291],[77.5343101,12.9569305],[77.5342972,12.9569768],[77.53426,12.9570652],[77.5342457,12.9570992],[77.5342039,12.9571987],[77.5341866,12.9572369],[77.534136,12.9573489],[77.5339366,12.95779],[77.5338859,12.957902],[77.5338723,12.9579318],[77.5337347,12.9582352],[77.53362,12.9584881],[77.5335437,12.9586645],[77.5335248,12.958708],[77.5332467,12.9593507],[77.5332336,12.959381],[77.5331739,12.9595415],[77.5331058,12.9597246],[77.5330748,12.9598192],[77.5330605,12.95991],[77.5330575,12.9599289],[77.533054,12.9599572],[77.5330392,12.9601256],[77.5330391,12.9601396],[77.5330499,12.9603606],[77.5330573,12.9603997],[77.5330957,12.9605931],[77.5331464,12.9607536],[77.5331496,12.9607637],[77.5331544,12.9607791],[77.5331597,12.9607919],[77.5331631,12.960805],[77.5332284,12.9609581],[77.5334354,12.9614586],[77.5335204,12.9616556],[77.5335538,12.9617331],[77.5338744,12.9624759],[77.5339233,12.9625898],[77.5339555,12.9626649],[77.5340972,12.9629949],[77.534238,12.9633227],[77.5343381,12.9635559],[77.5344202,12.9637471],[77.5346029,12.9641725],[77.5346306,12.9642371],[77.5346457,12.9642721],[77.5346971,12.9643911],[77.5347942,12.9646115],[77.5349698,12.9650105],[77.5353562,12.9658502],[77.5354315,12.9660088],[77.5358605,12.9668872],[77.5360954,12.967372],[77.5361456,12.9674756],[77.5362512,12.9677486],[77.5363709,12.9680579],[77.5365234,12.9684238],[77.5365935,12.9685919],[77.536625,12.9686674],[77.5366992,12.9688848],[77.5368764,12.9693852],[77.5370064,12.9697596],[77.537045,12.9698693],[77.5370713,12.9699465],[77.5370714,12.9699466],[77.5371801,12.9702652],[77.537224,12.9703941],[77.5374385,12.9710212],[77.5377746,12.9720043],[77.5379094,12.9722493],[77.5380234,12.9724005],[77.5380867,12.9724843],[77.5381652,12.9725765],[77.5382392,12.9726514],[77.5383597,12.9727618],[77.5384526,12.9728353],[77.5384903,12.9728586],[77.538541,12.9728899],[77.5385886,12.9729145],[77.5386093,12.9729252],[77.5386764,12.9729748],[77.538691,12.9729856],[77.5386915,12.9729858],[77.5388515,12.9730607],[77.5390677,12.973145],[77.5395058,12.9732447],[77.5399268,12.9733495],[77.5405016,12.973474],[77.5414442,12.9736722],[77.5422661,12.9738469],[77.5433145,12.9740549],[77.5437857,12.9741377],[77.5440317,12.9741683],[77.5444233,12.9741978],[77.5446284,12.9742057],[77.5463001,12.9741338],[77.5467073,12.9741392],[77.5468375,12.9741384],[77.5473929,12.9742547],[77.5474829,12.9742787],[77.5474978,12.9742827],[77.5477412,12.9743265],[77.5477982,12.9743587],[77.5479869,12.9744655],[77.5484147,12.9750203],[77.5484828,12.9749565],[77.548483,12.9749564],[77.5485304,12.9749119],[77.548551,12.9748927],[77.5486701,12.974781],[77.5486925,12.9747658],[77.548715,12.9747451],[77.548881,12.9745927],[77.5489454,12.9745335],[77.5490165,12.9744683],[77.5493449,12.9741718],[77.5496556,12.9739687],[77.5497328,12.9739235],[77.5501433,12.9737743],[77.5503779,12.973744],[77.5506213,12.9737916],[77.5507713,12.9738435],[77.5508415,12.9738786],[77.5509491,12.9739322],[77.5512228,12.9741221],[77.5512531,12.9741431],[77.5512629,12.9741499],[77.5515545,12.9743742],[77.5519775,12.9747215],[77.5523862,12.975048],[77.5527851,12.9753144],[77.5530804,12.9754306],[77.5532903,12.9754879],[77.5534498,12.9755047],[77.5536307,12.9755239],[77.5538582,12.9755479],[77.554211,12.9755639],[77.5542971,12.9755678],[77.5544956,12.9755767],[77.5545557,12.9756972],[77.5546429,12.9758721],[77.5547594,12.9761004],[77.5547675,12.9761187],[77.5547747,12.976135],[77.5549618,12.9765584],[77.5550556,12.976785],[77.5551016,12.9768928],[77.5551296,12.9769584],[77.5551297,12.9769585],[77.5551615,12.977033],[77.5551615,12.9770331],[77.555173,12.9770601],[77.5554458,12.9774838],[77.5560484,12.9778461],[77.5566555,12.9782161],[77.5570342,12.9783694],[77.5577865,12.9786847],[77.558119,12.9788251],[77.5585248,12.9788382],[77.5588911,12.9788774],[77.5590195,12.9789902],[77.5591116,12.9791609],[77.5591715,12.9794121],[77.5591881,12.979626],[77.5592111,12.9798759],[77.5592493,12.9799502],[77.559508,12.9800382],[77.5600485,12.9801358],[77.5604469,12.9802568],[77.5608389,12.980488],[77.5610818,12.9810768],[77.5611269,12.9813965],[77.561212,12.9818522],[77.5616521,12.9819268],[77.5616341,12.9823716],[77.5615814,12.9826485],[77.5616436,12.9826409],[77.5616469,12.9826405],[77.5616482,12.9826404],[77.5616565,12.9826394],[77.5616796,12.9826376],[77.5619343,12.9826136],[77.5619371,12.9826133],[77.562129,12.9825951],[77.5621396,12.9825942],[77.5629825,12.9824986],[77.5630365,12.9824909],[77.5632245,12.9824651],[77.5632372,12.9824658],[77.5632396,12.982466],[77.5632974,12.9824579],[77.5638133,12.9823801],[77.5639378,12.9823613],[77.5641049,12.9823341],[77.564105,12.9823341],[77.5643216,12.9823017],[77.5643623,12.9822944],[77.5644729,12.9822789],[77.564525,12.9822712],[77.564692,12.9822463],[77.5660532,12.9819878],[77.5661315,12.9819701],[77.5662106,12.9819529],[77.5662422,12.981948],[77.5662699,12.981944],[77.5663029,12.981942],[77.5663354,12.9819416],[77.5663754,12.9819411],[77.5664316,12.9819428],[77.5664745,12.9819504],[77.5665261,12.9819599],[77.5665262,12.98196],[77.5665842,12.9819707],[77.5666629,12.9819934],[77.5667817,12.9820277],[77.5669064,12.9820675],[77.5676637,12.9822981],[77.5676639,12.9822981],[77.5680534,12.9824152],[77.5680997,12.9824291],[77.5681517,12.9824448],[77.5681651,12.9824488],[77.5684126,12.9825184],[77.5686651,12.9826055],[77.5688092,12.9826521],[77.5689767,12.982683],[77.5690543,12.9826752],[77.5691026,12.9826704],[77.5693,12.9826088],[77.5694642,12.9825558],[77.5695671,12.982512],[77.5695922,12.9825013],[77.5696605,12.9824724],[77.5696614,12.982472],[77.5699113,12.9823658],[77.5700986,12.9822862],[77.5702276,12.9822314],[77.5703114,12.9821958],[77.5705008,12.9821153],[77.5704976,12.9821094],[77.5704907,12.9820976],[77.570439,12.982003],[77.5704137,12.9819567],[77.5703906,12.9819145]]]}},{"type":"Feature","properties":{"KGISSub_DivisionID":35,"Sub_DivisionName":"SE6"},"geometry":{"type":"MultiPolygon","coordinates":[[[[77.6617728,12.9166272],[77.6613915,12.9155659],[77.6604183,12.9149699],[77.6608541,12.9136951],[77.6600948,12.9108806],[77.6601309,12.9101369],[77.6598375,12.9100889],[77.6589299,12.9095711],[77.6570884,12.909684],[77.6566135,12.9092106],[77.6553128,12.9043025],[77.6551639,12.9037404],[77.655003,12.9031334],[77.6548898,12.9027059],[77.6547498,12.9017989],[77.654908,12.9002917],[77.6549121,12.9002385],[77.6549149,12.9002018],[77.6549182,12.9001595],[77.6551415,12.9001407],[77.6554337,12.9001161],[77.6556149,12.9001008],[77.6560806,12.9001141],[77.6565146,12.8999321],[77.6563659,12.8990719],[77.6564203,12.8990539],[77.6564203,12.8990538],[77.6565241,12.8990193],[77.6566062,12.8989894],[77.6567139,12.8989503],[77.6567355,12.8989424],[77.6567681,12.8989262],[77.6568154,12.8989026],[77.6568832,12.8988557],[77.656868,12.8988165],[77.6568594,12.8987943],[77.6567669,12.8985565],[77.656761,12.8985461],[77.656744,12.8985161],[77.6567332,12.898497],[77.6567154,12.8984804],[77.6567017,12.8984676],[77.6566629,12.8984314],[77.6566454,12.8984151],[77.6566122,12.8983534],[77.656601,12.8983282],[77.6565033,12.8980842],[77.6563368,12.8976672],[77.6563299,12.8976553],[77.6563243,12.8976415],[77.6563196,12.8976374],[77.6563152,12.8976337],[77.6563118,12.8976309],[77.6562881,12.8976242],[77.6562671,12.897627],[77.6561916,12.8976515],[77.6561536,12.8976639],[77.656114,12.8976772],[77.6560849,12.8976834],[77.6560637,12.8976879],[77.6559366,12.8977151],[77.6559149,12.8977193],[77.6558596,12.8977302],[77.6557232,12.8977569],[77.6556906,12.8977647],[77.6556826,12.8977662],[77.6556295,12.8977783],[77.6554904,12.8978101],[77.6554839,12.8978033],[77.6554694,12.8977845],[77.6554653,12.8977791],[77.6549464,12.8971051],[77.6549359,12.8970915],[77.6547718,12.8968784],[77.6547705,12.8968297],[77.6545877,12.8966761],[77.6545258,12.8965859],[77.6545178,12.8965686],[77.6544911,12.8964985],[77.6544682,12.8964407],[77.6544533,12.8963626],[77.6544438,12.8963133],[77.6544412,12.8962955],[77.6543826,12.8962141],[77.6541293,12.8959266],[77.6539933,12.8955064],[77.6539671,12.8951845],[77.653963,12.8951331],[77.6539199,12.8946041],[77.6539141,12.894532],[77.653914,12.8945307],[77.6539136,12.8945256],[77.6538014,12.8945459],[77.6536091,12.8945717],[77.6535711,12.8945768],[77.6535255,12.8945817],[77.6534597,12.8945936],[77.6530465,12.8946247],[77.6528682,12.8946319],[77.6526626,12.8946166],[77.6525315,12.8945657],[77.6522529,12.8944333],[77.6517936,12.8941796],[77.6517834,12.8941739],[77.651703,12.8941225],[77.6512706,12.8938461],[77.6507917,12.8935706],[77.6507097,12.8935184],[77.6505148,12.8933815],[77.6503651,12.8932703],[77.6502794,12.8931979],[77.6502195,12.8931017],[77.650032,12.892738],[77.6498445,12.8924052],[77.6498028,12.892337],[77.6497525,12.8922548],[77.6497051,12.8921773],[77.6495554,12.8919219],[77.649354,12.891568],[77.6492868,12.8914528],[77.6491051,12.8911181],[77.6490809,12.8910448],[77.6490767,12.8909821],[77.6490783,12.8909634],[77.6489231,12.8909774],[77.6486132,12.8910054],[77.6482732,12.891036],[77.6475776,12.8910702],[77.647545,12.8910718],[77.6473814,12.8910798],[77.6471165,12.8911245],[77.6464325,12.891226],[77.6465316,12.8919584],[77.6464884,12.8919665],[77.6459833,12.892061],[77.6456145,12.8921168],[77.6455698,12.8921235],[77.6449093,12.8922233],[77.6446557,12.8922553],[77.6441708,12.8920709],[77.6441178,12.8920378],[77.6440771,12.891974],[77.6439659,12.891688],[77.6439512,12.8916503],[77.6439158,12.8915594],[77.6438551,12.8914213],[77.643821,12.8913198],[77.6438002,12.8911869],[77.6437605,12.890894],[77.6437631,12.8907267],[77.6437833,12.890599],[77.6437927,12.8905628],[77.6437196,12.890536],[77.6431951,12.890343],[77.6431541,12.890328],[77.6424593,12.8900729],[77.6419792,12.8898967],[77.6415766,12.8897574],[77.6412426,12.8896419],[77.6412425,12.8896418],[77.6405379,12.8893931],[77.6401616,12.8892603],[77.6402244,12.8891662],[77.6402272,12.8891621],[77.6405747,12.888608],[77.6406454,12.8884951],[77.6412753,12.8874905],[77.641302,12.8874479],[77.6419808,12.8863655],[77.6419981,12.8863378],[77.6423748,12.8857371],[77.6424582,12.8857595],[77.6426168,12.8858021],[77.6428129,12.8858546],[77.6429249,12.8859028],[77.6430845,12.8859714],[77.643149,12.8860055],[77.6435141,12.886199],[77.6435631,12.886225],[77.6436113,12.8862505],[77.6447641,12.8869918],[77.6448957,12.8870909],[77.6449104,12.887102],[77.6450407,12.8872002],[77.6452389,12.8873527],[77.6456668,12.8876324],[77.6458169,12.8877305],[77.6458857,12.8877896],[77.6460672,12.8878993],[77.6463314,12.8880304],[77.646349,12.8880392],[77.6463646,12.8880469],[77.6463702,12.8880497],[77.6467501,12.8882383],[77.646847,12.888248],[77.6475023,12.8883048],[77.6478635,12.8883807],[77.6479039,12.8883892],[77.6481834,12.888448],[77.649056,12.8886093],[77.6491355,12.888624],[77.6491365,12.8885056],[77.6491437,12.8884349],[77.6491631,12.8883941],[77.6492629,12.8882458],[77.6492713,12.8882343],[77.6493852,12.8880802],[77.6494584,12.8879813],[77.6494898,12.8879377],[77.6495294,12.8878826],[77.6495587,12.887842],[77.6495772,12.8878123],[77.6496015,12.8877733],[77.6496062,12.8877065],[77.649602,12.8876648],[77.6495923,12.8875699],[77.6495547,12.8872018],[77.6494819,12.8865585],[77.6494819,12.8865584],[77.6494692,12.8864412],[77.649421,12.8859981],[77.6493616,12.885404],[77.6493467,12.8852548],[77.6493413,12.8851879],[77.6493233,12.8849619],[77.6493125,12.8848265],[77.6493036,12.8847156],[77.6493096,12.8844825],[77.6493155,12.8842474],[77.6493164,12.8840653],[77.6493353,12.8837594],[77.6493417,12.8837373],[77.6493563,12.8836868],[77.6493702,12.8836588],[77.6494328,12.8835326],[77.6494571,12.8835002],[77.649471,12.8834817],[77.6495836,12.883332],[77.6496201,12.883289],[77.6496703,12.8832367],[77.649813,12.883094],[77.6499341,12.8830033],[77.6500816,12.8829274],[77.6502436,12.8828616],[77.6504178,12.8828021],[77.6506553,12.8827382],[77.650994,12.8826515],[77.6511292,12.8826168],[77.651303,12.8825723],[77.6515496,12.8825092],[77.6517217,12.8824523],[77.6517334,12.8824485],[77.6517546,12.8824415],[77.6518379,12.8823956],[77.6518772,12.8823715],[77.6519945,12.8822766],[77.6522035,12.8820879],[77.6523396,12.8819245],[77.6523842,12.8818476],[77.6524166,12.881752],[77.6524922,12.8814948],[77.652516,12.881406],[77.6525323,12.8813456],[77.652551,12.8812761],[77.6525827,12.8811894],[77.6526234,12.8810966],[77.6527378,12.880869],[77.6530692,12.8802232],[77.6531266,12.8801119],[77.6531511,12.8800643],[77.6534171,12.8795487],[77.6537134,12.8789724],[77.6537685,12.8789028],[77.6537748,12.8788949],[77.6538057,12.8788323],[77.6539282,12.8785842],[77.6539694,12.8785167],[77.6540178,12.8784374],[77.6540277,12.8784211],[77.6533427,12.8780248],[77.6533568,12.8777008],[77.6533444,12.8773842],[77.6533442,12.8773805],[77.6533418,12.8773193],[77.6533411,12.8772999],[77.653312,12.8771077],[77.6532839,12.8769217],[77.6533242,12.8768334],[77.6533324,12.8768154],[77.6534475,12.8765629],[77.6535962,12.8764766],[77.6538199,12.8763469],[77.6542646,12.8766014],[77.6545359,12.876758],[77.6546183,12.8768024],[77.6547252,12.87686],[77.6547873,12.8768934],[77.6548017,12.8769012],[77.6547954,12.8768006],[77.6547636,12.8762938],[77.6547215,12.8757378],[77.6547055,12.8756572],[77.6546907,12.8755828],[77.6546901,12.8755796],[77.6546678,12.8755018],[77.6546018,12.8753485],[77.6545553,12.8752385],[77.6544819,12.8750179],[77.6544293,12.8748426],[77.6543854,12.8746783],[77.6543101,12.8744032],[77.6542924,12.8743478],[77.6542712,12.8742816],[77.6542484,12.8742102],[77.6542029,12.8740698],[77.6541413,12.8738608],[77.6541037,12.8737305],[77.6540847,12.8735666],[77.6543133,12.8734884],[77.6545487,12.8734078],[77.6546054,12.8733897],[77.6546196,12.8733857],[77.6557599,12.8730727],[77.6560079,12.8730067],[77.6561488,12.8729662],[77.6562408,12.8729398],[77.6563937,12.8728995],[77.6565683,12.8728535],[77.6567093,12.872825],[77.6568701,12.8727941],[77.6570718,12.8727544],[77.6571203,12.8727449],[77.6571324,12.8727425],[77.6573222,12.8727051],[77.6574083,12.8726874],[77.6574489,12.872679],[77.6575503,12.8726581],[77.6579972,12.8726222],[77.6579862,12.8723481],[77.6579844,12.8723038],[77.6579733,12.8720257],[77.6579581,12.8719314],[77.6579094,12.8716886],[77.6578878,12.8715759],[77.6578832,12.8715519],[77.657872,12.8714933],[77.6578188,12.8712478],[77.6577241,12.870813],[77.6577188,12.8707865],[77.657714,12.8707626],[77.6576423,12.8704067],[77.6568221,12.8705056],[77.6567519,12.870514],[77.6564315,12.8705526],[77.6564402,12.870413],[77.6564374,12.870342],[77.6564178,12.8698505],[77.6564161,12.8698064],[77.6564153,12.8697877],[77.6563852,12.8697863],[77.6562025,12.8697778],[77.6561067,12.8697709],[77.656049,12.8697667],[77.6559202,12.8697574],[77.6559148,12.8697571],[77.65585,12.8697524],[77.6557025,12.8697407],[77.6555617,12.8697435],[77.6554967,12.8697465],[77.6553518,12.8697531],[77.6553226,12.869752],[77.6552732,12.8697501],[77.6552643,12.8697497],[77.6551381,12.8697449],[77.6547151,12.8697281],[77.654691,12.8697276],[77.654331,12.8697199],[77.6541381,12.8697158],[77.6538758,12.8697065],[77.6537822,12.8697032],[77.6536022,12.8696969],[77.6535344,12.8696945],[77.6534248,12.8698333],[77.6533361,12.8699456],[77.6530401,12.8703203],[77.6529184,12.8704743],[77.6528695,12.8705362],[77.6526763,12.8705364],[77.6517784,12.8705751],[77.6517076,12.8705781],[77.6507939,12.8706175],[77.6503759,12.8706355],[77.6492419,12.8706204],[77.6490398,12.8706177],[77.6483341,12.8706083],[77.6483158,12.8706082],[77.6481586,12.8706082],[77.6480005,12.8706081],[77.647515,12.8706078],[77.6472134,12.8706077],[77.6463211,12.8707034],[77.6447758,12.8709478],[77.6437273,12.8711017],[77.6436029,12.87112],[77.6434609,12.8711409],[77.6434394,12.871144],[77.6430973,12.8711942],[77.642383,12.8713735],[77.6415824,12.8716971],[77.6414047,12.8719081],[77.6411925,12.87216],[77.6409478,12.872645],[77.6407343,12.8730681],[77.6404112,12.8738017],[77.6402039,12.8743949],[77.6401921,12.874413],[77.6401731,12.8744478],[77.6401365,12.8745431],[77.6400253,12.8748635],[77.6399943,12.8749528],[77.6399284,12.875168],[77.6399217,12.8751902],[77.6399071,12.8752377],[77.6398893,12.875296],[77.6398584,12.875397],[77.6398542,12.8754106],[77.6398021,12.8755811],[77.6397379,12.8757908],[77.6397106,12.87589],[77.6397104,12.8758905],[77.6396971,12.8759349],[77.6396929,12.8759489],[77.6396767,12.8760023],[77.6396687,12.8760198],[77.6396616,12.8760353],[77.6396449,12.8760695],[77.6396312,12.8760977],[77.6396165,12.8761273],[77.6395731,12.8762148],[77.639517,12.8763209],[77.6394826,12.8763862],[77.6394598,12.8764294],[77.6394516,12.876445],[77.6394373,12.8764721],[77.6394301,12.8764857],[77.6393913,12.8765592],[77.6393222,12.8766902],[77.6392972,12.8767327],[77.6391648,12.8769586],[77.6391545,12.8769762],[77.6391308,12.8770203],[77.6391127,12.8770538],[77.6391059,12.8770637],[77.6390922,12.8770834],[77.6390746,12.8771086],[77.6390185,12.8771839],[77.6390139,12.8771902],[77.6389791,12.8772375],[77.6389351,12.8772873],[77.6389217,12.8773026],[77.6389073,12.8773198],[77.6388724,12.8773616],[77.6387517,12.8775063],[77.6387291,12.8775348],[77.6386289,12.8776613],[77.638571,12.8777343],[77.6384636,12.8778698],[77.6384681,12.8778698],[77.6384021,12.8779477],[77.6383474,12.8780178],[77.6383423,12.8780206],[77.6382708,12.8781057],[77.6382229,12.8781665],[77.6381893,12.8782091],[77.638165,12.8782416],[77.6380494,12.8783964],[77.6380442,12.8784033],[77.6380279,12.8784252],[77.6380154,12.8784419],[77.6379473,12.8785331],[77.637882,12.8786078],[77.637818,12.8786767],[77.6377607,12.8787382],[77.6377019,12.878792],[77.637666,12.8788164],[77.6376287,12.8788697],[77.6376264,12.878873],[77.6376123,12.8788932],[77.6375992,12.8789149],[77.6375475,12.879001],[77.6375051,12.8790715],[77.6374138,12.8792223],[77.6373767,12.8792835],[77.6373668,12.8792999],[77.6373568,12.8793164],[77.6372947,12.8794298],[77.6372251,12.8795566],[77.6371805,12.8796285],[77.6371201,12.8797261],[77.6370901,12.8797685],[77.6370632,12.8797996],[77.6370394,12.8798224],[77.6369888,12.879858],[77.6369907,12.8798694],[77.6370006,12.8799308],[77.6370096,12.8799918],[77.6370169,12.8800409],[77.6370237,12.8801131],[77.637025,12.8801268],[77.6370306,12.8801861],[77.6370348,12.8802228],[77.6370589,12.8804359],[77.637064,12.8804457],[77.6370968,12.8805094],[77.6370992,12.8805141],[77.6371003,12.880601],[77.6371014,12.8806177],[77.637116,12.8807793],[77.6371172,12.8807922],[77.6371212,12.8808369],[77.6371338,12.8809769],[77.6371468,12.8811051],[77.6371613,12.8812491],[77.6371705,12.8813123],[77.6371748,12.8813412],[77.6371797,12.8813746],[77.6371805,12.8813801],[77.6371819,12.8813898],[77.6371846,12.8814085],[77.6371929,12.8814651],[77.6371942,12.8814976],[77.6371935,12.8815264],[77.6371853,12.8815561],[77.6371761,12.8815794],[77.6371623,12.8816006],[77.6371603,12.8816037],[77.6371462,12.8816263],[77.637136,12.8816426],[77.6371326,12.8816549],[77.6371296,12.8816659],[77.637128,12.8816919],[77.6371256,12.8817383],[77.637128,12.8818393],[77.6371283,12.8818518],[77.6371291,12.8818879],[77.6371293,12.8818935],[77.6371293,12.8818975],[77.6371296,12.8819084],[77.6371101,12.8819084],[77.6369187,12.8819086],[77.6368702,12.8819107],[77.6367123,12.8819175],[77.6365556,12.8819274],[77.6365099,12.8819303],[77.6365008,12.8819312],[77.6364984,12.8819315],[77.6364837,12.881933],[77.6363228,12.8819498],[77.6361663,12.8819592],[77.6361234,12.8819577],[77.6361003,12.8819501],[77.6360852,12.8819426],[77.6360692,12.8819347],[77.6360481,12.8819193],[77.6360363,12.8819079],[77.636029,12.8819009],[77.6360176,12.8819027],[77.6359954,12.8819064],[77.6358383,12.881932],[77.635826,12.881934],[77.6357664,12.8819438],[77.6357546,12.8819457],[77.6355886,12.8819621],[77.6355186,12.881969],[77.6355186,12.8819694],[77.6351782,12.8820374],[77.6343038,12.8822972],[77.6338149,12.8825093],[77.6339018,12.8827122],[77.6339624,12.8828539],[77.6339654,12.8828611],[77.6339748,12.8828829],[77.6340367,12.8830275],[77.6341096,12.8831998],[77.6341205,12.8832254],[77.6341762,12.883357],[77.6341793,12.8833642],[77.6341888,12.8833867],[77.6342436,12.8834759],[77.6342539,12.8834927],[77.6342762,12.883529],[77.6343333,12.8836219],[77.6343371,12.8836281],[77.634345,12.8836409],[77.6343747,12.8836815],[77.6344077,12.8837266],[77.6345081,12.8838639],[77.6346584,12.8839901],[77.6346662,12.8839967],[77.6346739,12.8840031],[77.6347416,12.8840599],[77.635,12.8843059],[77.6350768,12.8844295],[77.6350863,12.884452],[77.6350973,12.8844782],[77.6350998,12.8844841],[77.6351654,12.8846405],[77.6351718,12.8846556],[77.6352177,12.8848583],[77.6352182,12.8848652],[77.635219,12.8848772],[77.6352191,12.8848793],[77.6352381,12.885176],[77.6352375,12.8851986],[77.6352352,12.8852757],[77.6352347,12.8852929],[77.6352346,12.8852949],[77.6352292,12.8854824],[77.6352375,12.8856],[77.6352462,12.8857234],[77.6352473,12.8857394],[77.6352557,12.885858],[77.6352711,12.8861359],[77.6352442,12.886298],[77.6352425,12.8863086],[77.6352308,12.8863792],[77.6352276,12.8863943],[77.635215,12.8864538],[77.6352094,12.8864799],[77.6351753,12.8866409],[77.6351405,12.8867695],[77.63512,12.8868453],[77.6349526,12.8876427],[77.634941,12.8876418],[77.6348946,12.8876382],[77.6347302,12.8876257],[77.6346293,12.8876179],[77.6345552,12.8880477],[77.6345182,12.8882622],[77.6345125,12.8882951],[77.6344975,12.88829],[77.634459,12.8882768],[77.6344426,12.8883174],[77.6344272,12.8883555],[77.634414,12.8883882],[77.6343865,12.8884562],[77.6343612,12.8884459],[77.6342564,12.888403],[77.6342011,12.8883804],[77.6340508,12.888319],[77.634014,12.8883984],[77.6339375,12.8885866],[77.6338528,12.8887378],[77.6336865,12.8887179],[77.6336466,12.8887131],[77.6334615,12.888691],[77.6332625,12.8886782],[77.632657,12.8886393],[77.6319736,12.8885853],[77.6318734,12.8885774],[77.6314991,12.8885478],[77.6314275,12.8885505],[77.6313699,12.8885527],[77.6313654,12.8885529],[77.6313669,12.8885938],[77.6313694,12.8886581],[77.6313808,12.8888415],[77.6313845,12.8889009],[77.6313852,12.8889126],[77.6313976,12.8890425],[77.6314065,12.8891357],[77.6314087,12.8891595],[77.6314126,12.8892022],[77.6314221,12.8893055],[77.6314248,12.8893681],[77.6314279,12.889439],[77.6314248,12.8895043],[77.6314195,12.8895493],[77.6314131,12.8895715],[77.6314017,12.8895931],[77.6313895,12.8896075],[77.6313753,12.8896199],[77.6313729,12.8896219],[77.631349,12.8896358],[77.6313163,12.8896475],[77.6313091,12.8896492],[77.6313049,12.8896502],[77.6312713,12.8896582],[77.6311977,12.8896711],[77.6311863,12.8896724],[77.631149,12.8896767],[77.6311087,12.8896729],[77.6310908,12.8896712],[77.6310533,12.8896642],[77.6309806,12.8896584],[77.6309519,12.8896561],[77.6304951,12.8896765],[77.6304935,12.8896797],[77.6304821,12.889703],[77.6304034,12.8898564],[77.6303515,12.8899562],[77.6303161,12.8899414],[77.6297996,12.8897264],[77.6296866,12.8896779],[77.6293574,12.8895363],[77.6293502,12.8895333],[77.6292457,12.8894884],[77.629196,12.889467],[77.6290726,12.8894139],[77.6289836,12.8893706],[77.6289735,12.8893657],[77.6287445,12.8892541],[77.6287263,12.8892452],[77.6286529,12.8892214],[77.6285639,12.8891925],[77.6284413,12.8891526],[77.6279967,12.8890044],[77.6276992,12.8888975],[77.6276389,12.8888758],[77.6274743,12.8888414],[77.6274356,12.8888333],[77.6274015,12.8888308],[77.6273803,12.8888293],[77.6273447,12.8888267],[77.6273424,12.8888266],[77.6273164,12.8888247],[77.6273008,12.8888235],[77.627212,12.888826],[77.6272116,12.888826],[77.6271789,12.888828],[77.6270966,12.888833],[77.6270867,12.8888336],[77.6268306,12.8888648],[77.6264478,12.8889189],[77.6261515,12.8889607],[77.6261387,12.8889625],[77.6259634,12.8889846],[77.6259562,12.8889839],[77.6259538,12.8889837],[77.6259303,12.8889873],[77.6258814,12.888995],[77.6256845,12.8890199],[77.6256742,12.888956],[77.6256408,12.8887712],[77.625623,12.8886616],[77.6256017,12.8885638],[77.625599,12.8885502],[77.6254245,12.8885676],[77.6253082,12.8885765],[77.6251758,12.8885866],[77.625035,12.8885954],[77.624963,12.8885999],[77.624844,12.8886005],[77.6248214,12.8886016],[77.6248006,12.8886007],[77.6246882,12.8886012],[77.624576,12.8886015],[77.6244643,12.8885948],[77.6244592,12.8885945],[77.6244295,12.8885913],[77.6243957,12.8885877],[77.624364,12.8885844],[77.6243499,12.8885829],[77.6242575,12.8885718],[77.6242416,12.8885704],[77.6242357,12.8885698],[77.6241627,12.8885633],[77.6240865,12.888553],[77.6240782,12.8885522],[77.6239897,12.8885438],[77.6239198,12.888542],[77.623872,12.8885424],[77.6238378,12.8885428],[77.6237507,12.8885504],[77.6236973,12.888556],[77.6236674,12.8885591],[77.6236354,12.8885622],[77.6236168,12.8885641],[77.6235409,12.8885716],[77.6235008,12.888578],[77.6233915,12.8885955],[77.623342,12.8886035],[77.623285,12.888612],[77.6232041,12.8886256],[77.623132,12.8886397],[77.6231133,12.8886431],[77.6230745,12.8886501],[77.623058,12.8886536],[77.6230034,12.8886653],[77.6229369,12.8886784],[77.622917,12.8886823],[77.6228639,12.8886914],[77.6228218,12.8886971],[77.6228031,12.8886996],[77.6227435,12.8887055],[77.6226571,12.8887127],[77.622559,12.8887208],[77.6224415,12.8887331],[77.6219686,12.8887847],[77.6218939,12.8887929],[77.6218815,12.8887942],[77.621471,12.888839],[77.6214645,12.8888397],[77.6214475,12.8887941],[77.6214317,12.8886653],[77.6214274,12.8886043],[77.6214224,12.8886074],[77.6214171,12.8886097],[77.6214159,12.8886101],[77.6213826,12.8886199],[77.6213527,12.8886286],[77.6213254,12.8886366],[77.6213174,12.8886388],[77.6212233,12.8886641],[77.6211436,12.8886857],[77.6211256,12.8886906],[77.621086,12.8887006],[77.6209972,12.888723],[77.6209836,12.8887265],[77.6208302,12.88875],[77.6207556,12.888762],[77.6206597,12.8887773],[77.6205771,12.8887887],[77.6205417,12.8887933],[77.6204972,12.8887992],[77.6204367,12.8888055],[77.6204222,12.888807],[77.6204128,12.888808],[77.6204043,12.8888085],[77.6202574,12.8888174],[77.6200061,12.8888446],[77.6199714,12.8888481],[77.6199516,12.88885],[77.6198917,12.888856],[77.6198595,12.8888212],[77.6198322,12.8887917],[77.6197232,12.8886737],[77.6196479,12.8886008],[77.6195668,12.8885222],[77.6195664,12.8885218],[77.6194998,12.8884573],[77.6194712,12.8884247],[77.6194577,12.8884066],[77.6194355,12.8883767],[77.619389,12.8883132],[77.6193515,12.8882617],[77.6193216,12.8882239],[77.6193206,12.8882227],[77.6193205,12.8882225],[77.6193143,12.8882147],[77.6193026,12.8881999],[77.6192836,12.8881759],[77.6192748,12.888162],[77.6192708,12.8881557],[77.6192643,12.8881454],[77.6192586,12.8881364],[77.6192448,12.8881012],[77.6192115,12.8880159],[77.619203,12.8879872],[77.6191896,12.8879418],[77.6191589,12.8878605],[77.6191413,12.8878138],[77.6190531,12.8875798],[77.6190382,12.8875403],[77.6190285,12.8875146],[77.6190214,12.8874959],[77.6190175,12.8874853],[77.6189993,12.8874372],[77.6189793,12.887391],[77.6189756,12.8873824],[77.6188878,12.8871798],[77.6188838,12.8871704],[77.6188824,12.8871667],[77.6188477,12.8870755],[77.6188413,12.8870588],[77.6188302,12.8870294],[77.6188059,12.8869655],[77.6187447,12.8867927],[77.6187431,12.8867882],[77.6187314,12.8867553],[77.6187076,12.8866564],[77.6187065,12.8866518],[77.6186763,12.8865266],[77.6186681,12.8864925],[77.6186541,12.8864346],[77.6186064,12.886237],[77.6186021,12.8862193],[77.6185612,12.8860496],[77.6185388,12.885957],[77.6185339,12.8859365],[77.6184368,12.8855344],[77.6183645,12.8852528],[77.6183565,12.8852217],[77.6183555,12.8852177],[77.6183507,12.8851989],[77.6182385,12.8847619],[77.6182362,12.8847513],[77.6182154,12.8847521],[77.6180675,12.8847577],[77.6179897,12.8847537],[77.6179462,12.8847514],[77.6179439,12.8847513],[77.6179243,12.8847503],[77.6179035,12.8847492],[77.6178826,12.8847497],[77.6178216,12.8847509],[77.6178142,12.884751],[77.6178121,12.884751],[77.6177871,12.8847515],[77.6176954,12.8847533],[77.6175955,12.8847639],[77.6175891,12.8847645],[77.6175152,12.8847723],[77.6173475,12.8847991],[77.6172649,12.8848123],[77.6171503,12.8848304],[77.6171209,12.884835],[77.6170681,12.8848428],[77.617068,12.8848429],[77.6170334,12.884848],[77.6169553,12.8848639],[77.6168258,12.8849026],[77.6167707,12.88492],[77.6167541,12.8849253],[77.6165877,12.8849779],[77.616512,12.8850019],[77.6165061,12.8850038],[77.6164654,12.8850166],[77.6164445,12.8850232],[77.6164324,12.8850271],[77.6164123,12.8850334],[77.6163986,12.8850378],[77.6163983,12.8850378],[77.6163908,12.8850402],[77.6163854,12.8850419],[77.616201,12.8850957],[77.6161902,12.8850989],[77.6159755,12.8851615],[77.6158675,12.885193],[77.6158682,12.8852124],[77.6158696,12.8852493],[77.6158721,12.8853154],[77.6158692,12.8853777],[77.6158591,12.8854262],[77.6158541,12.8854447],[77.6158473,12.8854695],[77.6158336,12.8855068],[77.6158174,12.8855413],[77.615812,12.8855528],[77.6157722,12.885625],[77.6157432,12.8856754],[77.6157384,12.8856836],[77.615709,12.8857345],[77.6156891,12.8857702],[77.6156668,12.8858104],[77.6156592,12.885824],[77.6155153,12.8860822],[77.6154868,12.8861463],[77.6153638,12.8864225],[77.6152999,12.8865476],[77.6152721,12.8865859],[77.6152712,12.8866012],[77.6152697,12.8866246],[77.6152634,12.8867288],[77.6152623,12.886944],[77.6152627,12.8869548],[77.615272,12.8872458],[77.6152735,12.8872742],[77.615275,12.8873053],[77.6152885,12.8875691],[77.6152908,12.8875844],[77.6153352,12.8878832],[77.6153384,12.8878992],[77.615342,12.8879226],[77.6153172,12.8879273],[77.6153002,12.8879306],[77.6152819,12.8879341],[77.6148923,12.8880085],[77.6147578,12.8880342],[77.6145494,12.8880494],[77.614167,12.8880773],[77.6137248,12.8881108],[77.6129993,12.8881657],[77.6128827,12.888185],[77.6129619,12.8886767],[77.6131313,12.8893353],[77.6132082,12.8893142],[77.6134813,12.8892461],[77.6135983,12.8892251],[77.6136215,12.8892234],[77.6136309,12.8892263],[77.6136348,12.8892362],[77.6136402,12.8892539],[77.6136493,12.8892839],[77.6136504,12.8892878],[77.6138492,12.8899311],[77.613913,12.8898951],[77.6139453,12.8898683],[77.6139817,12.8898318],[77.6140172,12.8897999],[77.614055,12.8897723],[77.6140848,12.8897548],[77.6140858,12.8897543],[77.6141263,12.8897357],[77.6141794,12.8897122],[77.6142267,12.8896902],[77.6143171,12.8896614],[77.6144705,12.8896202],[77.6145655,12.8895973],[77.6146442,12.8895783],[77.614722,12.8895558],[77.6147527,12.8895469],[77.6148165,12.8895285],[77.614957,12.8894768],[77.6150573,12.8894295],[77.6151323,12.8893876],[77.6151452,12.8894698],[77.6152059,12.8899304],[77.6152714,12.8899238],[77.6154913,12.8899019],[77.6155008,12.8899009],[77.6157919,12.8898719],[77.615794,12.8898896],[77.6157982,12.8899239],[77.6158171,12.8900782],[77.6158327,12.8902567],[77.6158351,12.8902839],[77.6158718,12.8907042],[77.615883,12.8908339],[77.615884,12.8908447],[77.6159025,12.8910583],[77.6159077,12.8911183],[77.6159195,12.891254],[77.615931,12.8914097],[77.6159541,12.8917333],[77.6159558,12.8917565],[77.6159572,12.8917835],[77.6159705,12.8921062],[77.6159842,12.8923197],[77.6159859,12.8923455],[77.6159907,12.8924308],[77.6159941,12.8924917],[77.6159983,12.8925671],[77.6160014,12.8926312],[77.6160035,12.8926748],[77.6160049,12.8927014],[77.616016,12.8929295],[77.6160165,12.8929387],[77.6160178,12.8929865],[77.6160405,12.8929829],[77.616074,12.8929774],[77.6161335,12.8929678],[77.6162521,12.8929486],[77.6162753,12.8929449],[77.6163129,12.8931877],[77.6163197,12.8932318],[77.6163781,12.8936088],[77.6164955,12.8943679],[77.6165091,12.8944556],[77.6165122,12.8944753],[77.6165138,12.8944751],[77.6165768,12.8944682],[77.6167396,12.8944495],[77.6169134,12.8944297],[77.6170416,12.8944171],[77.6170826,12.894413],[77.6171745,12.894404],[77.6171744,12.8944761],[77.6171741,12.8947474],[77.6171741,12.8948228],[77.6171736,12.8952528],[77.6171735,12.8954461],[77.6171734,12.8955007],[77.6171734,12.8955304],[77.6171733,12.8955872],[77.617173,12.8959071],[77.6171722,12.8959346],[77.6171723,12.8959426],[77.6171742,12.8959524],[77.6171797,12.8959577],[77.6171998,12.8959637],[77.6172059,12.8959645],[77.6172462,12.8959695],[77.6173343,12.8959741],[77.6173735,12.8959762],[77.6174681,12.8959876],[77.617522,12.8959936],[77.6176492,12.8960076],[77.6177499,12.8960204],[77.6177612,12.8960851],[77.617801,12.8963131],[77.6178992,12.8969037],[77.6179048,12.8969371],[77.6179094,12.896965],[77.6179109,12.896974],[77.6179217,12.8970392],[77.6179479,12.8971967],[77.6179599,12.8972692],[77.6180288,12.8976843],[77.6180408,12.8977528],[77.6180496,12.8978025],[77.6180838,12.8979976],[77.618101,12.8979884],[77.6181248,12.8979819],[77.6181355,12.897979],[77.6182024,12.8979806],[77.6184865,12.898006],[77.6188002,12.8980029],[77.6188626,12.8980057],[77.6189065,12.8980131],[77.618939,12.8980309],[77.6189715,12.8980498],[77.6189982,12.8980699],[77.6190365,12.8980933],[77.619156,12.89816],[77.6191782,12.8981673],[77.6192182,12.8981803],[77.6192336,12.8981853],[77.6192694,12.898194],[77.6193722,12.8982043],[77.6194196,12.8982083],[77.6194994,12.8982268],[77.619637,12.8982582],[77.619682,12.8982645],[77.6197109,12.8982665],[77.6197146,12.8982919],[77.6197194,12.8983254],[77.6197439,12.898496],[77.6197513,12.8985697],[77.6197523,12.8985795],[77.6197666,12.8987226],[77.6197686,12.8987424],[77.6197743,12.8987987],[77.6197809,12.8988807],[77.6197823,12.8988966],[77.6197922,12.899019],[77.6198055,12.8991822],[77.6198062,12.8991908],[77.6198138,12.8992841],[77.6198328,12.8994715],[77.6198363,12.8995063],[77.6198614,12.8997545],[77.6198643,12.8997834],[77.6198836,12.8999482],[77.6198955,12.9000489],[77.619896,12.9000533],[77.6199082,12.9001575],[77.6199184,12.9003364],[77.6199192,12.900349],[77.6199226,12.9004087],[77.6199269,12.9004849],[77.6199274,12.9004934],[77.6199288,12.9005086],[77.61993,12.9005224],[77.6199478,12.9007179],[77.6199479,12.9007257],[77.6199465,12.9007333],[77.6199439,12.9007407],[77.6199399,12.9007475],[77.6199349,12.9007535],[77.6199344,12.9007539],[77.6199289,12.9007586],[77.6199238,12.9007615],[77.6199221,12.9007625],[77.6199146,12.9007653],[77.6199068,12.9007668],[77.6198248,12.9007754],[77.6197025,12.9007805],[77.6196357,12.9007832],[77.6194553,12.900796],[77.6194478,12.9007966],[77.6193829,12.9008012],[77.619319,12.9008057],[77.6192974,12.9008085],[77.6192949,12.9008088],[77.6191406,12.9008285],[77.6189837,12.9008484],[77.6188667,12.9008619],[77.6187802,12.9008718],[77.6187513,12.9008751],[77.6186954,12.9008815],[77.6186514,12.900883],[77.6185985,12.9008848],[77.6186514,12.901012],[77.6186671,12.901053],[77.6187311,12.901219],[77.6187351,12.9012296],[77.6187702,12.9013207],[77.6188177,12.9014442],[77.6188784,12.9015856],[77.6189691,12.9017973],[77.6189936,12.9018582],[77.6190278,12.9019434],[77.619036,12.9019636],[77.6190963,12.9021137],[77.619187,12.9023392],[77.6191998,12.9023712],[77.6192081,12.9023917],[77.6192091,12.9023951],[77.6192265,12.9024323],[77.6192329,12.9024459],[77.6192367,12.9024541],[77.6191191,12.9025064],[77.6188515,12.9026221],[77.6186419,12.9027162],[77.6185506,12.9027648],[77.6185143,12.9027497],[77.6183564,12.9026838],[77.6183472,12.90268],[77.6183399,12.9026713],[77.6183197,12.9026571],[77.6183011,12.902644],[77.6182743,12.9026327],[77.6182357,12.9026287],[77.6181987,12.9026363],[77.6180136,12.9026996],[77.61794,12.9027247],[77.6178408,12.9027432],[77.6177727,12.902754],[77.6177359,12.9027552],[77.6177034,12.9027562],[77.6177218,12.9028472],[77.6178854,12.9036586],[77.6181466,12.9046225],[77.6184829,12.9053773],[77.6187577,12.9057915],[77.6190023,12.9060922],[77.6192018,12.9061822],[77.619345,12.9062468],[77.6197011,12.9064074],[77.6197456,12.9064234],[77.6204186,12.9066655],[77.6206179,12.9067239],[77.6206342,12.9067413],[77.6207529,12.906872],[77.6209146,12.9070433],[77.6212369,12.9073848],[77.6212427,12.9077582],[77.621243,12.9077735],[77.6212457,12.9078926],[77.6212498,12.9080718],[77.6212547,12.9082928],[77.621259,12.9084839],[77.6212592,12.9084914],[77.6212595,12.9085061],[77.6212597,12.908514],[77.6211947,12.9087602],[77.6211615,12.9094872],[77.6211234,12.9097862],[77.621256,12.910422],[77.6213769,12.91124],[77.6214822,12.9115013],[77.6214869,12.9115205],[77.6215627,12.9118293],[77.6215992,12.9119782],[77.6216081,12.9119882],[77.6216154,12.9119965],[77.6216535,12.9120398],[77.6218721,12.9122344],[77.6221505,12.9124861],[77.6221507,12.9124863],[77.6221684,12.9125547],[77.6222005,12.9126789],[77.6222248,12.9127728],[77.622233,12.9128044],[77.6222411,12.9128033],[77.6222598,12.9128007],[77.6222778,12.9127983],[77.6223584,12.9127872],[77.6224537,12.9127742],[77.6224882,12.9127695],[77.6225442,12.9127635],[77.6225534,12.9127625],[77.6225897,12.9127586],[77.6226341,12.9127539],[77.6227888,12.9127413],[77.6228201,12.9127432],[77.6229346,12.9127493],[77.6230164,12.9127603],[77.623062,12.9127559],[77.6231331,12.912744],[77.6231624,12.9127391],[77.6231639,12.9127389],[77.6231709,12.9127379],[77.6231775,12.9127369],[77.6232144,12.9127315],[77.6232176,12.9127314],[77.6232268,12.9127309],[77.6232593,12.9127295],[77.6233251,12.9127265],[77.6234085,12.9127167],[77.6235504,12.9127001],[77.6236172,12.9126921],[77.6236426,12.9126918],[77.6236517,12.9126917],[77.6236702,12.9126947],[77.6236807,12.9127009],[77.6236993,12.9127188],[77.6237195,12.9127424],[77.6238042,12.912842],[77.6238285,12.9128654],[77.6238584,12.9128832],[77.6238737,12.9128846],[77.6239366,12.9128718],[77.6241298,12.9128325],[77.6241522,12.9128287],[77.6241523,12.9128291],[77.6241631,12.9128268],[77.6241966,12.9128211],[77.624267,12.9128091],[77.6243062,12.9128032],[77.6243236,12.9128032],[77.62433,12.9128033],[77.6243648,12.9128034],[77.6244659,12.9128055],[77.6244783,12.9128075],[77.6245334,12.9128161],[77.6245434,12.9128177],[77.6245724,12.9128223],[77.6246031,12.9128271],[77.6246163,12.9128292],[77.6246905,12.9128403],[77.6247073,12.9128428],[77.624799,12.9128565],[77.6248544,12.9128654],[77.6248849,12.9128727],[77.6249083,12.9128782],[77.6249408,12.9128901],[77.6249752,12.9129027],[77.6250246,12.9129271],[77.6252336,12.9130299],[77.6252174,12.9130562],[77.625032,12.9133573],[77.624427,12.9143308],[77.6243595,12.9144494],[77.62433,12.9144973],[77.6238799,12.9152917],[77.6238764,12.9152983],[77.6238711,12.9153077],[77.6235492,12.9158961],[77.6234869,12.9160099],[77.6230644,12.9167716],[77.6228863,12.9170893],[77.6228388,12.9171684],[77.622808,12.9172196],[77.6227547,12.9173084],[77.6227549,12.9173084],[77.6232433,12.9174185],[77.623286,12.9174259],[77.6236858,12.9174948],[77.6236969,12.9174967],[77.623726,12.9175018],[77.6237853,12.917512],[77.623926,12.9175362],[77.623959,12.9175419],[77.6239624,12.9175425],[77.6243806,12.9176147],[77.6243916,12.9176146],[77.6243916,12.9176165],[77.6245827,12.9176476],[77.6246754,12.9176591],[77.6246969,12.9176618],[77.6247321,12.9176651],[77.6247672,12.9176684],[77.6248533,12.9176732],[77.6248719,12.9176739],[77.6249823,12.9176776],[77.6253031,12.9176728],[77.6254275,12.9176671],[77.6255088,12.9176634],[77.6256129,12.9176542],[77.6256782,12.9176463],[77.6258547,12.9176129],[77.6259208,12.9175971],[77.6259686,12.9175858],[77.6260576,12.9175638],[77.6260882,12.9175539],[77.6261254,12.9175419],[77.6261664,12.9175286],[77.6263563,12.9174649],[77.6275848,12.9170917],[77.6275849,12.9170916],[77.6283461,12.9168687],[77.6286444,12.9167999],[77.6287341,12.9167894],[77.6292122,12.9167596],[77.6292456,12.916758],[77.6299478,12.9167229],[77.6301716,12.9167117],[77.6302455,12.916708],[77.6304805,12.9166963],[77.6305463,12.916693],[77.6309589,12.9166672],[77.6309991,12.9166647],[77.6314453,12.9166369],[77.6315201,12.9166288],[77.6316659,12.916613],[77.6317261,12.9166065],[77.6320317,12.9165758],[77.6323348,12.916542],[77.6327671,12.9164937],[77.6328938,12.9164795],[77.6332585,12.9164476],[77.6333529,12.9164393],[77.6336948,12.9164094],[77.6338442,12.9163963],[77.6342535,12.9163604],[77.6348263,12.9163027],[77.6361581,12.9161789],[77.6363465,12.9161572],[77.6366355,12.9161176],[77.636859,12.9160855],[77.6370703,12.9160509],[77.6372701,12.9160192],[77.6374375,12.9159905],[77.6376007,12.9159665],[77.6377359,12.915951],[77.637827,12.9159447],[77.6379435,12.9159393],[77.6380533,12.9159368],[77.6381498,12.9159386],[77.6381572,12.9159393],[77.6381689,12.9159403],[77.6381916,12.9159422],[77.638451,12.915972],[77.6389351,12.9161073],[77.6391473,12.9161779],[77.6394229,12.9162819],[77.63998,12.9165623],[77.6400534,12.9166123],[77.6402322,12.9167523],[77.6404226,12.9169177],[77.6411253,12.9175528],[77.6416646,12.9180936],[77.6418323,12.9182686],[77.6422312,12.9187865],[77.6431349,12.9199598],[77.6431868,12.9200219],[77.6432263,12.9200735],[77.6438739,12.9208603],[77.6442491,12.9213042],[77.6444932,12.9215888],[77.6445801,12.92169],[77.6445832,12.9216931],[77.6448598,12.9219708],[77.645056,12.9221677],[77.6450789,12.9221886],[77.6451517,12.9222551],[77.6454842,12.9225586],[77.6459434,12.9229777],[77.6464967,12.9234563],[77.6465765,12.9235253],[77.646652,12.9235906],[77.6468059,12.923676],[77.6469029,12.9237358],[77.6472611,12.923944],[77.6474467,12.9240451],[77.6475631,12.9241084],[77.6475999,12.9241284],[77.6476509,12.9241562],[77.6477948,12.9242063],[77.6478788,12.9242355],[77.6478979,12.9242422],[77.6479121,12.9242471],[77.647924,12.9242497],[77.6480058,12.9242753],[77.6482098,12.924329],[77.648264,12.9243422],[77.6482831,12.9243439],[77.6483103,12.9243463],[77.6485603,12.9243686],[77.6486761,12.9243799],[77.6495926,12.9244692],[77.6498234,12.9244741],[77.6498936,12.9244756],[77.6502832,12.924484],[77.6503377,12.9244851],[77.6503801,12.9244828],[77.6505125,12.9244754],[77.6507202,12.9244639],[77.6507987,12.9244589],[77.6511168,12.9244148],[77.6511747,12.9244049],[77.6512292,12.9243957],[77.6517982,12.9242806],[77.6517978,12.9242788],[77.6517976,12.9242778],[77.6518371,12.9242705],[77.6519721,12.9242455],[77.6529697,12.9240438],[77.6530262,12.9240323],[77.6534656,12.9239435],[77.6535441,12.9239276],[77.6539799,12.9238354],[77.6551095,12.9235964],[77.6551393,12.9235901],[77.6554665,12.9235208],[77.6571691,12.9229643],[77.6577487,12.9227502],[77.6582925,12.9225406],[77.6586545,12.9224156],[77.6587963,12.9223632],[77.6591461,12.9222458],[77.6593673,12.9221693],[77.6596886,12.9220583],[77.6600818,12.9219167],[77.6603048,12.9218567],[77.6605939,12.9217789],[77.6612651,12.9216194],[77.6613241,12.9216054],[77.6613944,12.9215887],[77.6614123,12.9215844],[77.6614808,12.9215689],[77.6618388,12.9214813],[77.6623956,12.9213588],[77.6628731,12.9212029],[77.6631265,12.9211202],[77.6635898,12.9209999],[77.6637132,12.9209679],[77.6641381,12.9208423],[77.6643449,12.9207911],[77.6643628,12.9207866],[77.6643694,12.920785],[77.6644041,12.9207764],[77.6646312,12.9207202],[77.6647334,12.9207024],[77.6647658,12.920699],[77.6648319,12.920692],[77.6648504,12.92069],[77.6648715,12.9206894],[77.6642527,12.9199899],[77.6637785,12.9194539],[77.663566,12.9192126],[77.6631352,12.9187235],[77.6621061,12.917555],[77.6617728,12.9166272]]],[[[77.6719967,12.8463653],[77.6720126,12.8463451],[77.6730552,12.8465969],[77.6731712,12.8466553],[77.6733263,12.8467233],[77.6735779,12.8468272],[77.6737534,12.8469009],[77.6739258,12.84697],[77.6740132,12.8470067],[77.6740775,12.8470337],[77.6741802,12.8470802],[77.6742175,12.8470985],[77.6743011,12.8471393],[77.6743745,12.8471765],[77.6744746,12.8472228],[77.6745283,12.8472466],[77.6745903,12.8472713],[77.6746938,12.8473171],[77.6747694,12.8473544],[77.6747952,12.847369],[77.6748193,12.8473875],[77.6748589,12.8474227],[77.6748884,12.8474486],[77.6749535,12.847503],[77.6750156,12.8475542],[77.6751746,12.8476782],[77.6755225,12.8476478],[77.6755611,12.8476445],[77.675738,12.847629],[77.6759025,12.8476093],[77.6759469,12.847604],[77.6761244,12.8475797],[77.6761382,12.8475778],[77.6762147,12.8475674],[77.6763093,12.8475544],[77.6763523,12.8475484],[77.6764127,12.84754],[77.676565,12.8475156],[77.6766117,12.8475058],[77.6766255,12.8475056],[77.6766255,12.8475029],[77.6766558,12.8474965],[77.6767515,12.8474678],[77.6768597,12.8474365],[77.6769808,12.8474015],[77.6771177,12.8473594],[77.6775368,12.8472304],[77.67784,12.8471367],[77.6779492,12.8471055],[77.6779995,12.8470929],[77.6780633,12.847079],[77.6781296,12.8470674],[77.678207,12.8470558],[77.6782721,12.8470479],[77.6783729,12.8470348],[77.6785302,12.8470199],[77.6786507,12.8470123],[77.678662,12.8470116],[77.6787632,12.8470051],[77.678844,12.847],[77.6791207,12.8469824],[77.679347,12.8469681],[77.6797052,12.8469396],[77.6798007,12.846932],[77.6802524,12.846896],[77.6807394,12.8468623],[77.6809671,12.8468466],[77.6810422,12.8468414],[77.6810787,12.8468389],[77.6816234,12.8468012],[77.6819091,12.8467819],[77.6819904,12.8467757],[77.6820543,12.8467687],[77.6821293,12.8467577],[77.6821323,12.8467573],[77.6822123,12.8467448],[77.6823002,12.8467311],[77.682378,12.8467165],[77.682402,12.8467119],[77.6824718,12.8466973],[77.6825594,12.846674],[77.6827899,12.8466099],[77.6829309,12.8465707],[77.6829309,12.8465704],[77.6829398,12.8465683],[77.6829582,12.8465631],[77.6830152,12.8465473],[77.6830317,12.8465411],[77.6835131,12.8464108],[77.6837722,12.8463338],[77.6840021,12.8462656],[77.6840489,12.8462517],[77.6840964,12.8462376],[77.6842013,12.8462067],[77.6842619,12.846188],[77.6843094,12.8461694],[77.684345,12.846151],[77.6843741,12.8461326],[77.6843926,12.8461175],[77.6844024,12.8461095],[77.6844939,12.8460437],[77.6845618,12.8459962],[77.6846167,12.8459563],[77.6846619,12.8459228],[77.6846896,12.8459034],[77.684705,12.8458926],[77.6847492,12.8458645],[77.6848941,12.8457924],[77.685205,12.8456349],[77.685423,12.8455263],[77.6855507,12.8454623],[77.6857459,12.8453646],[77.6857455,12.8453636],[77.6857623,12.8453563],[77.6858199,12.8453255],[77.6858298,12.8453202],[77.6859425,12.8452598],[77.6860665,12.8451881],[77.6861938,12.8451146],[77.6862138,12.8451032],[77.6864898,12.8449451],[77.6867065,12.8448163],[77.6868773,12.8447099],[77.686888,12.8447032],[77.6869879,12.844641],[77.6871404,12.8445506],[77.6873494,12.8444155],[77.6875627,12.844273],[77.6875793,12.8442619],[77.6876395,12.8442217],[77.6878614,12.8440746],[77.688008,12.8439774],[77.6880346,12.8439596],[77.688156,12.8438782],[77.6880314,12.8437114],[77.6880308,12.8437106],[77.6878113,12.8434254],[77.6877419,12.8433322],[77.6875746,12.8431152],[77.6875441,12.8430743],[77.6874864,12.8429968],[77.6874512,12.8429491],[77.687399,12.8428785],[77.6872536,12.8426646],[77.687231,12.8426313],[77.6871758,12.8425502],[77.687132,12.8424841],[77.6868902,12.8421499],[77.6868237,12.842058],[77.6864032,12.8414769],[77.6861565,12.8411354],[77.6860368,12.8409747],[77.6860231,12.8409564],[77.6858431,12.8407145],[77.6857115,12.8405342],[77.6853499,12.8400386],[77.6851896,12.8398258],[77.6851792,12.839812],[77.6851463,12.8397683],[77.6851396,12.8397594],[77.6850115,12.8395893],[77.6849496,12.8394999],[77.6847796,12.8392542],[77.6846284,12.8390194],[77.6845555,12.8389063],[77.6844763,12.8387995],[77.6844611,12.838779],[77.6843464,12.8386245],[77.6843223,12.8385919],[77.6841693,12.8384097],[77.6840238,12.8382291],[77.6838548,12.8380537],[77.6836945,12.8378652],[77.6836089,12.8377531],[77.6835697,12.8376919],[77.683551,12.8376626],[77.6835347,12.8376373],[77.6834759,12.8375193],[77.6834526,12.8374646],[77.6834082,12.8373092],[77.6833655,12.8371792],[77.6832463,12.8369157],[77.6831722,12.8368089],[77.6831014,12.8367477],[77.6830266,12.836717],[77.6829789,12.8367073],[77.6828204,12.8367024],[77.6826976,12.8367076],[77.6825983,12.8367125],[77.6825739,12.8367137],[77.6824663,12.8367261],[77.6824237,12.836731],[77.6823398,12.836736],[77.6823154,12.8367416],[77.6823148,12.8367392],[77.6822488,12.8367486],[77.6821068,12.8367615],[77.6820002,12.8367713],[77.6819405,12.8367803],[77.6819402,12.8367793],[77.6819295,12.836782],[77.6818843,12.8367889],[77.681733,12.8368093],[77.6815807,12.8368298],[77.6814872,12.836845],[77.6814179,12.8368563],[77.6813153,12.836873],[77.6811295,12.8369032],[77.681019,12.8369192],[77.6809084,12.8369294],[77.6808575,12.836932],[77.6808492,12.8369325],[77.6807777,12.836932],[77.6807264,12.8369265],[77.680687,12.8369183],[77.6806412,12.8369052],[77.6806136,12.8368976],[77.6805885,12.8368886],[77.6805127,12.8368514],[77.680406,12.8367875],[77.6802408,12.8366886],[77.6802189,12.8366724],[77.6801242,12.8366023],[77.679964,12.8364899],[77.6798703,12.8364267],[77.679784,12.8363666],[77.6796798,12.8362966],[77.6795185,12.836163],[77.6793571,12.8360294],[77.6792672,12.8359574],[77.679427,12.835538],[77.6795044,12.8353349],[77.6795356,12.835253],[77.6795733,12.835154],[77.6796372,12.8349808],[77.6797062,12.8347937],[77.6797182,12.8347612],[77.6797632,12.8346392],[77.6800312,12.8339328],[77.6800531,12.8338674],[77.6802671,12.8332282],[77.6803796,12.8328922],[77.6804695,12.8326238],[77.6805371,12.8323982],[77.6805433,12.8323777],[77.6807618,12.831677],[77.6808343,12.8314466],[77.6808584,12.8313659],[77.6809166,12.8311715],[77.6809258,12.8311408],[77.6809966,12.8309216],[77.6810388,12.830791],[77.6810601,12.8307231],[77.6811503,12.8304361],[77.6811592,12.8304042],[77.6812092,12.8302246],[77.6812155,12.8302021],[77.6812178,12.8301939],[77.68122,12.8301858],[77.6812281,12.8301567],[77.6812332,12.8301387],[77.6812434,12.830102],[77.6812718,12.8300186],[77.6813029,12.8299272],[77.6813058,12.8299188],[77.6813534,12.8297596],[77.6813807,12.8296686],[77.6813851,12.8296541],[77.6814464,12.8294493],[77.68146,12.8294038],[77.6815629,12.8290715],[77.6815744,12.8290345],[77.6816304,12.8288536],[77.6817741,12.828383],[77.681978,12.8278447],[77.6819826,12.8278337],[77.6820146,12.8277576],[77.6820257,12.8277312],[77.6821749,12.8273757],[77.682384,12.826943],[77.6824591,12.8267876],[77.6826644,12.8263893],[77.6827653,12.8262136],[77.682783,12.8261828],[77.6828203,12.8261261],[77.6828311,12.8261096],[77.6828606,12.8260656],[77.6829419,12.825938],[77.6832244,12.8254945],[77.6833001,12.8253756],[77.6833386,12.8253153],[77.6835544,12.8250013],[77.6837834,12.824668],[77.6838103,12.8246289],[77.6838674,12.8245458],[77.6839143,12.8244776],[77.6840886,12.8242802],[77.684617,12.8236817],[77.6852017,12.8230705],[77.6852214,12.8230499],[77.6854742,12.8227857],[77.6855429,12.8227139],[77.6856192,12.8226341],[77.6858288,12.8224084],[77.6860662,12.8221528],[77.6860738,12.8221446],[77.6862646,12.8219391],[77.6862812,12.821921],[77.6864278,12.8217608],[77.6864744,12.8217099],[77.686556,12.8216206],[77.6868052,12.8213483],[77.6868651,12.8212828],[77.6873722,12.8207285],[77.687512,12.8205756],[77.6877185,12.82035],[77.6877643,12.8202999],[77.6880018,12.8200403],[77.6883118,12.8197013],[77.6885277,12.8194651],[77.6889874,12.8189624],[77.6890162,12.8189308],[77.6890552,12.8188882],[77.6891208,12.8188118],[77.6891525,12.8187749],[77.6899586,12.8178368],[77.690012,12.8177705],[77.6902823,12.8174341],[77.6903052,12.8174057],[77.6909948,12.8165479],[77.6911691,12.816331],[77.6912125,12.816277],[77.6916353,12.815751],[77.6916775,12.8156979],[77.6924358,12.8147442],[77.6924683,12.8147033],[77.6924935,12.8146716],[77.6926406,12.8144866],[77.6935982,12.8132822],[77.6936288,12.8132436],[77.6936471,12.8132207],[77.6940651,12.8126925],[77.6942765,12.8124253],[77.6948152,12.8117447],[77.6949371,12.8115907],[77.6949734,12.8115447],[77.6955866,12.81077],[77.6961208,12.8101001],[77.6961616,12.810049],[77.6971922,12.808757],[77.6974232,12.8084674],[77.6974586,12.808423],[77.6974996,12.8083716],[77.697948,12.8078094],[77.698389,12.807257],[77.6986656,12.8069105],[77.6986905,12.8068793],[77.6990059,12.8064842],[77.6992109,12.8062274],[77.6992927,12.8061249],[77.6993937,12.8059984],[77.6996948,12.8056307],[77.6997016,12.8056225],[77.6997337,12.805214],[77.6982204,12.8037578],[77.6960649,12.8023585],[77.694111,12.8018827],[77.6916241,12.8011169],[77.691524,12.8010992],[77.6912312,12.8010484],[77.6909342,12.800944],[77.6909166,12.8009378],[77.6908676,12.8009206],[77.6908066,12.8009123],[77.690691,12.8009194],[77.690344,12.800926],[77.6902407,12.8009169],[77.6902114,12.8009144],[77.6900123,12.8009708],[77.6895057,12.8009893],[77.6895045,12.8010287],[77.6893043,12.8010289],[77.6884659,12.8016786],[77.6883205,12.8017824],[77.6882245,12.8018508],[77.6863051,12.8018655],[77.6840258,12.8030821],[77.6827197,12.8038468],[77.6804744,12.8049024],[77.6793126,12.8058061],[77.6781901,12.8064015],[77.677738,12.8073295],[77.6754181,12.8087571],[77.6749422,12.8100658],[77.6727412,12.8133971],[77.6714934,12.8155862],[77.6719012,12.8179774],[77.6724398,12.8188079],[77.6730692,12.8197785],[77.6721933,12.8204963],[77.6702005,12.8212398],[77.6696883,12.8216095],[77.6697841,12.8229947],[77.6687491,12.8245632],[77.6688978,12.8274068],[77.6658997,12.8282632],[77.6655071,12.8294767],[77.6653583,12.8328323],[77.6635938,12.835881],[77.6635934,12.8358816],[77.6635919,12.8358845],[77.6632352,12.8365504],[77.6618576,12.8391019],[77.6614478,12.8398608],[77.6614209,12.840095],[77.6614033,12.8401786],[77.661329,12.8405304],[77.6612917,12.8406265],[77.6612529,12.8407162],[77.6611002,12.8409357],[77.6609518,12.8411215],[77.6608501,12.8412232],[77.6607071,12.8413662],[77.6606142,12.8414561],[77.6603173,12.8417431],[77.6603785,12.8419407],[77.6604259,12.8420938],[77.6604502,12.8421725],[77.6604355,12.84234],[77.6603761,12.8426282],[77.6602976,12.8433201],[77.6601445,12.8447089],[77.6601095,12.8450136],[77.6601409,12.8451153],[77.6600446,12.8451402],[77.6599973,12.8451429],[77.6594345,12.8451306],[77.65935,12.8451434],[77.6592691,12.8451883],[77.6592392,12.8452214],[77.6591667,12.8453999],[77.659006,12.8458377],[77.6586773,12.8466105],[77.6583392,12.8473331],[77.6582292,12.8475552],[77.6581027,12.8477694],[77.6580154,12.8479203],[77.6579389,12.8480791],[77.6579088,12.8481778],[77.6578868,12.8482995],[77.6578778,12.8484226],[77.6578427,12.8488721],[77.6577808,12.8494269],[77.6576983,12.8499397],[77.6575959,12.8503077],[77.6575476,12.8505721],[77.65749,12.8508967],[77.6604743,12.8532728],[77.6604747,12.8532769],[77.6604892,12.8534291],[77.6605102,12.8536055],[77.6605802,12.8537184],[77.6606801,12.853798],[77.6610731,12.85392],[77.6614554,12.8540306],[77.6617351,12.8541115],[77.661821,12.8541353],[77.6621109,12.8542156],[77.662537,12.8543336],[77.6626182,12.85436],[77.6626973,12.8543919],[77.6627739,12.8544292],[77.6628477,12.8544717],[77.6629181,12.8545193],[77.662985,12.8545716],[77.663048,12.8546284],[77.6631066,12.8546894],[77.6631608,12.8547544],[77.6632101,12.8548229],[77.6642874,12.8560691],[77.6646572,12.8556225],[77.6649639,12.8552219],[77.6649891,12.8551906],[77.6650211,12.8551507],[77.6651891,12.8549417],[77.665512,12.8545397],[77.6655313,12.8545156],[77.6659037,12.854052],[77.6661265,12.8537746],[77.6665747,12.8531981],[77.6666221,12.8531371],[77.6668892,12.8527936],[77.6669915,12.852662],[77.6674932,12.8520501],[77.6675442,12.8519879],[77.667664,12.8518312],[77.6678119,12.8516382],[77.6678178,12.8516305],[77.6679401,12.8514708],[77.6681843,12.8511642],[77.6685096,12.8507559],[77.6685675,12.8506832],[77.6689305,12.8502274],[77.6696394,12.8493392],[77.6699477,12.8489384],[77.6702087,12.8485991],[77.6702542,12.84854],[77.6703866,12.8483723],[77.6705116,12.8482172],[77.6709117,12.8477555],[77.6709872,12.8476595],[77.6709957,12.8476487],[77.6711214,12.8474888],[77.6712074,12.8473795],[77.6712349,12.8473445],[77.6713288,12.847225],[77.671584,12.8468867],[77.6716476,12.8468024],[77.6717382,12.8466893],[77.6717464,12.846679],[77.6719593,12.846413],[77.6719967,12.8463653]]]]}},{"type":"Feature","properties":{"KGISSub_DivisionID":36,"Sub_DivisionName":"N11"},"geometry":{"type":"Polygon","coordinates":[[[77.63394,13.1065872],[77.634482,13.1035292],[77.6346977,13.1022083],[77.6347237,13.1020893],[77.6348208,13.101802],[77.6348475,13.1017232],[77.634858,13.1016922],[77.6348363,13.1016976],[77.6348307,13.101699],[77.6348275,13.1016998],[77.6347659,13.1017152],[77.6337146,13.1019778],[77.6333069,13.102064],[77.6330179,13.1021209],[77.6326544,13.1021924],[77.6324574,13.1022243],[77.6324507,13.1021882],[77.6323758,13.1017793],[77.6313508,13.1011312],[77.6304979,13.1005919],[77.6299883,13.1002526],[77.6299775,13.1002459],[77.6297853,13.1001274],[77.6297773,13.1000956],[77.6296869,13.0998739],[77.6294142,13.0992705],[77.6292562,13.0989139],[77.6291805,13.0988485],[77.6291423,13.0988384],[77.6291476,13.098777],[77.6291363,13.0986807],[77.6290876,13.0985534],[77.6290703,13.0985154],[77.6287476,13.0978062],[77.6285859,13.0974861],[77.6283323,13.0969375],[77.6282483,13.0967437],[77.6279666,13.0961015],[77.6278921,13.0959416],[77.6278712,13.0958966],[77.6276646,13.0954529],[77.6275786,13.0951999],[77.627543,13.0952234],[77.627524,13.0951557],[77.6275152,13.0950256],[77.6275092,13.0949382],[77.6274305,13.0947321],[77.627337,13.0945002],[77.6272709,13.0943365],[77.627266,13.0943384],[77.6272319,13.0943516],[77.6266599,13.0930702],[77.6265746,13.0923837],[77.6265679,13.09233],[77.6263785,13.0912563],[77.6262776,13.0904829],[77.6262649,13.0903717],[77.6262257,13.0903394],[77.6261979,13.0903164],[77.6261277,13.0901012],[77.6260644,13.0893586],[77.6260573,13.0892755],[77.6260478,13.0890262],[77.6260447,13.088944],[77.6260343,13.088892],[77.6260102,13.0888586],[77.6259878,13.0888275],[77.6259412,13.0888007],[77.6245313,13.0883874],[77.6242534,13.0877208],[77.6241476,13.0872436],[77.6240779,13.0872495],[77.6240466,13.0872597],[77.6240222,13.087286],[77.6231318,13.0863716],[77.6227686,13.0859986],[77.6227673,13.0859571],[77.6227272,13.0846711],[77.6227067,13.0838779],[77.6226939,13.0837073],[77.6226421,13.0830176],[77.6226173,13.0823222],[77.6225955,13.082288],[77.6225855,13.0820854],[77.6226063,13.0820221],[77.6226091,13.0819515],[77.6225992,13.0818841],[77.6226483,13.0818149],[77.6226725,13.0814757],[77.6226802,13.0813671],[77.6227032,13.0810439],[77.6227813,13.0803781],[77.6235726,13.0796348],[77.6239276,13.0786865],[77.624331,13.078522],[77.6244676,13.0783939],[77.6246245,13.0783468],[77.6251673,13.0782192],[77.6252516,13.0781993],[77.6255185,13.0781366],[77.6264155,13.0781131],[77.6278328,13.077482],[77.6286261,13.0771165],[77.6287661,13.077052],[77.6289409,13.0769714],[77.6306878,13.0767674],[77.630746,13.0767746],[77.6312364,13.0766899],[77.6316901,13.0766295],[77.6321493,13.0765838],[77.6327802,13.0764966],[77.6329296,13.0764798],[77.6330592,13.0764653],[77.6334284,13.07641],[77.6336924,13.0763706],[77.6337151,13.0763672],[77.6336992,13.0752299],[77.6336951,13.0752302],[77.633695,13.0752302],[77.6331891,13.0752697],[77.6330568,13.0742729],[77.6330449,13.0742601],[77.6328592,13.0735158],[77.6327617,13.0731139],[77.6325394,13.0723825],[77.632383,13.0718166],[77.631617,13.0718675],[77.631352,13.0718873],[77.6307582,13.0719443],[77.6304155,13.0719752],[77.6301178,13.0719952],[77.6299628,13.0720038],[77.6294287,13.072041],[77.6293256,13.0720503],[77.6289593,13.0720848],[77.6284456,13.0721553],[77.6282387,13.0721759],[77.628088,13.0721898],[77.6279579,13.0721961],[77.6277277,13.0721712],[77.6275619,13.071768],[77.6275225,13.0716722],[77.6274625,13.0715262],[77.6271497,13.0707657],[77.6270576,13.070509],[77.6270253,13.070413],[77.6270168,13.0702755],[77.6269746,13.0700533],[77.6269695,13.0700268],[77.6265399,13.0693269],[77.626123,13.068707],[77.6260899,13.0686578],[77.6260133,13.0685439],[77.6259369,13.0684303],[77.6254326,13.0676987],[77.6249376,13.0670472],[77.6249241,13.067036],[77.6244968,13.0666811],[77.6244001,13.0665756],[77.624039,13.0661602],[77.6239901,13.0661061],[77.6237576,13.0658876],[77.6233217,13.0654219],[77.6231774,13.0652818],[77.6225503,13.0645626],[77.6222872,13.0642609],[77.6222102,13.0642293],[77.6213716,13.0638856],[77.6211471,13.0637935],[77.6202631,13.0633417],[77.6201381,13.063291],[77.6190538,13.0628938],[77.6190527,13.0628503],[77.6190527,13.0628498],[77.619047,13.0626288],[77.6183043,13.0625918],[77.6181419,13.0625644],[77.6164085,13.0622716],[77.6160383,13.0622417],[77.6153868,13.0626763],[77.6151214,13.0628534],[77.6151198,13.0628543],[77.6146629,13.0631501],[77.6145965,13.0631931],[77.6134551,13.0639319],[77.6126627,13.0644712],[77.6126092,13.0645277],[77.6120955,13.0650699],[77.6118174,13.0653549],[77.6115279,13.0656516],[77.6115456,13.0660885],[77.6115456,13.0660887],[77.6115485,13.0661593],[77.609623,13.0666801],[77.6085045,13.0670754],[77.6083897,13.06635],[77.6083587,13.0662769],[77.6083174,13.0662134],[77.608306,13.0660574],[77.6083456,13.0660528],[77.6082044,13.0646118],[77.6081955,13.0642329],[77.6080065,13.0642119],[77.6078668,13.0641963],[77.6075706,13.0641633],[77.6072954,13.0641326],[77.6066468,13.0637737],[77.6067004,13.0635185],[77.606563,13.0633724],[77.6066046,13.0631498],[77.6061475,13.0630474],[77.6061344,13.0630944],[77.6061271,13.0631209],[77.6059763,13.0630897],[77.6060993,13.0625732],[77.6061005,13.0625684],[77.6061358,13.06242],[77.6061512,13.0622856],[77.6061365,13.0622823],[77.6060056,13.0622531],[77.6056141,13.0620764],[77.6053013,13.0619351],[77.6053517,13.0617717],[77.6054027,13.0616066],[77.6053938,13.0614549],[77.6053898,13.0614287],[77.6052563,13.0613666],[77.6050589,13.0612748],[77.605015,13.0612544],[77.6050119,13.0611259],[77.6050107,13.0610751],[77.6049147,13.0609924],[77.6047114,13.0609659],[77.6047346,13.0607679],[77.6046663,13.0605505],[77.6038454,13.0604194],[77.6036765,13.0604431],[77.6033078,13.0605395],[77.603269,13.0605097],[77.6031845,13.0604595],[77.6030632,13.0603659],[77.6030064,13.0602883],[77.6029764,13.060262],[77.602937,13.0602456],[77.6027681,13.060231],[77.6027683,13.0597658],[77.6026753,13.0595479],[77.6021272,13.0591504],[77.6020249,13.0590559],[77.6017065,13.0587998],[77.6016113,13.0586804],[77.6015555,13.0586103],[77.6011689,13.058125],[77.6010629,13.0579524],[77.6010529,13.0579361],[77.6010441,13.0579219],[77.6009001,13.0577377],[77.6003433,13.0570333],[77.5997509,13.056244],[77.5994562,13.055798],[77.59913,13.0553041],[77.5990553,13.0553397],[77.5990542,13.0553402],[77.5989898,13.0553708],[77.5989607,13.0552983],[77.5988794,13.0550947],[77.5996436,13.054821],[77.5997377,13.0547959],[77.6003105,13.0546724],[77.6018799,13.0542658],[77.6019191,13.0542557],[77.601955,13.0542464],[77.6019793,13.0542401],[77.6019856,13.0542102],[77.6019913,13.0541868],[77.601999,13.0541615],[77.6020041,13.0541485],[77.6020074,13.0541408],[77.6020107,13.0541339],[77.6020134,13.0541293],[77.6020142,13.054128],[77.6020187,13.0541217],[77.6020221,13.0541175],[77.6020258,13.0541133],[77.6020293,13.0541095],[77.6020387,13.0541002],[77.6020485,13.0540929],[77.602055,13.0540886],[77.6020595,13.054086],[77.6020702,13.0540805],[77.6020933,13.0540697],[77.6021005,13.0540667],[77.6021012,13.0540665],[77.6021453,13.0540512],[77.602198,13.0540345],[77.6023168,13.0539929],[77.6024657,13.0539356],[77.6025226,13.0539109],[77.6025294,13.0539076],[77.6025829,13.0538784],[77.6025927,13.0538731],[77.6026383,13.0538506],[77.6026669,13.053837],[77.6027254,13.0538103],[77.6027289,13.0538089],[77.6027934,13.0537828],[77.6028149,13.0537741],[77.6028996,13.0537418],[77.6029202,13.0537339],[77.6030424,13.0536885],[77.6031742,13.0536415],[77.6033422,13.0535816],[77.6034662,13.0535374],[77.6034889,13.0535293],[77.6035305,13.0535144],[77.6036607,13.0534652],[77.6037306,13.0534388],[77.603752,13.0534307],[77.6037559,13.0534293],[77.6037828,13.0534196],[77.6040229,13.0533253],[77.6041019,13.0532944],[77.604252,13.0532354],[77.6043204,13.0532086],[77.6044403,13.0531606],[77.6046299,13.0530892],[77.6047481,13.0530447],[77.6047912,13.0530306],[77.6048391,13.0530174],[77.6049249,13.0529912],[77.605017,13.0529631],[77.6051204,13.0529341],[77.6051382,13.0529292],[77.6052546,13.0528966],[77.6052701,13.0528923],[77.6054536,13.0528444],[77.605562,13.0528161],[77.6056597,13.0527906],[77.6056998,13.0527802],[77.6057922,13.0527572],[77.6058538,13.0527419],[77.6058543,13.0527417],[77.6059655,13.0527141],[77.6060978,13.0526803],[77.6061033,13.0526792],[77.606109,13.0526784],[77.6061148,13.0526783],[77.6061206,13.0526789],[77.6063503,13.0526018],[77.6063821,13.0525903],[77.6064092,13.0525805],[77.6064328,13.0525707],[77.6064514,13.052563],[77.606484,13.0525495],[77.6065109,13.0525366],[77.6065174,13.0525335],[77.6065377,13.0525238],[77.6065613,13.052511],[77.6065805,13.0524994],[77.6065958,13.0524886],[77.606613,13.0524752],[77.6066251,13.0524631],[77.6066359,13.0524517],[77.6066428,13.0524444],[77.6066486,13.0524383],[77.6066678,13.0524126],[77.6066918,13.0523797],[77.6067546,13.0522991],[77.6068167,13.052223],[77.6068638,13.0521598],[77.6069017,13.0521053],[77.6069191,13.0520815],[77.6069566,13.0520302],[77.6069901,13.0519842],[77.607027,13.0519337],[77.6070386,13.0519178],[77.6070688,13.0518763],[77.6071508,13.0517638],[77.6071928,13.0516976],[77.6072183,13.0516578],[77.6072311,13.05164],[77.6072347,13.0516353],[77.6072467,13.0516201],[77.607266,13.0515994],[77.6072931,13.0515751],[77.6073252,13.0515444],[77.6073488,13.0515251],[77.6073746,13.0515072],[77.6073982,13.0514936],[77.6074236,13.0514802],[77.6074868,13.051452],[77.607613,13.0513929],[77.6076371,13.0513813],[77.6076343,13.0513483],[77.6076306,13.0513066],[77.6076265,13.0512607],[77.6076251,13.0512442],[77.6076199,13.0511858],[77.6075989,13.050964],[77.6075969,13.0509423],[77.60759,13.05087],[77.6075795,13.0507583],[77.6075702,13.0506212],[77.6075643,13.0505339],[77.6075627,13.0505101],[77.6075557,13.0504077],[77.6075486,13.050306],[77.6075474,13.05029],[77.6075322,13.0500731],[77.607523,13.0499524],[77.607514,13.049834],[77.6075085,13.0497618],[77.6074991,13.0496387],[77.6074664,13.049144],[77.6074639,13.0491124],[77.6074558,13.0490105],[77.6074556,13.0490074],[77.6074543,13.0489908],[77.607454,13.048988],[77.6074416,13.0488319],[77.6074409,13.0488222],[77.6074391,13.0488076],[77.6074377,13.0487954],[77.6074184,13.0486331],[77.6074178,13.0486275],[77.6074176,13.0486259],[77.6074127,13.0485846],[77.6074118,13.0485772],[77.6074004,13.0484806],[77.6073913,13.0484088],[77.607387,13.0483318],[77.6073859,13.0483103],[77.6073808,13.0482601],[77.6073777,13.0481605],[77.6073773,13.0481503],[77.6073664,13.0478065],[77.60736,13.047606],[77.6073567,13.0475019],[77.6073494,13.0472724],[77.6073493,13.0472675],[77.6073443,13.0471117],[77.6073867,13.0464408],[77.6076574,13.0464592],[77.608481,13.0466637],[77.6092577,13.0467825],[77.6094193,13.0468072],[77.6101031,13.0468819],[77.6102552,13.0468985],[77.6104247,13.0469192],[77.6104248,13.0469192],[77.6107582,13.04696],[77.6110106,13.0470771],[77.6112341,13.0472684],[77.611614,13.0475934],[77.6122169,13.0479251],[77.6124609,13.0478716],[77.61295,13.0479911],[77.6134546,13.0481143],[77.6136169,13.0481523],[77.613617,13.0481523],[77.6136171,13.0481524],[77.6145978,13.048382],[77.6150227,13.0481118],[77.6152007,13.0480912],[77.6152125,13.0480899],[77.6152453,13.0480906],[77.6156179,13.0481133],[77.6158376,13.0484287],[77.6158403,13.0484591],[77.6158643,13.0486998],[77.615869,13.0487248],[77.6158804,13.0487598],[77.6161085,13.0487409],[77.6168642,13.0486851],[77.61719,13.0486623],[77.6172162,13.0486605],[77.617253,13.0486579],[77.617368,13.0486499],[77.6176578,13.0486316],[77.6178886,13.0486111],[77.617981,13.0486029],[77.6181897,13.0485947],[77.6182044,13.0485943],[77.6182538,13.0485932],[77.6182826,13.0485936],[77.6182754,13.0484758],[77.6180884,13.048419],[77.6179276,13.048403],[77.6179681,13.0482956],[77.6183287,13.0483717],[77.6188007,13.0482545],[77.6189852,13.0482087],[77.6195343,13.0481062],[77.6199004,13.0480474],[77.6203027,13.0480245],[77.62059,13.0480028],[77.6207825,13.048076],[77.6210965,13.0478567],[77.6216127,13.0477199],[77.6218111,13.0476654],[77.6218612,13.0476516],[77.622301,13.0475532],[77.6224639,13.0475421],[77.6225595,13.0475224],[77.6225685,13.0475237],[77.6227995,13.0475575],[77.622974,13.0475334],[77.6230197,13.0475271],[77.6232034,13.0474924],[77.6232301,13.0474874],[77.6233012,13.0474906],[77.623507,13.047417],[77.6236164,13.0474159],[77.6236294,13.0474187],[77.6237747,13.0474501],[77.6240532,13.0473519],[77.6242716,13.0473259],[77.6244184,13.0474197],[77.6247443,13.0472139],[77.624864,13.047034],[77.6249842,13.0469136],[77.6250695,13.0468353],[77.6251289,13.0467808],[77.6252128,13.0466968],[77.6253192,13.0466719],[77.6253348,13.0466682],[77.6255881,13.0466834],[77.6256908,13.0467059],[77.6257633,13.046717],[77.6257773,13.0467006],[77.6258336,13.0466344],[77.6258824,13.0465859],[77.6258869,13.0464381],[77.6265119,13.0460048],[77.6266632,13.0459079],[77.6266646,13.045907],[77.6268346,13.0457982],[77.6270088,13.0456866],[77.6272793,13.0455071],[77.6272837,13.0455049],[77.6273577,13.0454675],[77.627402,13.0454452],[77.6272304,13.0452356],[77.6271758,13.0451768],[77.6271707,13.0451712],[77.627033,13.0450231],[77.6269523,13.0449362],[77.6268957,13.0448752],[77.6264288,13.0443834],[77.6263171,13.0442656],[77.6261727,13.0440752],[77.6259524,13.0437848],[77.625655,13.0433427],[77.6254,13.0429004],[77.625392,13.0428866],[77.6253725,13.0428501],[77.6252036,13.0425339],[77.6250782,13.0422994],[77.6249062,13.0419736],[77.6248922,13.0419476],[77.6248618,13.0418817],[77.6248534,13.0418636],[77.6248472,13.0418476],[77.6245916,13.0410477],[77.6245439,13.0408987],[77.6244465,13.0405743],[77.6244118,13.0404545],[77.6243791,13.0403419],[77.6243271,13.0402474],[77.6243084,13.0402254],[77.6242954,13.0402101],[77.6242012,13.0403259],[77.6239437,13.0406426],[77.623801,13.0407951],[77.6237027,13.0409002],[77.6235077,13.0410113],[77.623444,13.0410365],[77.6234313,13.0410415],[77.6234308,13.0410417],[77.6233499,13.0410736],[77.6230673,13.0411535],[77.6227483,13.0411743],[77.6227047,13.0411725],[77.6226266,13.0411695],[77.6209789,13.0411181],[77.6193784,13.0410693],[77.6193783,13.0410693],[77.6188923,13.041044],[77.618166,13.0410061],[77.6181611,13.0410069],[77.6176691,13.0409688],[77.61722,13.0409391],[77.617036,13.0409629],[77.6162216,13.0411461],[77.6146982,13.0416339],[77.6142787,13.0418315],[77.6139922,13.0420025],[77.6139205,13.042033],[77.6138657,13.0420564],[77.6136194,13.0421612],[77.6136065,13.0421667],[77.6136064,13.0421667],[77.6135509,13.0421903],[77.6136009,13.0414783],[77.6136085,13.0414017],[77.6136116,13.0413709],[77.6136135,13.0413523],[77.6136047,13.0412061],[77.6135971,13.0410796],[77.6135939,13.0410272],[77.6135939,13.0410271],[77.6135926,13.0410046],[77.6135912,13.0409821],[77.6135853,13.0408825],[77.6135814,13.0408404],[77.6135572,13.0405761],[77.6135541,13.0405421],[77.6135439,13.0404726],[77.6135256,13.0403889],[77.6134952,13.040241],[77.6132548,13.0402743],[77.6128906,13.0403248],[77.6125079,13.0403588],[77.6124062,13.0403525],[77.6123357,13.0403374],[77.6122423,13.0403223],[77.6121844,13.0403149],[77.6120986,13.0403064],[77.6119875,13.0402921],[77.6117796,13.0403001],[77.611765,13.0403018],[77.6117188,13.0403073],[77.6116006,13.0403215],[77.6114832,13.0403356],[77.6114655,13.0403377],[77.6114562,13.0403388],[77.6114567,13.0403404],[77.6115088,13.0405051],[77.6116787,13.0410419],[77.6117105,13.0411424],[77.6117588,13.0413115],[77.6117279,13.0413166],[77.6117231,13.0413174],[77.6116509,13.0413294],[77.6111767,13.0414079],[77.6110476,13.0414266],[77.6109575,13.0414367],[77.6108617,13.0414532],[77.6108491,13.0414559],[77.6107991,13.0414666],[77.6107574,13.0414769],[77.6107164,13.0414886],[77.6106802,13.0415013],[77.610266,13.0416329],[77.6094972,13.0418384],[77.6093005,13.041891],[77.6087477,13.042032],[77.6081223,13.0421637],[77.6079775,13.042187],[77.6079787,13.042194],[77.6079765,13.0421944],[77.6079833,13.0422363],[77.6080013,13.0423457],[77.6080168,13.0424405],[77.6080319,13.0425322],[77.6080355,13.0425541],[77.608062,13.0427156],[77.608138,13.0431789],[77.6081474,13.0432363],[77.6081579,13.0433001],[77.6081609,13.0433184],[77.6081639,13.0433367],[77.6081732,13.0433933],[77.6081847,13.0434638],[77.6081742,13.0434659],[77.6081701,13.0434666],[77.6075275,13.0435723],[77.6070639,13.043649],[77.6070466,13.0436515],[77.6070443,13.0436517],[77.6070429,13.0436518],[77.6062351,13.043703],[77.6060073,13.0437039],[77.6051029,13.0436977],[77.6050668,13.0436975],[77.6020702,13.0436703],[77.6020049,13.0436697],[77.6019345,13.0436707],[77.6012414,13.0436807],[77.5997986,13.0437016],[77.5993946,13.0436404],[77.5990337,13.0435082],[77.597545,13.0424285],[77.5974868,13.0423873],[77.5971865,13.0421749],[77.5971651,13.0421598],[77.5971545,13.0421545],[77.5969298,13.0420419],[77.5968979,13.0420259],[77.5968853,13.0420222],[77.5966152,13.0419421],[77.5966058,13.0419394],[77.5966014,13.0419389],[77.5963568,13.041912],[77.5963507,13.0419113],[77.5963484,13.0419113],[77.5951126,13.0419295],[77.5941807,13.0419244],[77.5941799,13.0419245],[77.5941785,13.0419244],[77.5941019,13.0419356],[77.5940595,13.0419413],[77.5940077,13.0419481],[77.5939851,13.0419521],[77.5939585,13.0419567],[77.5939507,13.041958],[77.5939241,13.0419626],[77.5938659,13.0419778],[77.593775,13.0420055],[77.5930919,13.0422288],[77.5930096,13.0422562],[77.5929947,13.0422612],[77.5928973,13.0422937],[77.5927964,13.0423269],[77.5927359,13.0423437],[77.5922924,13.0424617],[77.5921942,13.0424873],[77.5921592,13.0424964],[77.5919862,13.0425429],[77.5912298,13.0427419],[77.5909899,13.042805],[77.5909631,13.0428114],[77.5909492,13.0428136],[77.5907904,13.0428385],[77.590787,13.0428389],[77.5907853,13.042839],[77.590684,13.0428476],[77.5904088,13.0428711],[77.5903547,13.0428757],[77.5903015,13.0427369],[77.5902185,13.0427499],[77.5901536,13.0427553],[77.5898947,13.0427758],[77.5895839,13.0427759],[77.5894161,13.0427627],[77.589224,13.0427526],[77.5889062,13.0426662],[77.5886007,13.0426005],[77.5883417,13.0426031],[77.5879614,13.0426577],[77.5873014,13.0427868],[77.585966,13.0430302],[77.5851699,13.0432533],[77.5846457,13.0435454],[77.5840522,13.0439129],[77.5825752,13.0448957],[77.5819705,13.0453678],[77.5807318,13.0464081],[77.57951,13.0473166],[77.5790852,13.0474912],[77.5785451,13.0477207],[77.5781095,13.0477489],[77.5775513,13.0477007],[77.5762029,13.0475677],[77.5741898,13.0474144],[77.5732255,13.0472896],[77.5717069,13.0472061],[77.5700234,13.0470883],[77.5689674,13.0469435],[77.5680556,13.0468898],[77.5660297,13.0466678],[77.5657698,13.0465927],[77.5652831,13.0463824],[77.5649767,13.0462241],[77.5644055,13.0458025],[77.5642048,13.0456638],[77.5645321,13.0461576],[77.5650413,13.047073],[77.5655677,13.0479952],[77.5659114,13.0486057],[77.5663961,13.0494595],[77.5670776,13.050667],[77.5672982,13.0510607],[77.5675525,13.0515095],[77.5679438,13.052194],[77.5682753,13.0527529],[77.5683846,13.0529431],[77.568631,13.0533785],[77.5688833,13.0538254],[77.5691038,13.0542095],[77.5693581,13.0546621],[77.5703445,13.0564881],[77.5707459,13.0572012],[77.5714196,13.0584088],[77.5720395,13.0594965],[77.5721981,13.0597474],[77.572744,13.0604762],[77.5731148,13.0608703],[77.5736644,13.061385],[77.5738299,13.0615478],[77.5741851,13.0618006],[77.5745374,13.0620513],[77.5753999,13.0626508],[77.5763623,13.0632895],[77.5773957,13.0639944],[77.5785938,13.0647932],[77.5793934,13.0653437],[77.5805013,13.0660822],[77.5818881,13.0670168],[77.5830706,13.0678043],[77.5841688,13.0685468],[77.5854713,13.0694364],[77.5863121,13.0700035],[77.5867195,13.0703513],[77.5871371,13.0707372],[77.5876674,13.0712769],[77.5879045,13.0715671],[77.5883865,13.072331],[77.5886648,13.0728312],[77.5888542,13.0732213],[77.5889072,13.0733389],[77.5891634,13.0739069],[77.5891269,13.0739219],[77.5891428,13.0739629],[77.5892101,13.0741362],[77.5892574,13.0742579],[77.5893975,13.0746186],[77.5896318,13.075222],[77.5896643,13.0753056],[77.5898306,13.0757337],[77.5904304,13.0771332],[77.5906612,13.0777068],[77.5907332,13.0778775],[77.5907386,13.0778903],[77.590851,13.078157],[77.5913239,13.0792787],[77.5914327,13.0795305],[77.5915596,13.0798244],[77.5916035,13.0799261],[77.5917779,13.0803302],[77.5918463,13.0804884],[77.5920634,13.0809913],[77.5924351,13.0818522],[77.5924508,13.0818886],[77.5927227,13.0825181],[77.5932359,13.0837066],[77.5932509,13.0837415],[77.5935973,13.0845436],[77.5936132,13.0846012],[77.5940085,13.0855214],[77.5940297,13.0855708],[77.5941733,13.0859049],[77.594772,13.0872986],[77.5948272,13.087427],[77.5955052,13.0890052],[77.5956714,13.089474],[77.5956818,13.0895033],[77.5959583,13.0902836],[77.5959967,13.090392],[77.596003,13.0904098],[77.5960455,13.0905296],[77.5961368,13.0910614],[77.596153,13.0911558],[77.5961578,13.0911838],[77.5961879,13.0913589],[77.5962136,13.0915085],[77.5963036,13.0920329],[77.596383,13.0920659],[77.5963919,13.0920695],[77.5964529,13.0920948],[77.5965097,13.0921184],[77.5965127,13.0921196],[77.5970562,13.0923415],[77.6005862,13.092201],[77.6036259,13.0912262],[77.6078492,13.0908688],[77.610045,13.0910564],[77.6109342,13.0941944],[77.6123667,13.0981136],[77.6130899,13.1007288],[77.6145611,13.1032314],[77.6146959,13.1033284],[77.6152004,13.1036913],[77.6154582,13.1038768],[77.6157904,13.1041158],[77.6165514,13.1042074],[77.6174381,13.1044429],[77.6183648,13.104689],[77.6205638,13.1043598],[77.6213985,13.1042654],[77.6217542,13.1042205],[77.6218678,13.1042054],[77.6220736,13.1041781],[77.6223094,13.1041468],[77.6223409,13.1041349],[77.6223429,13.1041342],[77.6223395,13.1039862],[77.6223375,13.1038231],[77.6223351,13.1036395],[77.6223343,13.1035748],[77.6226544,13.1035547],[77.6230336,13.1035126],[77.623627,13.1034129],[77.6255824,13.1030446],[77.6262498,13.1029402],[77.6265841,13.102888],[77.6270441,13.1028155],[77.6271453,13.1027996],[77.6273621,13.1027675],[77.6278797,13.1026909],[77.6280171,13.1026706],[77.628516,13.102584],[77.6290269,13.102514],[77.6290971,13.1030678],[77.6291734,13.1036688],[77.6292498,13.1039294],[77.6295423,13.1049274],[77.6294256,13.1049287],[77.6279852,13.1049452],[77.6269271,13.1049152],[77.6269189,13.104915],[77.6265032,13.1049031],[77.6265029,13.1049033],[77.626459,13.1049316],[77.6262387,13.1050662],[77.6260814,13.1051092],[77.6260173,13.1051267],[77.6259967,13.1051323],[77.6260352,13.1053178],[77.6260402,13.1053423],[77.6260649,13.1054843],[77.6260648,13.105635],[77.6260647,13.1058034],[77.6260515,13.1058494],[77.6266626,13.1066506],[77.6267514,13.1067453],[77.6268108,13.1068642],[77.626856,13.1069546],[77.6269281,13.1071475],[77.6269872,13.1073059],[77.6270819,13.1075594],[77.6271782,13.1077214],[77.6272769,13.1078921],[77.6273511,13.1079953],[77.6273774,13.1080116],[77.6273869,13.1080175],[77.6274137,13.1080341],[77.6274669,13.10805],[77.6274835,13.1080549],[77.6275944,13.1081649],[77.6276425,13.1082218],[77.6276739,13.1082754],[77.6276947,13.1083109],[77.6278637,13.1083809],[77.6279666,13.1085211],[77.6280922,13.1087356],[77.6282226,13.108883],[77.6282382,13.1089026],[77.6282733,13.1089745],[77.6285462,13.1092895],[77.6287245,13.1095373],[77.6292582,13.1101189],[77.6292722,13.1101325],[77.6293765,13.1102335],[77.6296036,13.1104537],[77.6296592,13.1105213],[77.6301203,13.1110419],[77.6301223,13.1110425],[77.630131,13.1110449],[77.6306085,13.1111786],[77.6332863,13.1119281],[77.6341129,13.1120183],[77.6341865,13.1120263],[77.6342395,13.1120321],[77.6342401,13.1120322],[77.6343079,13.1120396],[77.6341978,13.1117538],[77.633927,13.1111542],[77.6339007,13.111096],[77.6338315,13.110892],[77.6337546,13.1105387],[77.6335758,13.109344],[77.6335191,13.1089083],[77.6335968,13.1083863],[77.63394,13.1065872]]]}},{"type":"Feature","properties":{"KGISSub_DivisionID":37,"Sub_DivisionName":"NE2"},"geometry":{"type":"Polygon","coordinates":[[[77.5879614,13.0426577],[77.5883417,13.0426031],[77.5886007,13.0426005],[77.5889062,13.0426662],[77.589224,13.0427526],[77.5894161,13.0427627],[77.5895839,13.0427759],[77.5898947,13.0427758],[77.5901536,13.0427553],[77.5902185,13.0427499],[77.5903015,13.0427369],[77.5901891,13.0424435],[77.5900929,13.0421276],[77.5899685,13.0417186],[77.5895658,13.0400651],[77.5893453,13.0386503],[77.5892697,13.0377187],[77.5892462,13.0367715],[77.5892063,13.0363783],[77.5891379,13.0361352],[77.5888108,13.0353925],[77.5885686,13.0348179],[77.588346,13.0340007],[77.5881838,13.0331531],[77.5875882,13.0319451],[77.5872922,13.0312641],[77.5870487,13.030704],[77.5867801,13.0300636],[77.5867777,13.0300639],[77.5861676,13.0286054],[77.585936,13.028084],[77.5857793,13.0276514],[77.5855733,13.0270214],[77.5851587,13.0253838],[77.5849051,13.0244038],[77.5847177,13.0244373],[77.5840921,13.024549],[77.5838541,13.0235174],[77.584157,13.0232704],[77.5842502,13.023224],[77.5843599,13.0231908],[77.5845788,13.0231245],[77.5845171,13.0227023],[77.584355,13.0220625],[77.584099,13.0211158],[77.5840757,13.0210219],[77.5839987,13.0206862],[77.5839534,13.0204575],[77.5839331,13.0202754],[77.5838939,13.0198491],[77.5838877,13.0192922],[77.5838871,13.0192386],[77.5838906,13.0190171],[77.5838915,13.018958],[77.5839081,13.0179231],[77.5839381,13.0173065],[77.5839498,13.0170674],[77.5839532,13.0169966],[77.5839725,13.0166013],[77.5839788,13.0164275],[77.5839657,13.014559],[77.5839655,13.0145369],[77.5839679,13.0145365],[77.5847129,13.0145183],[77.5847167,13.0145182],[77.5850713,13.0145095],[77.5858016,13.0144431],[77.5861588,13.0143937],[77.5864339,13.0143556],[77.5867347,13.0143001],[77.5867478,13.0142977],[77.5867493,13.0142974],[77.586752,13.0142964],[77.5869989,13.0142057],[77.5870071,13.0142027],[77.5876193,13.0139239],[77.5877331,13.0138557],[77.5877771,13.0138235],[77.5878063,13.0138021],[77.587846,13.0137687],[77.5878774,13.0137423],[77.5878861,13.0137336],[77.5879652,13.013655],[77.5879707,13.0136503],[77.5879737,13.0136477],[77.5879801,13.0136402],[77.5879941,13.0136239],[77.5880078,13.0136079],[77.5882165,13.0133644],[77.5887312,13.0127764],[77.5887694,13.0127327],[77.5888674,13.0126208],[77.5888775,13.0126093],[77.58901,13.012417],[77.5890677,13.0123331],[77.589189,13.012157],[77.5892048,13.0121341],[77.5892239,13.0121067],[77.5894813,13.0117375],[77.5901258,13.010799],[77.5902021,13.0106878],[77.5906098,13.0100241],[77.5907296,13.0101024],[77.5915637,13.010648],[77.5917682,13.0107854],[77.5926354,13.0113679],[77.5929151,13.0115594],[77.5931489,13.0117194],[77.5931765,13.0117357],[77.5932632,13.0117872],[77.5933551,13.0118121],[77.5934247,13.011821],[77.5936574,13.0118735],[77.5939642,13.0119382],[77.5940659,13.0119646],[77.5940673,13.0119649],[77.5940861,13.0119698],[77.5940888,13.011971],[77.5940845,13.011977],[77.5940696,13.011989],[77.5940245,13.01206],[77.5939701,13.0121459],[77.5937683,13.0124649],[77.5937251,13.0125247],[77.593703,13.0125553],[77.59364,13.0126737],[77.593599,13.0127846],[77.5935965,13.0127951],[77.59359,13.0128228],[77.5935842,13.012847],[77.5935778,13.012874],[77.5935661,13.0129297],[77.5935672,13.0131554],[77.5935674,13.01318],[77.5935778,13.0132723],[77.5935939,13.0133741],[77.5936004,13.0134153],[77.5936017,13.0134218],[77.5936076,13.0134523],[77.5936398,13.0136187],[77.5936431,13.0136706],[77.5936446,13.0136953],[77.5936441,13.0137061],[77.5936399,13.0137847],[77.593624,13.0138579],[77.5936162,13.0138878],[77.5935868,13.0139454],[77.5935578,13.0139987],[77.5934805,13.0141407],[77.5934494,13.0141941],[77.593321,13.0143538],[77.5933177,13.0143571],[77.5932867,13.0143886],[77.5932219,13.014451],[77.5932055,13.0144647],[77.5931888,13.0144787],[77.5931627,13.0144929],[77.5931279,13.014512],[77.5930474,13.0145401],[77.5930161,13.0145504],[77.5929712,13.0145652],[77.592945,13.0145745],[77.5928556,13.0146064],[77.5928474,13.0146094],[77.5928169,13.0146233],[77.5927945,13.0146417],[77.5927782,13.0146551],[77.5927742,13.0146596],[77.5927493,13.0146881],[77.5927419,13.0147078],[77.5927344,13.0147278],[77.592727,13.0147941],[77.592711,13.0148665],[77.5926714,13.0149619],[77.5926085,13.0150549],[77.5925444,13.0151177],[77.5923192,13.0152606],[77.592055,13.015415],[77.5919651,13.0154676],[77.5919471,13.0154776],[77.5919451,13.0154787],[77.5919184,13.0154909],[77.5919088,13.0154952],[77.5918533,13.015513],[77.5918101,13.0155212],[77.5918089,13.0155214],[77.5917675,13.0155292],[77.5917277,13.0155335],[77.5916894,13.0155377],[77.5916377,13.0155458],[77.5916181,13.0155489],[77.591585,13.0155579],[77.5915325,13.0155833],[77.5914937,13.0156153],[77.5914756,13.0156353],[77.5914088,13.0156909],[77.5913947,13.0157532],[77.5913877,13.01577],[77.5913795,13.0158204],[77.5913847,13.0158694],[77.5913852,13.0158726],[77.5913972,13.0159489],[77.5914142,13.0160568],[77.5914146,13.016059],[77.5914231,13.0160916],[77.5914426,13.0161663],[77.5914466,13.0161818],[77.5914656,13.0162489],[77.5914769,13.0162891],[77.5915031,13.016382],[77.5915304,13.0164727],[77.5915734,13.0166159],[77.5916559,13.016904],[77.5916706,13.0169553],[77.5917038,13.0170735],[77.5917987,13.0174123],[77.5918111,13.0174553],[77.591858,13.0176185],[77.5918673,13.0176507],[77.5919264,13.0178559],[77.5920121,13.0181279],[77.5920479,13.0182478],[77.5920977,13.018416],[77.5921473,13.0185838],[77.5921694,13.0186583],[77.5922668,13.0189877],[77.592306,13.0192043],[77.5923405,13.0191952],[77.5923451,13.019194],[77.5947322,13.0185664],[77.5947371,13.0185651],[77.5947429,13.0185636],[77.5947364,13.0185428],[77.5947311,13.0185256],[77.5947125,13.018466],[77.5946416,13.0182022],[77.5945616,13.0179048],[77.5945559,13.0178351],[77.5945529,13.017731],[77.5945691,13.0176722],[77.5945956,13.0176313],[77.5947536,13.0175394],[77.5951215,13.0173759],[77.5967015,13.0166666],[77.5972484,13.0164258],[77.5976562,13.0162463],[77.5976668,13.0162681],[77.5976676,13.0162697],[77.5978938,13.016737],[77.5980767,13.0171203],[77.5981539,13.0172845],[77.5981626,13.017304],[77.5982771,13.0175609],[77.5983816,13.017801],[77.5985204,13.0180903],[77.5985525,13.0181456],[77.598642,13.0182805],[77.5987094,13.0183728],[77.598985,13.0186453],[77.5991982,13.0188719],[77.5992402,13.01893],[77.5994299,13.0192527],[77.5995853,13.0195326],[77.5996611,13.019681],[77.599728,13.0198299],[77.5997555,13.0199141],[77.5997829,13.0200112],[77.599813,13.0201713],[77.5998563,13.020285],[77.599922,13.0204262],[77.6000367,13.0206704],[77.6001283,13.0208704],[77.6002782,13.0211997],[77.6002951,13.0211945],[77.6002995,13.0211931],[77.600362,13.0211738],[77.6004111,13.0211586],[77.6005543,13.0211144],[77.6007802,13.0210433],[77.6009467,13.0209881],[77.6009903,13.0209737],[77.601029,13.0209608],[77.6014567,13.0208038],[77.601873,13.0206373],[77.6019331,13.0206146],[77.6024217,13.0204451],[77.6027239,13.0203448],[77.6027747,13.0203279],[77.6028839,13.0202917],[77.6030437,13.0202594],[77.6032276,13.0202223],[77.6034329,13.020181],[77.6036259,13.020142],[77.6037939,13.0201082],[77.6039792,13.0200841],[77.6042264,13.020052],[77.6042359,13.0200508],[77.6043919,13.0200306],[77.6043927,13.0200305],[77.6043807,13.0200096],[77.6034193,13.0183362],[77.6033484,13.0180557],[77.6032767,13.017087],[77.6030169,13.0164881],[77.6027102,13.0158607],[77.602615,13.0156638],[77.6023977,13.0152141],[77.6022752,13.0149725],[77.6020493,13.0145139],[77.6018108,13.0135295],[77.6016831,13.012873],[77.6028187,13.0127162],[77.6023822,13.0109097],[77.6022769,13.0103501],[77.6024402,13.0081159],[77.6022462,13.0077777],[77.6023948,13.0077359],[77.6023941,13.0077348],[77.6021032,13.0072251],[77.602103,13.0072248],[77.602096,13.0072287],[77.602075,13.0072405],[77.6020614,13.0072481],[77.6019155,13.0070341],[77.6019099,13.0070259],[77.6018774,13.0070434],[77.6018773,13.0070435],[77.6017694,13.0071013],[77.6017503,13.0070716],[77.6017103,13.0070093],[77.6016034,13.0068405],[77.6015351,13.0067251],[77.6014825,13.0066359],[77.6014539,13.0065789],[77.6014313,13.0065415],[77.6013605,13.0064292],[77.6012416,13.0062285],[77.6011782,13.0061357],[77.6009323,13.0057456],[77.6009162,13.005719],[77.6008837,13.0056681],[77.6008877,13.0056656],[77.601059,13.0055639],[77.6009602,13.0054155],[77.6009506,13.0054212],[77.6007886,13.0055168],[77.6007882,13.0055171],[77.600788,13.0055168],[77.6007041,13.0053841],[77.6006999,13.0053775],[77.6006222,13.0052545],[77.600809,13.0051355],[77.6008108,13.0051343],[77.6008128,13.0051331],[77.6007352,13.0049983],[77.6005327,13.0051035],[77.600529,13.0051055],[77.6005173,13.0050855],[77.600358,13.0048231],[77.6003579,13.004823],[77.6003435,13.0047993],[77.6002998,13.0047272],[77.6002843,13.0047018],[77.6002772,13.0046903],[77.6002266,13.0046089],[77.6001221,13.0046337],[77.6000896,13.0046414],[77.6000662,13.004647],[77.5999935,13.0046762],[77.5998329,13.0043166],[77.5998051,13.0042519],[77.5997879,13.0042156],[77.5996607,13.0039279],[77.5996431,13.0038823],[77.5996418,13.0038786],[77.599596,13.0037452],[77.5995878,13.0037214],[77.5995676,13.0036717],[77.5995234,13.0035629],[77.5993795,13.0033147],[77.5993744,13.0033059],[77.5992588,13.0031106],[77.5992813,13.0030996],[77.5992839,13.0030983],[77.5996251,13.0029315],[77.5997754,13.0028592],[77.5997767,13.0028586],[77.5997946,13.00285],[77.6000004,13.002751],[77.6001324,13.0026973],[77.6003002,13.0026335],[77.6003882,13.0025991],[77.6006371,13.0025035],[77.600903,13.0023944],[77.6008952,13.0023737],[77.6009392,13.0023525],[77.6007149,13.0018943],[77.6007456,13.001761],[77.600799,13.0015286],[77.600676,13.0014951],[77.5998639,13.0012598],[77.5994364,13.001141],[77.5996582,13.0003568],[77.5996927,13.0002347],[77.599819,12.9997709],[77.6001275,12.9991717],[77.6002575,12.9992735],[77.6002611,12.9992763],[77.6003376,12.9992972],[77.6003692,12.9993058],[77.6003958,12.999313],[77.6004483,12.9993226],[77.6005332,12.999338],[77.6005476,12.9993406],[77.6005822,12.9993405],[77.6006486,12.9993215],[77.6008092,12.9992594],[77.600817,12.999256],[77.6008862,12.999229],[77.600983,12.9991818],[77.6011272,12.9991173],[77.6011549,12.9990978],[77.6011766,12.9990872],[77.6012275,12.9990467],[77.6013009,12.9989883],[77.6014199,12.9988937],[77.6015302,12.9988059],[77.6018448,12.9985359],[77.60208,12.9983744],[77.60227,12.9982444],[77.6025872,12.9980319],[77.6031372,12.9977096],[77.6032582,12.9976385],[77.6033992,12.997549],[77.6034907,12.9974791],[77.6037687,12.9972667],[77.6040903,12.9970088],[77.6042435,12.9968969],[77.6046107,12.9966493],[77.6044054,12.995819],[77.6043252,12.995507],[77.6042777,12.9953226],[77.6042728,12.9953035],[77.6042325,12.9951664],[77.6041286,12.9948081],[77.6041404,12.9948033],[77.6042324,12.9947721],[77.6042354,12.994771],[77.6043056,12.9947434],[77.6046499,12.9946078],[77.605201,12.9943866],[77.6055328,12.9942412],[77.6057723,12.9941362],[77.6056592,12.9939154],[77.6056276,12.9938537],[77.6055897,12.9937983],[77.6053952,12.9935143],[77.605384,12.993498],[77.6050356,12.9930505],[77.6048984,12.9928743],[77.6047668,12.9927122],[77.6047639,12.9927086],[77.6046366,12.9925517],[77.604254,12.9921735],[77.604185,12.9921054],[77.6039249,12.9920055],[77.6039035,12.9919973],[77.6038794,12.9919917],[77.6033073,12.991858],[77.6032253,12.9918487],[77.6029595,12.9918189],[77.6028451,12.9918174],[77.6021022,12.9918078],[77.6020805,12.9918075],[77.6020344,12.9918132],[77.6020304,12.9918138],[77.6015715,12.9918888],[77.6011984,12.9919393],[77.6011626,12.9919442],[77.6011331,12.991952],[77.6010728,12.9919682],[77.6009777,12.9919935],[77.6001178,12.9922848],[77.5989182,12.9927034],[77.5988994,12.99271],[77.5988824,12.9927196],[77.5984712,12.9929523],[77.5982596,12.9932238],[77.598142,12.9932983],[77.5980218,12.9933743],[77.5980096,12.9933811],[77.5975009,12.9936274],[77.5963934,12.9941445],[77.5962419,12.9942103],[77.5961036,12.9942679],[77.5961018,12.9942717],[77.5960658,12.9943482],[77.5960647,12.9943505],[77.5961987,12.9946545],[77.5955538,12.9949948],[77.5946942,12.9953791],[77.5945165,12.9954371],[77.5942952,12.9954909],[77.5940642,12.9955223],[77.5938537,12.9955391],[77.5934379,12.9955351],[77.5924274,12.9954595],[77.5913851,12.9952578],[77.5913708,12.9952564],[77.5912512,12.9952446],[77.5909923,12.9952324],[77.5904224,12.9952055],[77.5898734,12.9951943],[77.5897846,12.9951925],[77.5897844,12.9951927],[77.5897628,12.9952182],[77.5897343,12.9952683],[77.5896989,12.995334],[77.5895923,12.9955416],[77.589502,12.9957286],[77.5894943,12.995739],[77.5893625,12.9958058],[77.5893437,12.9958143],[77.5891104,12.9959336],[77.5890756,12.9959512],[77.5888725,12.9960539],[77.5887401,12.9961194],[77.5886442,12.9961669],[77.5884295,12.9962721],[77.5883073,12.996332],[77.5882583,12.996356],[77.588129,12.9964214],[77.5881009,12.9964356],[77.5880219,12.9964873],[77.5875123,12.9968124],[77.5874231,12.9968792],[77.5872973,12.9969879],[77.5872438,12.9970322],[77.5871963,12.9970717],[77.5870219,12.997216],[77.5869117,12.9973004],[77.5868945,12.9973124],[77.5866794,12.9974528],[77.5865848,12.997501],[77.5865024,12.9975383],[77.5864869,12.997544],[77.5863204,12.9975939],[77.5861346,12.9976253],[77.5850971,12.9977407],[77.5849599,12.997754],[77.5849312,12.9977567],[77.5848587,12.9977637],[77.5847116,12.9977808],[77.5846558,12.9977848],[77.5845959,12.9977914],[77.5845002,12.997794],[77.584497,12.9977921],[77.5844178,12.9977958],[77.5843922,12.9977969],[77.5843987,12.9977642],[77.5844309,12.9976011],[77.5844542,12.9974947],[77.5844899,12.997332],[77.5844951,12.9973079],[77.5845763,12.9969377],[77.5845912,12.9968698],[77.5846513,12.9965955],[77.5846659,12.9965323],[77.5847127,12.996329],[77.5847148,12.9963201],[77.5847359,12.9962283],[77.5847765,12.9960522],[77.5847778,12.9960462],[77.584705,12.9960448],[77.5843821,12.9960503],[77.5841405,12.9960233],[77.5840341,12.9959826],[77.5838132,12.9959396],[77.5835989,12.9958763],[77.5834891,12.9958378],[77.5833335,12.9957716],[77.5832172,12.9957174],[77.5831066,12.9956587],[77.583,12.9955931],[77.5829176,12.9955375],[77.582833,12.9954785],[77.582779,12.9954361],[77.582678,12.9953558],[77.5825785,12.9952642],[77.5825356,12.9952296],[77.5824983,12.9951871],[77.5824505,12.9951356],[77.5823087,12.9949529],[77.5819422,12.9944374],[77.5818154,12.9942592],[77.5811541,12.9933292],[77.5805548,12.9924464],[77.580311,12.9920276],[77.5801367,12.9916013],[77.5798876,12.9910109],[77.5796997,12.990657],[77.5795667,12.9904381],[77.5792408,12.9899354],[77.5789468,12.9895058],[77.578791,12.9892567],[77.5785906,12.9889684],[77.5784093,12.9886969],[77.5781528,12.9883392],[77.5778845,12.9879478],[77.5774875,12.9873611],[77.5771026,12.9867833],[77.5766993,12.9861967],[77.57657,12.9859969],[77.5762609,12.985511],[77.5760846,12.9852722],[77.5759319,12.9850908],[77.5756935,12.9848707],[77.5755095,12.9847268],[77.5751995,12.9845379],[77.5748426,12.9843788],[77.5746507,12.9843062],[77.5742504,12.9841814],[77.5739073,12.9840798],[77.5734173,12.9839073],[77.5732183,12.9838133],[77.573004,12.9836969],[77.5727445,12.9835173],[77.5726903,12.9834797],[77.5723554,12.9832199],[77.5720709,12.9829935],[77.5718589,12.9828138],[77.5715565,12.9825231],[77.5714698,12.9824325],[77.5713509,12.9822959],[77.5711235,12.9820757],[77.5709055,12.9818667],[77.5707008,12.9816733],[77.5703392,12.9813196],[77.5702413,12.9812239],[77.5702243,12.9812086],[77.5702101,12.9812199],[77.5700326,12.9813612],[77.5700546,12.9813906],[77.5700876,12.9814349],[77.5703388,12.9818197],[77.5703802,12.9818953],[77.5703906,12.9819145],[77.5704137,12.9819567],[77.570439,12.982003],[77.5704907,12.9820976],[77.5704976,12.9821094],[77.5705008,12.9821153],[77.5703114,12.9821958],[77.5702276,12.9822314],[77.5700986,12.9822862],[77.5699113,12.9823658],[77.5696614,12.982472],[77.5696605,12.9824724],[77.5695922,12.9825013],[77.5695671,12.982512],[77.5694642,12.9825558],[77.5693,12.9826088],[77.5691026,12.9826704],[77.5691257,12.9827501],[77.569189,12.9829676],[77.5692094,12.9830379],[77.569273,12.9832567],[77.5694247,12.9837788],[77.5696494,12.9842929],[77.569748,12.9845814],[77.5698266,12.9848111],[77.5699416,12.9851475],[77.570103,12.9857346],[77.5701941,12.9862984],[77.5701975,12.9863492],[77.5702212,12.9867043],[77.5702409,12.9870001],[77.5702519,12.9874721],[77.5702227,12.9880884],[77.5702091,12.9882385],[77.5701776,12.9884818],[77.5701776,12.988482],[77.5701853,12.9885986],[77.5701853,12.9885989],[77.5701779,12.9887186],[77.5701632,12.9888599],[77.5701339,12.9890872],[77.570097,12.9893654],[77.5700784,12.9895018],[77.5700783,12.9895022],[77.5700801,12.9895031],[77.5701453,12.989532],[77.5701493,12.9895338],[77.5702102,12.9895609],[77.570215,12.9895631],[77.5702782,12.9895912],[77.5702812,12.9895925],[77.5703357,12.9896167],[77.5703445,12.9896207],[77.5704011,12.9896459],[77.570411,12.9896469],[77.5704157,12.9896473],[77.5705469,12.9896605],[77.5705559,12.9896615],[77.5707415,12.9896802],[77.5707577,12.9896818],[77.5708806,12.9896942],[77.5709432,12.9897274],[77.5709706,12.9897614],[77.5709889,12.989784],[77.5710283,12.9898328],[77.5710554,12.9898946],[77.5710615,12.9899555],[77.571064,12.9899809],[77.571074,12.9900826],[77.5710741,12.990083],[77.5710556,12.9901318],[77.571051,12.9901351],[77.5709156,12.9902348],[77.5709113,12.990238],[77.5708636,12.9902732],[77.5708007,12.9903195],[77.5707899,12.9903377],[77.5707901,12.9903541],[77.5707901,12.9903546],[77.5707966,12.9903692],[77.5709069,12.9905075],[77.5709508,12.9905629],[77.5709511,12.9905632],[77.571042,12.990678],[77.5712493,12.9909395],[77.5712879,12.9909945],[77.5712882,12.9910295],[77.5712848,12.9910381],[77.5712823,12.9910442],[77.5712759,12.991059],[77.5711855,12.9911295],[77.5710251,12.9912546],[77.5707751,12.9914466],[77.5707653,12.9914542],[77.5706692,12.991528],[77.5705326,12.9916265],[77.5705185,12.9916616],[77.5705129,12.9917258],[77.5705129,12.9917261],[77.5705153,12.9917461],[77.5705155,12.9917471],[77.5705289,12.9918227],[77.5705293,12.9918248],[77.5705307,12.9918309],[77.5705713,12.9919242],[77.570579,12.9920495],[77.5706036,12.9921402],[77.5706232,12.9922122],[77.5706322,12.9922455],[77.570713,12.9923757],[77.5708634,12.9926035],[77.5708683,12.9926382],[77.5708683,12.9926384],[77.5708677,12.9926472],[77.5708649,12.9926877],[77.5708423,12.993017],[77.5708405,12.993037],[77.5708242,12.9932144],[77.5708113,12.9933552],[77.5708407,12.9933572],[77.5708781,12.9933595],[77.5710479,12.9933702],[77.571319,12.9933874],[77.5713842,12.9933936],[77.5714081,12.9933958],[77.5714668,12.9934013],[77.5715059,12.993405],[77.5717256,12.9934257],[77.5719654,12.9934559],[77.5719783,12.9934575],[77.5721124,12.9934727],[77.5721485,12.9934767],[77.5722097,12.9934837],[77.5722644,12.9934899],[77.5722941,12.9934932],[77.572648,12.9935167],[77.5726771,12.9935186],[77.572804,12.993526],[77.5728016,12.993594],[77.5728016,12.9935945],[77.5727968,12.9937346],[77.5727952,12.9937836],[77.5727943,12.9938076],[77.5727939,12.9938214],[77.5727909,12.9938827],[77.5727883,12.9939363],[77.572777,12.9941674],[77.5727719,12.9942812],[77.5727604,12.9945428],[77.5727577,12.9946133],[77.572756,12.9946582],[77.5727554,12.9946747],[77.5727629,12.9949603],[77.5727618,12.9949834],[77.5727544,12.9951297],[77.572753,12.9951587],[77.572729,12.9956371],[77.5727273,12.9956722],[77.5727296,12.9958964],[77.5727295,12.9959377],[77.5727295,12.9961127],[77.5727294,12.9963343],[77.572753,12.9963352],[77.5727531,12.9963352],[77.5729284,12.9963416],[77.5731887,12.9963576],[77.5732798,12.9963632],[77.5732727,12.9963893],[77.5732701,12.9964005],[77.5732641,12.996427],[77.573264,12.9964275],[77.5732613,12.9964391],[77.5732512,12.9965101],[77.5732327,12.9966598],[77.5732221,12.9968901],[77.5732224,12.9968901],[77.5734074,12.9968969],[77.5734498,12.9968992],[77.5734663,12.9969001],[77.5739536,12.9969264],[77.5740138,12.9969276],[77.5740633,12.9969286],[77.5741911,12.9969176],[77.5743026,12.9968958],[77.5743078,12.996896],[77.5743078,12.9968948],[77.5744002,12.9968691],[77.5744717,12.9968522],[77.574595,12.9968401],[77.5746562,12.9968366],[77.5746994,12.9968328],[77.5746945,12.9968559],[77.5746821,12.9969151],[77.574682,12.9969156],[77.5746339,12.997144],[77.574567,12.9973436],[77.5745615,12.9973599],[77.5745352,12.9974382],[77.5743808,12.9977906],[77.5742695,12.9980446],[77.5742595,12.9980675],[77.5742082,12.9981845],[77.5741142,12.9983989],[77.5741139,12.9983996],[77.5741088,12.9984114],[77.5740988,12.9984102],[77.5740982,12.9984101],[77.574023,12.9984012],[77.574,12.9983985],[77.5739863,12.9986359],[77.5739751,12.9988303],[77.5739743,12.9988425],[77.5739708,12.9989035],[77.573969,12.9989354],[77.573974,12.9989353],[77.5741077,12.9989331],[77.5743563,12.9989291],[77.5743758,12.9989292],[77.5744464,12.9989296],[77.5747876,12.9989314],[77.5750675,12.998933],[77.5750728,12.9989331],[77.5751023,12.9989338],[77.5751387,12.9989347],[77.5752701,12.9989379],[77.575647,12.9989469],[77.5757473,12.9989463],[77.5757625,12.9989462],[77.5758501,12.9989457],[77.5758749,12.9989455],[77.5759658,12.998945],[77.5760774,12.9989443],[77.5762806,12.9989431],[77.5764874,12.9989418],[77.5765894,12.9989418],[77.5766759,12.9989419],[77.5767195,12.9989452],[77.5767381,12.9989466],[77.5767658,12.9989487],[77.5768037,12.9989516],[77.576944,12.9989645],[77.5769798,12.9989732],[77.5770274,12.9989879],[77.5770538,12.998996],[77.5772539,12.99906],[77.5773483,12.9990902],[77.5773558,12.9990926],[77.5776963,12.9992015],[77.577776,12.9992237],[77.5778482,12.9992368],[77.577915,12.9992485],[77.5779817,12.9992548],[77.5780458,12.9992602],[77.5780659,12.9992602],[77.5780844,12.9992603],[77.5781044,12.9992593],[77.578108,12.9993272],[77.578108,12.9993277],[77.5781145,12.9994475],[77.5781163,12.999481],[77.5781268,12.9996778],[77.5781345,12.9997367],[77.5781355,12.9997443],[77.5781503,12.9998582],[77.5781541,12.9998878],[77.5781621,12.9999493],[77.5781884,13.0001192],[77.5782039,13.0002196],[77.5782269,13.0003681],[77.5782367,13.0004313],[77.5782468,13.0004962],[77.5782817,13.0006596],[77.5783114,13.0007986],[77.5783266,13.0008693],[77.5783483,13.0009707],[77.5783488,13.0009734],[77.5783631,13.0010453],[77.5783692,13.001076],[77.5783901,13.0011812],[77.5784242,13.0013567],[77.5784313,13.0013932],[77.5784387,13.0014313],[77.5784589,13.0015353],[77.5784907,13.0018257],[77.5784915,13.0018329],[77.5784935,13.0018509],[77.5785029,13.0019367],[77.5785062,13.0020768],[77.5785079,13.0024224],[77.5785084,13.0025107],[77.5785096,13.0027535],[77.5785099,13.0027772],[77.5785223,13.0036359],[77.5785232,13.0037322],[77.5785233,13.003736],[77.578524,13.0038077],[77.5785258,13.0039877],[77.5785267,13.0040786],[77.5785326,13.0046805],[77.578539,13.0053194],[77.5785415,13.0053642],[77.5785438,13.0053889],[77.5785691,13.0056596],[77.5785743,13.0057151],[77.5785825,13.0058032],[77.5785829,13.0058083],[77.5785881,13.0058793],[77.578595,13.0059233],[77.5786048,13.0059729],[77.5786146,13.0060185],[77.578627,13.0060539],[77.5786418,13.0060904],[77.5786875,13.0061814],[77.578807,13.0063974],[77.5787887,13.0064067],[77.5783223,13.006644],[77.5782318,13.0066878],[77.5779194,13.0068674],[77.5776239,13.0070263],[77.5776107,13.0070334],[77.5774532,13.0071181],[77.5772155,13.0072499],[77.5769659,13.0073853],[77.5770362,13.007523],[77.5770364,13.0075234],[77.5772734,13.0079877],[77.5772541,13.0079971],[77.5771327,13.0080561],[77.5768538,13.0082217],[77.5765377,13.0083863],[77.5764749,13.0084327],[77.5763558,13.0085675],[77.5762142,13.0087391],[77.5758441,13.0092925],[77.5758244,13.0093219],[77.5757578,13.0094215],[77.5757379,13.0094512],[77.5756147,13.0095663],[77.5755378,13.0096429],[77.575537,13.0096437],[77.5754781,13.0097023],[77.5754787,13.00986],[77.5754793,13.010043],[77.5754793,13.0100435],[77.5754846,13.0116604],[77.575485,13.0116647],[77.5754861,13.0116689],[77.5754878,13.0116729],[77.5754042,13.0117935],[77.575083,13.0122567],[77.5750081,13.0123648],[77.5749319,13.0123611],[77.5742832,13.0123301],[77.5736714,13.0123008],[77.5736687,13.0123002],[77.5731431,13.0121852],[77.573143,13.0121852],[77.5731156,13.0121792],[77.5730793,13.0124719],[77.5729349,13.0136334],[77.5729088,13.0138436],[77.5726291,13.0142518],[77.5725793,13.0143878],[77.5725393,13.0146445],[77.5725391,13.0146461],[77.5725391,13.0146462],[77.5725385,13.0146498],[77.5725387,13.0146498],[77.5725394,13.0146499],[77.5725714,13.0146524],[77.572748,13.014669],[77.5727433,13.0147423],[77.5727432,13.0147426],[77.5727247,13.0150265],[77.5727207,13.015088],[77.5726437,13.0162677],[77.5726397,13.0163283],[77.572619,13.0166449],[77.5725909,13.0170764],[77.5725775,13.0172443],[77.5725775,13.0172444],[77.5725446,13.0176558],[77.5725446,13.0176563],[77.5725427,13.0176586],[77.5723386,13.0179026],[77.5720327,13.0180251],[77.5720354,13.0182881],[77.5724893,13.0183499],[77.5724162,13.019266],[77.5724102,13.0193409],[77.5723178,13.0204995],[77.5723133,13.0205558],[77.5722947,13.0207886],[77.5722145,13.0219807],[77.5722096,13.0220535],[77.5721166,13.0234375],[77.5721103,13.0235313],[77.5720839,13.0239236],[77.5720264,13.0247364],[77.5720157,13.0248883],[77.571962,13.0256474],[77.5719081,13.0262456],[77.5719026,13.0263144],[77.5718873,13.0265128],[77.5718815,13.0265885],[77.5718614,13.0267119],[77.5718518,13.0267555],[77.5718516,13.0267566],[77.5718252,13.0268773],[77.5717607,13.0271122],[77.5717241,13.0271177],[77.5716263,13.0271325],[77.5688928,13.0275462],[77.5686273,13.0275864],[77.5658373,13.0280086],[77.5661064,13.0292848],[77.5661277,13.0293985],[77.5661008,13.0294079],[77.5660417,13.0294287],[77.565711,13.0295132],[77.565548,13.0295419],[77.5645473,13.0297256],[77.5643026,13.0297722],[77.564134,13.0298153],[77.5638951,13.0298812],[77.5637771,13.0299183],[77.5637351,13.0299332],[77.5636473,13.0299609],[77.5636342,13.0299651],[77.5635018,13.0300069],[77.563531,13.0300155],[77.5635586,13.0300456],[77.5635736,13.0300865],[77.5635913,13.0302113],[77.563609,13.0303333],[77.563615,13.0303753],[77.5637379,13.0312232],[77.5637467,13.0312837],[77.563819,13.0317828],[77.563836,13.0319003],[77.5638388,13.0319191],[77.5638441,13.0319547],[77.5636999,13.0319702],[77.5634235,13.0319961],[77.5633702,13.032001],[77.5632229,13.0320117],[77.5630014,13.032027],[77.5629803,13.032028],[77.5629693,13.0320285],[77.5629152,13.032031],[77.5628335,13.0324404],[77.5628182,13.032533],[77.5628118,13.0325811],[77.5627993,13.0326768],[77.5627943,13.0327148],[77.5627692,13.0328691],[77.5627477,13.0330017],[77.5627157,13.0331731],[77.5626855,13.0333353],[77.5626679,13.0334572],[77.5626657,13.0334727],[77.5626485,13.0335924],[77.5626392,13.0336639],[77.5626288,13.0337435],[77.5626268,13.0337594],[77.5626175,13.0338306],[77.5626041,13.0339683],[77.5625902,13.0341489],[77.5625888,13.0341889],[77.5627012,13.0343773],[77.5629698,13.0348275],[77.563015,13.0353466],[77.5629295,13.0355461],[77.5629077,13.0355969],[77.5628278,13.0357832],[77.5628064,13.0358332],[77.5628012,13.0358453],[77.5627663,13.0358666],[77.5627902,13.035871],[77.5626112,13.0359803],[77.5625558,13.0360142],[77.5622821,13.0361847],[77.5622136,13.0362273],[77.5619714,13.0363782],[77.5618863,13.0364307],[77.561773,13.0365006],[77.5617546,13.036512],[77.5617584,13.0366703],[77.5617565,13.036925],[77.5617531,13.0369804],[77.5617523,13.0369949],[77.561747,13.0370821],[77.5617209,13.037302],[77.5617064,13.0373959],[77.561696,13.0374633],[77.561691,13.0374836],[77.5616731,13.037557],[77.5616077,13.0377949],[77.5615518,13.0379982],[77.5615454,13.0380215],[77.5615153,13.038131],[77.5615013,13.0381817],[77.5614139,13.0384541],[77.561395,13.0385127],[77.5612389,13.0389515],[77.5611765,13.0390766],[77.5611552,13.0391192],[77.5611438,13.0391421],[77.5610917,13.0392509],[77.5610607,13.0393358],[77.5610447,13.0394037],[77.5610047,13.0396054],[77.5609938,13.0396312],[77.5609672,13.0396689],[77.5609175,13.0397395],[77.5609145,13.0397505],[77.5609154,13.0397645],[77.560922,13.0397901],[77.5609356,13.039827],[77.5609416,13.039841],[77.5609492,13.0398541],[77.560995,13.0399244],[77.5611075,13.040033],[77.5611197,13.0400447],[77.561133,13.0400576],[77.5611604,13.040084],[77.5612467,13.0401831],[77.5613479,13.0403552],[77.5614659,13.0405495],[77.5616156,13.0407986],[77.5616458,13.0408419],[77.5616754,13.0408843],[77.5617587,13.0410039],[77.5617819,13.0410372],[77.5618546,13.0411478],[77.561956,13.041322],[77.5621933,13.0418031],[77.5621976,13.0418118],[77.5622136,13.0418442],[77.5622004,13.0418619],[77.5614633,13.042965],[77.5612844,13.0432428],[77.5612708,13.0432728],[77.5612354,13.0433509],[77.5612093,13.0434304],[77.5611926,13.043513],[77.5611821,13.0435945],[77.5611816,13.0435986],[77.5611518,13.0438314],[77.5613247,13.0438498],[77.5614274,13.0438715],[77.5615951,13.0439416],[77.5622417,13.0443487],[77.5626237,13.0446234],[77.5628308,13.0447209],[77.5632592,13.0450096],[77.5633623,13.0450816],[77.5639535,13.0454902],[77.5642048,13.0456638],[77.5644055,13.0458025],[77.5649767,13.0462241],[77.5652831,13.0463824],[77.5657698,13.0465927],[77.5660297,13.0466678],[77.5680556,13.0468898],[77.5689674,13.0469435],[77.5700234,13.0470883],[77.5717069,13.0472061],[77.5732255,13.0472896],[77.5741898,13.0474144],[77.5762029,13.0475677],[77.5775513,13.0477007],[77.5781095,13.0477489],[77.5785451,13.0477207],[77.5790852,13.0474912],[77.57951,13.0473166],[77.5807318,13.0464081],[77.5819705,13.0453678],[77.5825752,13.0448957],[77.5840522,13.0439129],[77.5846457,13.0435454],[77.5851699,13.0432533],[77.585966,13.0430302],[77.5873014,13.0427868],[77.5879614,13.0426577]]]}},{"type":"Feature","properties":{"KGISSub_DivisionID":38,"Sub_DivisionName":"NW1"},"geometry":{"type":"Polygon","coordinates":[[[77.5416584,13.0279544],[77.5416687,13.0279487],[77.5419303,13.0282325],[77.5422339,13.0284263],[77.5424733,13.0284753],[77.5428223,13.0284131],[77.5431587,13.0282633],[77.5434204,13.0279398],[77.5433771,13.0276791],[77.5433767,13.0276765],[77.5433732,13.0276555],[77.5432736,13.027497],[77.5432722,13.0274947],[77.5432563,13.0274694],[77.5432189,13.0270689],[77.5437191,13.0267705],[77.5443188,13.0264189],[77.5444149,13.0263647],[77.5445248,13.0263027],[77.5446614,13.0262257],[77.5450978,13.0259702],[77.5456409,13.0256521],[77.5460979,13.025388],[77.5465564,13.0251174],[77.5475499,13.0245359],[77.5482013,13.0241566],[77.5502275,13.0229535],[77.5509096,13.0225525],[77.551281,13.0223112],[77.5513101,13.0222888],[77.5514267,13.0221821],[77.5515621,13.0220437],[77.5516941,13.0218862],[77.5518002,13.0217359],[77.5519518,13.0214833],[77.5519985,13.0213893],[77.5520119,13.0213624],[77.5521868,13.0210109],[77.5523949,13.020606],[77.5525995,13.020208],[77.552734,13.0199316],[77.5527673,13.019863],[77.5527732,13.0198511],[77.5528923,13.019606],[77.5529823,13.0194036],[77.5530635,13.0191847],[77.5531333,13.0189825],[77.5531475,13.0189415],[77.5532008,13.0188009],[77.553247,13.018679],[77.5533166,13.018499],[77.5533888,13.0183124],[77.553394,13.0182977],[77.5535138,13.0178376],[77.5535287,13.0177803],[77.5536102,13.0174911],[77.5536257,13.017436],[77.5536656,13.0172947],[77.5537828,13.0167993],[77.5538191,13.0166065],[77.5538209,13.0165971],[77.5538249,13.0165757],[77.5538296,13.0165509],[77.5538351,13.0165164],[77.5538378,13.0164994],[77.5538645,13.0163322],[77.5538976,13.0160755],[77.5539213,13.0158774],[77.553926,13.0158329],[77.5541455,13.0151253],[77.5541494,13.0151428],[77.5541533,13.0151589],[77.5541594,13.0151737],[77.5541701,13.0151923],[77.5541795,13.0152084],[77.5541869,13.0152193],[77.5541988,13.0152301],[77.5542108,13.0152384],[77.5542208,13.015245],[77.5542243,13.0152473],[77.5542254,13.015248],[77.5542506,13.0152607],[77.5542738,13.0152688],[77.5543015,13.0152776],[77.5543273,13.0152845],[77.5543538,13.01529],[77.5544046,13.0152973],[77.5545083,13.0153066],[77.5545891,13.0153168],[77.5546188,13.0153223],[77.5546624,13.0153316],[77.5546922,13.0153416],[77.5547147,13.0153505],[77.5547338,13.0153601],[77.554736,13.0153612],[77.5547373,13.0153619],[77.5547437,13.0153655],[77.5547817,13.0153866],[77.5548759,13.0154483],[77.5549825,13.0154601],[77.5551195,13.0154839],[77.5551315,13.0154872],[77.5552081,13.0155082],[77.5552525,13.0155203],[77.5552578,13.0155222],[77.555261,13.0155234],[77.5553476,13.0155548],[77.5554675,13.0156091],[77.5556058,13.0156899],[77.555625,13.0157019],[77.555702,13.0157499],[77.5557892,13.0158123],[77.5557904,13.0158131],[77.5558314,13.015761],[77.5559781,13.015574],[77.5562088,13.0153174],[77.5562138,13.0153119],[77.5562139,13.0153118],[77.5563308,13.0151818],[77.5563806,13.0151279],[77.5565239,13.0149729],[77.5565402,13.0149553],[77.5573193,13.014113],[77.5580714,13.0132539],[77.5582182,13.013035],[77.5582763,13.0129484],[77.5588613,13.0120762],[77.5592038,13.0112474],[77.5592548,13.011124],[77.5593751,13.0108329],[77.5598354,13.0093211],[77.5598582,13.0092463],[77.5601126,13.0084104],[77.5602272,13.0080527],[77.5602958,13.0078364],[77.5603722,13.0075861],[77.5604804,13.0072783],[77.5604972,13.0072306],[77.561116,13.0054707],[77.5611564,13.0053559],[77.561227,13.0051552],[77.561534,13.004409],[77.5612294,13.0044394],[77.5607597,13.0045299],[77.5607347,13.0045347],[77.5607174,13.004538],[77.5602484,13.0046467],[77.5598629,13.0047388],[77.5598313,13.0047464],[77.5596747,13.0047838],[77.5595892,13.004803],[77.5595168,13.0048192],[77.559516,13.0048194],[77.5595159,13.0048194],[77.5594858,13.0048262],[77.559402,13.0044879],[77.5594019,13.0044875],[77.5594017,13.0044871],[77.5593852,13.0044205],[77.5593598,13.004426],[77.5590992,13.0044827],[77.5589741,13.0045143],[77.558974,13.0045143],[77.5589734,13.0045145],[77.558956,13.0045188],[77.5589123,13.0043075],[77.5588,13.0038548],[77.5587396,13.0035886],[77.5587336,13.0035623],[77.5586946,13.0033902],[77.5586602,13.0032585],[77.5586247,13.0031226],[77.5585482,13.0027696],[77.5584972,13.0025607],[77.5584213,13.0022364],[77.5584034,13.0021663],[77.558384,13.0020906],[77.5583772,13.0020641],[77.5583662,13.0020212],[77.5583579,13.0019886],[77.5583296,13.0018766],[77.5583273,13.0018675],[77.5582901,13.0017207],[77.5582813,13.0016856],[77.5582011,13.0014166],[77.5581344,13.0011709],[77.5580997,13.0010392],[77.5580747,13.000944],[77.5580671,13.0009152],[77.5580219,13.0007433],[77.5579531,13.0005062],[77.5579507,13.0004977],[77.5578374,13.0000669],[77.5577981,12.999923],[77.5577909,12.9998964],[77.5577203,12.9996377],[77.5576695,12.9994574],[77.5576628,12.9994339],[77.5575475,12.9990247],[77.557466,12.9986968],[77.5574248,12.9985309],[77.5574045,12.9984594],[77.5574009,12.9984467],[77.5574005,12.9984454],[77.5574003,12.9984445],[77.5573864,12.9983955],[77.5570483,12.9980783],[77.5570151,12.9980472],[77.5568629,12.9961268],[77.557006,12.996113],[77.5570263,12.9961111],[77.5570263,12.9961106],[77.5570199,12.9960203],[77.55702,12.9960203],[77.5570211,12.9960201],[77.5572475,12.9959815],[77.5583696,12.9958634],[77.5583692,12.9958308],[77.5583692,12.9958302],[77.5583682,12.9957333],[77.5584113,12.995732],[77.5584124,12.995732],[77.5585249,12.9957284],[77.5585262,12.9957284],[77.558723,12.9957222],[77.5587284,12.9958124],[77.5587285,12.9958129],[77.5587336,12.995899],[77.5590588,12.9958566],[77.5590354,12.9956665],[77.5587981,12.9956778],[77.5587968,12.9956778],[77.5587294,12.995681],[77.5587473,12.9953357],[77.5587542,12.9953366],[77.5590792,12.9952658],[77.5590803,12.9952655],[77.5591725,12.9952454],[77.559138,12.9951116],[77.5591378,12.9951108],[77.5591116,12.9950089],[77.5591276,12.9950018],[77.5604044,12.9945996],[77.5603945,12.9944715],[77.5601465,12.9940488],[77.5601028,12.9939541],[77.5600754,12.9936717],[77.560037,12.9929779],[77.5600762,12.9928064],[77.5601578,12.9924862],[77.5603322,12.9921881],[77.5603686,12.9921256],[77.5604641,12.9919751],[77.5605761,12.9919141],[77.5606524,12.9918465],[77.5607216,12.9917483],[77.5607704,12.9916588],[77.5607827,12.9916195],[77.5607976,12.9915534],[77.5608446,12.9914745],[77.5609418,12.9913483],[77.5610668,12.9912028],[77.5611614,12.9910928],[77.5612424,12.9910002],[77.561348,12.9908414],[77.5615544,12.990432],[77.56163,12.990197],[77.5616363,12.9901424],[77.5616413,12.9901174],[77.5616414,12.9901171],[77.5616414,12.990117],[77.5616465,12.9900917],[77.5616142,12.9900834],[77.561121,12.9900331],[77.5611202,12.990033],[77.5611197,12.9900329],[77.5610704,12.9900084],[77.5610345,12.9899304],[77.561021,12.9898512],[77.561026,12.989766],[77.5610613,12.9896031],[77.5610966,12.9893379],[77.5611534,12.9886919],[77.5612116,12.9886655],[77.5613016,12.9885987],[77.5613478,12.9885351],[77.5613561,12.988493],[77.5615234,12.9879721],[77.5615609,12.9879287],[77.5616114,12.9878553],[77.5616356,12.9877014],[77.5617437,12.9874986],[77.5618225,12.9873811],[77.5618459,12.987292],[77.5618523,12.9872422],[77.5618346,12.9872218],[77.5618342,12.9872214],[77.5618341,12.9872212],[77.561799,12.9871806],[77.5611542,12.9870425],[77.5611541,12.9870425],[77.5611515,12.9870419],[77.561069,12.9870243],[77.5609573,12.9869544],[77.5608447,12.9868295],[77.5607847,12.98668],[77.5607794,12.9866399],[77.5608569,12.9864039],[77.5610371,12.9859977],[77.5610409,12.9858541],[77.5609902,12.9854572],[77.5609727,12.985328],[77.560988,12.9851137],[77.5610135,12.9849318],[77.5610369,12.9848455],[77.5610782,12.984781],[77.5612018,12.9845656],[77.5612849,12.9843956],[77.5613491,12.984197],[77.5614621,12.9836146],[77.5615028,12.9833044],[77.561527,12.9830039],[77.5615846,12.9828217],[77.5616436,12.9826409],[77.5615814,12.9826485],[77.5616341,12.9823716],[77.5616521,12.9819268],[77.561212,12.9818522],[77.5611269,12.9813965],[77.5610818,12.9810768],[77.5608389,12.980488],[77.5604469,12.9802568],[77.5600485,12.9801358],[77.559508,12.9800382],[77.5592493,12.9799502],[77.5592111,12.9798759],[77.5591881,12.979626],[77.5591715,12.9794121],[77.5591116,12.9791609],[77.5590195,12.9789902],[77.5588911,12.9788774],[77.5585248,12.9788382],[77.558119,12.9788251],[77.5577865,12.9786847],[77.5570342,12.9783694],[77.5566555,12.9782161],[77.5560484,12.9778461],[77.5554458,12.9774838],[77.555173,12.9770601],[77.5545598,12.9773246],[77.5545527,12.9773277],[77.554556,12.9773791],[77.5546424,12.9777196],[77.5546425,12.9777199],[77.5546436,12.9777347],[77.5546436,12.9777348],[77.554665,12.9780374],[77.5546666,12.978044],[77.5547022,12.9781938],[77.5548956,12.9788287],[77.5550117,12.9791701],[77.5551063,12.979487],[77.5552245,12.9798989],[77.5552751,12.9801275],[77.5542041,12.9799889],[77.5537821,12.9799013],[77.5538656,12.98062],[77.5530711,12.9806455],[77.5530652,12.9806457],[77.5530602,12.9806459],[77.5504622,12.9807757],[77.5496842,12.9808054],[77.5490237,12.9808119],[77.5490044,12.9808121],[77.5490435,12.9839672],[77.5490481,12.9844169],[77.5491182,12.9847755],[77.5492277,12.9853362],[77.5498497,12.9875751],[77.5498955,12.9877181],[77.550468,12.9895058],[77.5506662,12.9902998],[77.5509399,12.9913226],[77.5510083,12.9922901],[77.5510514,12.993645],[77.5509579,12.9945137],[77.5502566,12.9976275],[77.5502122,12.9978442],[77.5501125,12.9982887],[77.5501065,12.9983154],[77.5500374,12.9986233],[77.5500017,12.9987827],[77.5499535,12.9990288],[77.5498993,12.9993062],[77.5498785,12.999416],[77.5498402,12.9996177],[77.5498349,12.9996458],[77.5498257,12.9996942],[77.5497894,12.9998906],[77.5497175,13.0002793],[77.5496924,13.000415],[77.5496042,13.0009213],[77.5495786,13.0010864],[77.5495775,13.0010939],[77.5495693,13.0011484],[77.5494926,13.0016614],[77.5494728,13.0017816],[77.549452,13.0019085],[77.5493996,13.0022625],[77.5493963,13.0022833],[77.549371,13.0024438],[77.5493619,13.002502],[77.5492908,13.0029517],[77.5491434,13.0038936],[77.5491387,13.003922],[77.5491246,13.0040079],[77.5491144,13.0040698],[77.5490785,13.0042876],[77.5490768,13.004297],[77.5490698,13.0043356],[77.5490112,13.0046609],[77.5489963,13.0047433],[77.5489538,13.0049822],[77.5489385,13.0050679],[77.5489326,13.0051011],[77.5488497,13.0055814],[77.5488071,13.005831],[77.5487808,13.0059855],[77.5482017,13.0057042],[77.5476883,13.005454],[77.5475902,13.0054062],[77.5475773,13.0053999],[77.5470911,13.0051628],[77.5463756,13.0048312],[77.5462425,13.0047681],[77.546227,13.0047607],[77.5459573,13.0046327],[77.5454996,13.0044155],[77.5448162,13.0040977],[77.5444373,13.0039214],[77.5442926,13.0038557],[77.5442269,13.0038258],[77.5442046,13.0038157],[77.5440167,13.0037304],[77.5437601,13.003607],[77.5436095,13.0035385],[77.5431477,13.0033279],[77.5429911,13.0032582],[77.5429602,13.0032445],[77.5428377,13.0031899],[77.5425328,13.0030468],[77.542122,13.002841],[77.5418059,13.0026943],[77.5417555,13.0026708],[77.541255,13.0024315],[77.5410878,13.0023573],[77.5409691,13.0023046],[77.5407459,13.0022129],[77.5406763,13.0021921],[77.5406197,13.0021727],[77.5405769,13.0021581],[77.5404978,13.0021311],[77.5404038,13.0020911],[77.5404024,13.0020905],[77.5402054,13.0020067],[77.540008,13.0019192],[77.5398815,13.0018635],[77.5398289,13.0018421],[77.5397158,13.0018086],[77.5396752,13.0017969],[77.5396476,13.001789],[77.5393042,13.0016905],[77.5390439,13.0016225],[77.5386482,13.0015146],[77.5386051,13.0015026],[77.5384826,13.0014684],[77.5383562,13.0014332],[77.5381013,13.0013686],[77.5379224,13.0013255],[77.5379149,13.0013237],[77.5378129,13.0012992],[77.5375832,13.0012485],[77.5374772,13.0012251],[77.5372136,13.0011761],[77.5370082,13.001131],[77.5369102,13.0011095],[77.5368234,13.0010904],[77.536614,13.0010341],[77.5364117,13.0009797],[77.5362933,13.0009548],[77.5362462,13.0009449],[77.536034,13.0009004],[77.5359098,13.0008699],[77.5357814,13.0008383],[77.5357175,13.0008226],[77.5356838,13.0008134],[77.5352339,13.0006898],[77.5351908,13.0006793],[77.5349759,13.0006271],[77.5348734,13.0006021],[77.5345275,13.0005083],[77.5343107,13.0004494],[77.5342691,13.0004386],[77.5342233,13.0004267],[77.5340474,13.0003809],[77.5338061,13.0003182],[77.533769,13.0003085],[77.5333755,13.0002129],[77.5329551,13.0001204],[77.5327602,13.0000772],[77.5327178,13.0000678],[77.5325315,13.0000265],[77.5321105,12.9999373],[77.5320429,12.9999229],[77.5320122,12.9999163],[77.5319372,12.9999001],[77.5316702,12.9998423],[77.5316065,12.999827],[77.5312237,12.9997349],[77.5306768,12.999594],[77.5305937,12.999581],[77.5304631,12.9995606],[77.5304495,12.9995585],[77.5303869,12.9995487],[77.5300409,12.9994936],[77.5299024,12.9994658],[77.529839,12.9994531],[77.5296958,12.9994186],[77.5296803,12.9994109],[77.5296671,12.9994683],[77.529667,12.9994685],[77.5296437,12.9995696],[77.5295117,12.9995407],[77.5293534,12.999497],[77.5291385,12.999442],[77.5290138,12.9994101],[77.5288436,12.9993746],[77.5285142,12.9993059],[77.5285404,12.9991465],[77.5285418,12.9991209],[77.5285423,12.9991127],[77.5285412,12.9990968],[77.5285403,12.9990842],[77.5285398,12.9990766],[77.5285366,12.9990599],[77.5285317,12.9990414],[77.5285237,12.9990184],[77.5285154,12.9989969],[77.5284921,12.9989493],[77.528492,12.9989491],[77.5284688,12.998911],[77.5284684,12.9989112],[77.5284592,12.9989171],[77.5284265,12.9989381],[77.5283927,12.9989599],[77.5283865,12.9989639],[77.5283744,12.9989744],[77.5283601,12.9989871],[77.5283567,12.99899],[77.5282919,12.9990469],[77.5282782,12.999059],[77.5279811,12.9993198],[77.527877,12.999447],[77.5278642,12.9995218],[77.5278608,12.9995415],[77.5278586,12.9995543],[77.5278656,12.9996796],[77.5278688,12.999738],[77.5278688,12.9997385],[77.5278691,12.999743],[77.527892,13.0001583],[77.5278948,13.0003771],[77.5278948,13.0003812],[77.5278957,13.0004489],[77.5278936,13.0004722],[77.5278918,13.0004918],[77.527884,13.0005775],[77.5278814,13.0006058],[77.5278772,13.000652],[77.5278618,13.0008223],[77.5278577,13.0008618],[77.5278546,13.000892],[77.5278224,13.0012034],[77.5278196,13.0012302],[77.5278149,13.0012754],[77.5278374,13.0013139],[77.5278482,13.0013369],[77.5278713,13.0013862],[77.5279287,13.0014698],[77.5281068,13.0015763],[77.5281811,13.0016092],[77.5285674,13.0017581],[77.5287321,13.0018387],[77.5289148,13.0019727],[77.5291262,13.002246],[77.5292125,13.0023945],[77.5292136,13.0023963],[77.5292301,13.0024936],[77.5292155,13.0026683],[77.5292128,13.0026732],[77.5292106,13.0026771],[77.5289864,13.0030774],[77.5289697,13.003154],[77.5289654,13.003309],[77.5289797,13.0034021],[77.5289848,13.0034356],[77.5289904,13.003472],[77.5290016,13.003545],[77.5290353,13.0036151],[77.5290512,13.0036483],[77.5291025,13.0037551],[77.5295559,13.0042364],[77.5295998,13.0043297],[77.5295651,13.004709],[77.5295545,13.0048246],[77.5295399,13.0049842],[77.5295386,13.0049979],[77.5295382,13.0050023],[77.5295394,13.0050052],[77.529543,13.0050146],[77.5296225,13.0052206],[77.5297905,13.0056166],[77.5299206,13.0057685],[77.5299128,13.0059358],[77.5299095,13.0060071],[77.5298917,13.0063884],[77.5299027,13.0065068],[77.5299286,13.0066371],[77.5299331,13.0066597],[77.5299336,13.0066624],[77.5299349,13.006669],[77.5299767,13.006879],[77.5300397,13.0071367],[77.5300399,13.0071377],[77.5300499,13.0071786],[77.5300502,13.0074264],[77.5300581,13.007453],[77.5300624,13.0074676],[77.5300631,13.00747],[77.5300929,13.0075711],[77.5301119,13.0076183],[77.5301552,13.0076824],[77.5302233,13.0077869],[77.5302211,13.0078142],[77.5302194,13.0078343],[77.530219,13.0078393],[77.5302164,13.0078718],[77.5302168,13.0079559],[77.5302184,13.0083319],[77.5302109,13.008563],[77.5302059,13.0085968],[77.5301852,13.0087343],[77.5302001,13.008927],[77.5302168,13.0091007],[77.5302242,13.0093754],[77.5302259,13.0094378],[77.5302282,13.0095219],[77.53019,13.0095327],[77.5295625,13.0096994],[77.5294504,13.0097298],[77.5294405,13.0097853],[77.5296283,13.0100193],[77.5296304,13.0100219],[77.5296329,13.010025],[77.5296334,13.0100257],[77.5296479,13.0100438],[77.5296208,13.0100602],[77.5296198,13.0100609],[77.5296103,13.0100666],[77.5296011,13.0100733],[77.5295769,13.0100909],[77.5294725,13.0101927],[77.5294252,13.010239],[77.5293166,13.010345],[77.5291583,13.0105099],[77.5291282,13.0105385],[77.5291075,13.0105621],[77.5290611,13.0106146],[77.5290544,13.0106402],[77.5290477,13.01065],[77.5285633,13.0112227],[77.5285377,13.0112489],[77.5285067,13.0112808],[77.5284079,13.0113823],[77.5285037,13.011478],[77.5285803,13.0115536],[77.5286797,13.011661],[77.5287709,13.0117625],[77.5288435,13.0118461],[77.5289033,13.0119172],[77.5289306,13.0119497],[77.5289854,13.0120246],[77.5289992,13.0120433],[77.5290415,13.0121056],[77.5290574,13.0121291],[77.5290925,13.0121808],[77.5291656,13.0122886],[77.5292988,13.0124744],[77.5293926,13.0126051],[77.5297671,13.0131595],[77.5298724,13.0133256],[77.5299708,13.0134808],[77.5300186,13.0135575],[77.5300836,13.013662],[77.5301596,13.0137949],[77.5302534,13.0139583],[77.5303528,13.0141535],[77.5304256,13.0143057],[77.5304281,13.0143109],[77.530509,13.0144953],[77.5305606,13.0146075],[77.5305853,13.0146611],[77.5306218,13.0147405],[77.5306784,13.0148907],[77.5307067,13.0149656],[77.530761,13.0151128],[77.5307984,13.0152138],[77.5308323,13.0153094],[77.5308809,13.0154459],[77.5309258,13.0155659],[77.5309415,13.0156077],[77.5309969,13.0157633],[77.5310259,13.0158426],[77.5310346,13.0158664],[77.5310583,13.0159315],[77.5311019,13.016062],[77.5311163,13.0161142],[77.5311334,13.0161763],[77.5311879,13.0163555],[77.531207,13.016418],[77.5312112,13.0164315],[77.5312256,13.0164786],[77.531278,13.0166454],[77.5313049,13.0167503],[77.5313527,13.0169366],[77.5313764,13.017022],[77.5314055,13.0171271],[77.5314128,13.0171501],[77.531423,13.0171826],[77.5314565,13.0172891],[77.5315051,13.017444],[77.5315526,13.0176067],[77.5315635,13.017644],[77.5316297,13.0178706],[77.5316603,13.0179746],[77.5317334,13.0182233],[77.5317373,13.0182385],[77.5317953,13.0184678],[77.5318239,13.0185821],[77.5318325,13.0186164],[77.5318332,13.0186194],[77.531889,13.0188669],[77.5319238,13.0190116],[77.53195,13.0191514],[77.531964,13.0192326],[77.5319751,13.0192968],[77.5319802,13.0193263],[77.5320058,13.0194746],[77.5320741,13.019848],[77.5320959,13.0199675],[77.5321045,13.0200142],[77.5321137,13.0200639],[77.5322513,13.0208093],[77.532254,13.0208234],[77.5322605,13.020857],[77.5322918,13.0210195],[77.5323,13.0210616],[77.5323148,13.0211386],[77.532338,13.0212587],[77.5324073,13.0215649],[77.5324218,13.0216206],[77.5324283,13.0216453],[77.5325022,13.0219124],[77.5325606,13.0220943],[77.5326026,13.0221999],[77.5327833,13.0226273],[77.5334971,13.0239161],[77.5339885,13.0247944],[77.5345864,13.0258522],[77.5350634,13.0266983],[77.5354728,13.0273675],[77.5359639,13.0282279],[77.5364771,13.0291254],[77.5365919,13.0293261],[77.5367945,13.0296733],[77.537212,13.0303892],[77.5372123,13.0303897],[77.5372317,13.030423],[77.5372349,13.0304274],[77.5374906,13.0302833],[77.5383417,13.0298036],[77.5384395,13.0297484],[77.538707,13.0295976],[77.540156,13.0287852],[77.5416584,13.0279544]]]}},{"type":"Feature","properties":{"KGISSub_DivisionID":39,"Sub_DivisionName":"N12"},"geometry":{"type":"Polygon","coordinates":[[[77.5916706,13.0169553],[77.5916559,13.016904],[77.5915734,13.0166159],[77.5915304,13.0164727],[77.5915031,13.016382],[77.5914769,13.0162891],[77.5914656,13.0162489],[77.5914466,13.0161818],[77.5914426,13.0161663],[77.5914231,13.0160916],[77.5914146,13.016059],[77.5914142,13.0160568],[77.5913972,13.0159489],[77.5913852,13.0158726],[77.5913847,13.0158694],[77.5913795,13.0158204],[77.5913877,13.01577],[77.5913947,13.0157532],[77.5914088,13.0156909],[77.5914756,13.0156353],[77.5914937,13.0156153],[77.5915325,13.0155833],[77.591585,13.0155579],[77.5916181,13.0155489],[77.5916377,13.0155458],[77.5916894,13.0155377],[77.5917277,13.0155335],[77.5917675,13.0155292],[77.5918089,13.0155214],[77.5918101,13.0155212],[77.5918533,13.015513],[77.5919088,13.0154952],[77.5919184,13.0154909],[77.5919451,13.0154787],[77.5919471,13.0154776],[77.5919651,13.0154676],[77.592055,13.015415],[77.5923192,13.0152606],[77.5925444,13.0151177],[77.5926085,13.0150549],[77.5926714,13.0149619],[77.592711,13.0148665],[77.592727,13.0147941],[77.5927344,13.0147278],[77.5927419,13.0147078],[77.5927493,13.0146881],[77.5927742,13.0146596],[77.5927782,13.0146551],[77.5927945,13.0146417],[77.5928169,13.0146233],[77.5928474,13.0146094],[77.5928556,13.0146064],[77.592945,13.0145745],[77.5929712,13.0145652],[77.5930161,13.0145504],[77.5930474,13.0145401],[77.5931279,13.014512],[77.5931627,13.0144929],[77.5931888,13.0144787],[77.5932055,13.0144647],[77.5932219,13.014451],[77.5932867,13.0143886],[77.5933177,13.0143571],[77.593321,13.0143538],[77.5934494,13.0141941],[77.5934805,13.0141407],[77.5935578,13.0139987],[77.5935868,13.0139454],[77.5936162,13.0138878],[77.593624,13.0138579],[77.5936399,13.0137847],[77.5936441,13.0137061],[77.5936446,13.0136953],[77.5936431,13.0136706],[77.5936398,13.0136187],[77.5936076,13.0134523],[77.5936017,13.0134218],[77.5936004,13.0134153],[77.5935939,13.0133741],[77.5935778,13.0132723],[77.5935674,13.01318],[77.5935672,13.0131554],[77.5935661,13.0129297],[77.5935778,13.012874],[77.5935842,13.012847],[77.59359,13.0128228],[77.5935965,13.0127951],[77.593599,13.0127846],[77.59364,13.0126737],[77.593703,13.0125553],[77.5937251,13.0125247],[77.5937683,13.0124649],[77.5939701,13.0121459],[77.5940245,13.01206],[77.5940696,13.011989],[77.5940845,13.011977],[77.5940888,13.011971],[77.5940861,13.0119698],[77.5940673,13.0119649],[77.5940659,13.0119646],[77.5939642,13.0119382],[77.5936574,13.0118735],[77.5934247,13.011821],[77.5933551,13.0118121],[77.5932632,13.0117872],[77.5931765,13.0117357],[77.5931489,13.0117194],[77.5929151,13.0115594],[77.5926354,13.0113679],[77.5917682,13.0107854],[77.5915637,13.010648],[77.5907296,13.0101024],[77.5906098,13.0100241],[77.5902021,13.0106878],[77.5901258,13.010799],[77.5894813,13.0117375],[77.5892239,13.0121067],[77.5892048,13.0121341],[77.589189,13.012157],[77.5890677,13.0123331],[77.58901,13.012417],[77.5888775,13.0126093],[77.5888674,13.0126208],[77.5887694,13.0127327],[77.5887312,13.0127764],[77.5882165,13.0133644],[77.5880078,13.0136079],[77.5879941,13.0136239],[77.5879801,13.0136402],[77.5879737,13.0136477],[77.5879707,13.0136503],[77.5879652,13.013655],[77.5878861,13.0137336],[77.5878774,13.0137423],[77.587846,13.0137687],[77.5878063,13.0138021],[77.5877771,13.0138235],[77.5877331,13.0138557],[77.5876193,13.0139239],[77.5870071,13.0142027],[77.5869989,13.0142057],[77.586752,13.0142964],[77.5867493,13.0142974],[77.5867478,13.0142977],[77.5867347,13.0143001],[77.5864339,13.0143556],[77.5861588,13.0143937],[77.5858016,13.0144431],[77.5850713,13.0145095],[77.5847167,13.0145182],[77.5847129,13.0145183],[77.5839679,13.0145365],[77.5839655,13.0145369],[77.5839657,13.014559],[77.5839788,13.0164275],[77.5839725,13.0166013],[77.5839532,13.0169966],[77.5839498,13.0170674],[77.5839381,13.0173065],[77.5839081,13.0179231],[77.5838915,13.018958],[77.5838906,13.0190171],[77.5838871,13.0192386],[77.5838877,13.0192922],[77.5838939,13.0198491],[77.5839331,13.0202754],[77.5839534,13.0204575],[77.5839987,13.0206862],[77.5840757,13.0210219],[77.584099,13.0211158],[77.584355,13.0220625],[77.5845171,13.0227023],[77.5845788,13.0231245],[77.5843599,13.0231908],[77.5842502,13.023224],[77.584157,13.0232704],[77.5838541,13.0235174],[77.5840921,13.024549],[77.5847177,13.0244373],[77.5849051,13.0244038],[77.5851587,13.0253838],[77.5855733,13.0270214],[77.5857793,13.0276514],[77.585936,13.028084],[77.5861676,13.0286054],[77.5867777,13.0300639],[77.5867801,13.0300636],[77.5870487,13.030704],[77.5872922,13.0312641],[77.5875882,13.0319451],[77.5881838,13.0331531],[77.588346,13.0340007],[77.5885686,13.0348179],[77.5888108,13.0353925],[77.5891379,13.0361352],[77.5892063,13.0363783],[77.5892462,13.0367715],[77.5892697,13.0377187],[77.5893453,13.0386503],[77.5895658,13.0400651],[77.5899685,13.0417186],[77.5900929,13.0421276],[77.5901891,13.0424435],[77.5903015,13.0427369],[77.5903547,13.0428757],[77.5904088,13.0428711],[77.590684,13.0428476],[77.5907853,13.042839],[77.590787,13.0428389],[77.5907904,13.0428385],[77.5909492,13.0428136],[77.5909631,13.0428114],[77.5909899,13.042805],[77.5912298,13.0427419],[77.5919862,13.0425429],[77.5921592,13.0424964],[77.5921942,13.0424873],[77.5922924,13.0424617],[77.5927359,13.0423437],[77.5927964,13.0423269],[77.5928973,13.0422937],[77.5929947,13.0422612],[77.5930096,13.0422562],[77.5930919,13.0422288],[77.593775,13.0420055],[77.5938659,13.0419778],[77.5939241,13.0419626],[77.5939507,13.041958],[77.5939585,13.0419567],[77.5939851,13.0419521],[77.5940077,13.0419481],[77.5940595,13.0419413],[77.5941019,13.0419356],[77.5941785,13.0419244],[77.5941799,13.0419245],[77.5941807,13.0419244],[77.5951126,13.0419295],[77.5963484,13.0419113],[77.5963507,13.0419113],[77.5963568,13.041912],[77.5966014,13.0419389],[77.5966058,13.0419394],[77.5966152,13.0419421],[77.5968853,13.0420222],[77.5968979,13.0420259],[77.5969298,13.0420419],[77.5971545,13.0421545],[77.5971651,13.0421598],[77.5971865,13.0421749],[77.5974868,13.0423873],[77.597545,13.0424285],[77.5990337,13.0435082],[77.5993946,13.0436404],[77.5997986,13.0437016],[77.6012414,13.0436807],[77.6019345,13.0436707],[77.6020049,13.0436697],[77.6020702,13.0436703],[77.6050668,13.0436975],[77.6051029,13.0436977],[77.6060073,13.0437039],[77.6062351,13.043703],[77.6070429,13.0436518],[77.6070443,13.0436517],[77.6070466,13.0436515],[77.6070639,13.043649],[77.6075275,13.0435723],[77.6081701,13.0434666],[77.6081742,13.0434659],[77.6081847,13.0434638],[77.6081732,13.0433933],[77.6081639,13.0433367],[77.6081609,13.0433184],[77.6081579,13.0433001],[77.6081474,13.0432363],[77.608138,13.0431789],[77.608062,13.0427156],[77.6080355,13.0425541],[77.6080319,13.0425322],[77.6080168,13.0424405],[77.6080013,13.0423457],[77.6079833,13.0422363],[77.6079765,13.0421944],[77.6079787,13.042194],[77.6079775,13.042187],[77.6081223,13.0421637],[77.6087477,13.042032],[77.6093005,13.041891],[77.6094972,13.0418384],[77.610266,13.0416329],[77.6106802,13.0415013],[77.6107164,13.0414886],[77.6107574,13.0414769],[77.6107991,13.0414666],[77.6108491,13.0414559],[77.6108617,13.0414532],[77.6109575,13.0414367],[77.6110476,13.0414266],[77.6111767,13.0414079],[77.6116509,13.0413294],[77.6117231,13.0413174],[77.6117279,13.0413166],[77.6117588,13.0413115],[77.6117105,13.0411424],[77.6116787,13.0410419],[77.6115088,13.0405051],[77.6114567,13.0403404],[77.6114562,13.0403388],[77.6114493,13.0403171],[77.6114236,13.0402358],[77.6113688,13.0400922],[77.6113496,13.0400563],[77.6112906,13.0399296],[77.6112627,13.0398935],[77.6111563,13.0397555],[77.610982,13.0395412],[77.6109643,13.0395194],[77.6109404,13.0394826],[77.6109082,13.0394332],[77.6108322,13.0393163],[77.6107091,13.0391271],[77.6107053,13.0391212],[77.6106921,13.0391008],[77.6106867,13.0390926],[77.6106215,13.0389597],[77.610593,13.0389015],[77.6105737,13.0388621],[77.6105268,13.0387666],[77.6103159,13.0383238],[77.6102453,13.0381922],[77.6102484,13.0381866],[77.6102619,13.0381614],[77.6102647,13.0381564],[77.6103068,13.0380784],[77.6104387,13.0375192],[77.6107039,13.0363946],[77.610915,13.0355712],[77.61101,13.0353249],[77.611022,13.0352938],[77.6112853,13.0346111],[77.6116362,13.0339465],[77.6121154,13.0332536],[77.6121721,13.0331771],[77.6133268,13.0317655],[77.6142626,13.0306216],[77.6143429,13.0305235],[77.6146147,13.0301912],[77.6156388,13.0289036],[77.6160794,13.0284134],[77.6161767,13.0283052],[77.6163518,13.0281097],[77.6163776,13.0280809],[77.6163187,13.0280305],[77.6162981,13.0280129],[77.6162954,13.0280106],[77.6162939,13.0280093],[77.6162937,13.0280092],[77.616293,13.0280086],[77.6161662,13.0279002],[77.6161296,13.0278689],[77.6161144,13.0278559],[77.616057,13.0277872],[77.6160266,13.0277595],[77.6159705,13.0277084],[77.6157934,13.0275542],[77.6157719,13.027537],[77.6156312,13.0274248],[77.6156216,13.0274172],[77.6154451,13.0272839],[77.6154028,13.027252],[77.6153905,13.0272427],[77.6152212,13.0271118],[77.615124,13.0270296],[77.6150852,13.0269968],[77.6150327,13.0269514],[77.6149703,13.0268973],[77.6148509,13.0267913],[77.6148323,13.0267751],[77.6151859,13.0264649],[77.6152527,13.0264078],[77.6154398,13.0262476],[77.6155115,13.0261863],[77.6156171,13.0260971],[77.6156653,13.0260579],[77.6157091,13.0260287],[77.6156959,13.0258552],[77.6156703,13.0253205],[77.6156607,13.0249677],[77.6156556,13.0247782],[77.6156548,13.024705],[77.6156489,13.0241373],[77.6156481,13.0240669],[77.6156079,13.0239256],[77.6155936,13.0238755],[77.6153954,13.0233576],[77.615226,13.0229148],[77.6152094,13.0228842],[77.6147687,13.0220719],[77.6145531,13.0217834],[77.6144902,13.0217215],[77.6138289,13.0217367],[77.613823,13.0217368],[77.6137098,13.0217394],[77.613705,13.0217395],[77.6136438,13.0217409],[77.6135356,13.0214546],[77.6133563,13.0214737],[77.6127146,13.0215417],[77.6127146,13.0215816],[77.6127123,13.0220171],[77.6127048,13.0222198],[77.6126852,13.022357],[77.6126263,13.0223563],[77.6125512,13.0223555],[77.6124513,13.0223556],[77.6122936,13.0223648],[77.6120809,13.021539],[77.61201,13.0212961],[77.6120028,13.0212663],[77.6118558,13.0206613],[77.611806,13.0205586],[77.6116761,13.0203831],[77.6116757,13.0203825],[77.6116754,13.0203818],[77.6116739,13.020378],[77.6116645,13.0203538],[77.6116117,13.0202176],[77.6115998,13.0201867],[77.6115984,13.0201833],[77.6115726,13.0201356],[77.611522,13.0200356],[77.6114125,13.019855],[77.6112475,13.0197381],[77.611167,13.0196911],[77.6109817,13.0194979],[77.6108494,13.0193425],[77.6105777,13.0191004],[77.6104634,13.0189888],[77.6103924,13.018913],[77.6103035,13.0187991],[77.6102281,13.0186794],[77.6100962,13.0185641],[77.6097892,13.0183014],[77.6097245,13.0182676],[77.6096211,13.0182572],[77.609389,13.0182614],[77.6092426,13.0182438],[77.6092052,13.0182098],[77.6090998,13.0180607],[77.6089481,13.0178322],[77.6088032,13.0176753],[77.6086648,13.0175512],[77.6083859,13.0174046],[77.6083158,13.0174023],[77.608194,13.0174035],[77.6076319,13.0172747],[77.607304,13.0172356],[77.6072505,13.0172218],[77.6066173,13.0172462],[77.6062854,13.0172538],[77.6056177,13.0173251],[77.6056199,13.0173418],[77.6056283,13.0174055],[77.6056311,13.0174265],[77.6056621,13.0175887],[77.6057249,13.0179173],[77.6057384,13.017988],[77.6057414,13.0180035],[77.6057471,13.0180335],[77.60578,13.0182673],[77.6058346,13.0186546],[77.6058681,13.0188927],[77.6058692,13.0189008],[77.6058864,13.0190228],[77.6059034,13.0191437],[77.6059371,13.0193752],[77.6059911,13.0197475],[77.6059702,13.0197521],[77.6059515,13.0197561],[77.6058745,13.0197728],[77.6058468,13.0197788],[77.6057525,13.0197992],[77.6057462,13.0198006],[77.6057163,13.0198071],[77.6055616,13.0198406],[77.6054299,13.0198692],[77.6053197,13.0198876],[77.6052373,13.0199014],[77.6050392,13.0199345],[77.6048234,13.0199706],[77.6047986,13.0199747],[77.6047161,13.0199885],[77.6046751,13.0199938],[77.6043927,13.0200305],[77.6043919,13.0200306],[77.6042359,13.0200508],[77.6042264,13.020052],[77.6039792,13.0200841],[77.6037939,13.0201082],[77.6036259,13.020142],[77.6034329,13.020181],[77.6032276,13.0202223],[77.6030437,13.0202594],[77.6028839,13.0202917],[77.6027747,13.0203279],[77.6027239,13.0203448],[77.6024217,13.0204451],[77.6019331,13.0206146],[77.601873,13.0206373],[77.6014567,13.0208038],[77.601029,13.0209608],[77.6009903,13.0209737],[77.6009467,13.0209881],[77.6007802,13.0210433],[77.6005543,13.0211144],[77.6004111,13.0211586],[77.600362,13.0211738],[77.6002995,13.0211931],[77.6002951,13.0211945],[77.6002782,13.0211997],[77.6001283,13.0208704],[77.6000367,13.0206704],[77.599922,13.0204262],[77.5998563,13.020285],[77.599813,13.0201713],[77.5997829,13.0200112],[77.5997555,13.0199141],[77.599728,13.0198299],[77.5996611,13.019681],[77.5995853,13.0195326],[77.5994299,13.0192527],[77.5992402,13.01893],[77.5991982,13.0188719],[77.598985,13.0186453],[77.5987094,13.0183728],[77.598642,13.0182805],[77.5985525,13.0181456],[77.5985204,13.0180903],[77.5983816,13.017801],[77.5982771,13.0175609],[77.5981626,13.017304],[77.5981539,13.0172845],[77.5980767,13.0171203],[77.5978938,13.016737],[77.5976676,13.0162697],[77.5976668,13.0162681],[77.5976562,13.0162463],[77.5972484,13.0164258],[77.5967015,13.0166666],[77.5951215,13.0173759],[77.5947536,13.0175394],[77.5945956,13.0176313],[77.5945691,13.0176722],[77.5945529,13.017731],[77.5945559,13.0178351],[77.5945616,13.0179048],[77.5946416,13.0182022],[77.5947125,13.018466],[77.5947311,13.0185256],[77.5947364,13.0185428],[77.5947429,13.0185636],[77.5947371,13.0185651],[77.5947322,13.0185664],[77.5923451,13.019194],[77.5923405,13.0191952],[77.592306,13.0192043],[77.5922668,13.0189877],[77.5921694,13.0186583],[77.5921473,13.0185838],[77.5920977,13.018416],[77.5920479,13.0182478],[77.5920121,13.0181279],[77.5919264,13.0178559],[77.5918673,13.0176507],[77.591858,13.0176185],[77.5918111,13.0174553],[77.5917987,13.0174123],[77.5917038,13.0170735],[77.5916706,13.0169553]]]}},{"type":"Feature","properties":{"KGISSub_DivisionID":40,"Sub_DivisionName":"N21"},"geometry":{"type":"Polygon","coordinates":[[[77.5856543,13.1216675],[77.5859598,13.1196189],[77.586201,13.1180564],[77.5865441,13.1160498],[77.5866364,13.1161317],[77.5867917,13.1162687],[77.5881261,13.1174456],[77.5899168,13.1190248],[77.5899538,13.1190051],[77.5900157,13.1189723],[77.5902379,13.1188543],[77.5903909,13.1187676],[77.5904578,13.1187298],[77.5907442,13.1185676],[77.5913007,13.1182474],[77.5913138,13.1182399],[77.5913418,13.1182238],[77.5918907,13.1179149],[77.5922199,13.1177282],[77.5922496,13.1177113],[77.5923557,13.1176512],[77.5924064,13.1176224],[77.5929419,13.1173051],[77.5932851,13.1171127],[77.5933569,13.1170724],[77.5933825,13.1170511],[77.5933955,13.1170308],[77.5934033,13.1170048],[77.5934067,13.1169703],[77.593404,13.1168432],[77.5934046,13.1168351],[77.5934047,13.1168347],[77.5934049,13.116832],[77.5934066,13.1168108],[77.5934101,13.1167949],[77.5934173,13.1167819],[77.5934406,13.1167601],[77.5934727,13.1167439],[77.5938199,13.1166331],[77.5939753,13.1165859],[77.5943537,13.1164712],[77.5945788,13.1164029],[77.5948155,13.1163322],[77.5948336,13.1163268],[77.5957297,13.1158471],[77.5960072,13.1156986],[77.5981346,13.1145794],[77.5982262,13.1145312],[77.5984974,13.1143885],[77.5986983,13.1149807],[77.5987206,13.1150626],[77.5989281,13.1158256],[77.5991345,13.1165847],[77.5997082,13.1169481],[77.6001004,13.1171966],[77.6005319,13.11747],[77.600634,13.1175346],[77.6006478,13.1175434],[77.6006488,13.1175634],[77.6006545,13.1176857],[77.6006555,13.1177065],[77.6006556,13.1177072],[77.6006674,13.1177167],[77.6006695,13.1177184],[77.6006799,13.1177267],[77.6007634,13.1177223],[77.6009879,13.1177106],[77.6011622,13.1177014],[77.6014694,13.1175526],[77.6020833,13.1172552],[77.6039705,13.1168347],[77.6046852,13.1166754],[77.6061228,13.1160999],[77.6074112,13.1155841],[77.6074741,13.1156802],[77.6082079,13.1167994],[77.608384,13.1170682],[77.608672,13.1170306],[77.6090961,13.1169857],[77.6096983,13.1169165],[77.6100908,13.1168647],[77.6106567,13.1167815],[77.6111895,13.1167015],[77.6118093,13.1166213],[77.6120173,13.1165944],[77.6120149,13.1165805],[77.6119944,13.1164593],[77.6119797,13.1163726],[77.6119736,13.1163431],[77.6118301,13.1156485],[77.6118006,13.1154838],[77.6117225,13.1150171],[77.6116985,13.1149029],[77.6116631,13.1147339],[77.6115253,13.1140768],[77.6109988,13.1128488],[77.610932,13.1127574],[77.6108786,13.1125476],[77.6108081,13.1123392],[77.6106488,13.1119177],[77.6106148,13.1118105],[77.6105248,13.1116023],[77.6103478,13.1112333],[77.6103003,13.1111258],[77.6103245,13.1111255],[77.6103255,13.1111255],[77.6103595,13.1111252],[77.6105476,13.1111333],[77.6109083,13.111134],[77.6112968,13.1111329],[77.6117415,13.1111241],[77.6118973,13.1111203],[77.6119361,13.1111199],[77.6120337,13.111152],[77.6127027,13.1111086],[77.6127021,13.1110617],[77.6127491,13.1106136],[77.6131202,13.1106254],[77.6158595,13.1107121],[77.6179195,13.1105279],[77.6179196,13.1105279],[77.6179578,13.1105245],[77.6198127,13.1103671],[77.6205783,13.1103233],[77.6211071,13.110293],[77.6220084,13.1102054],[77.6212145,13.1085162],[77.6209148,13.1078151],[77.6215165,13.1076401],[77.6219713,13.107547],[77.6222161,13.1074576],[77.6226706,13.1073337],[77.6229204,13.1073058],[77.6228061,13.1065164],[77.6227715,13.1062772],[77.62257,13.1053846],[77.6225466,13.1052812],[77.6224711,13.1050499],[77.6224286,13.1049198],[77.6224082,13.1048572],[77.6224027,13.1048402],[77.6223459,13.1046663],[77.6223478,13.1042987],[77.622345,13.1041926],[77.6223429,13.1041342],[77.6223409,13.1041349],[77.6223094,13.1041468],[77.6220736,13.1041781],[77.6218678,13.1042054],[77.6217542,13.1042205],[77.6213985,13.1042654],[77.6205638,13.1043598],[77.6183648,13.104689],[77.6174381,13.1044429],[77.6165514,13.1042074],[77.6157904,13.1041158],[77.6154582,13.1038768],[77.6152004,13.1036913],[77.6146959,13.1033284],[77.6145611,13.1032314],[77.6130899,13.1007288],[77.6123667,13.0981136],[77.6109342,13.0941944],[77.610045,13.0910564],[77.6078492,13.0908688],[77.6036259,13.0912262],[77.6005862,13.092201],[77.5970562,13.0923415],[77.5965127,13.0921196],[77.5965097,13.0921184],[77.5964529,13.0920948],[77.5963919,13.0920695],[77.596383,13.0920659],[77.5963036,13.0920329],[77.5962136,13.0915085],[77.5961879,13.0913589],[77.5961578,13.0911838],[77.596153,13.0911558],[77.5961368,13.0910614],[77.5960455,13.0905296],[77.596003,13.0904098],[77.5959967,13.090392],[77.5959583,13.0902836],[77.5956818,13.0895033],[77.5956714,13.089474],[77.5955052,13.0890052],[77.5948272,13.087427],[77.594772,13.0872986],[77.5941733,13.0859049],[77.5940297,13.0855708],[77.5940085,13.0855214],[77.5936132,13.0846012],[77.5935973,13.0845436],[77.5932509,13.0837415],[77.5932359,13.0837066],[77.5927227,13.0825181],[77.5924508,13.0818886],[77.5924351,13.0818522],[77.5920634,13.0809913],[77.5918463,13.0804884],[77.5917779,13.0803302],[77.5916035,13.0799261],[77.5915596,13.0798244],[77.5914327,13.0795305],[77.5913239,13.0792787],[77.590851,13.078157],[77.5907386,13.0778903],[77.5907332,13.0778775],[77.5906612,13.0777068],[77.5904304,13.0771332],[77.5898306,13.0757337],[77.5896643,13.0753056],[77.5896318,13.075222],[77.5893975,13.0746186],[77.5892574,13.0742579],[77.5892101,13.0741362],[77.5891428,13.0739629],[77.5891269,13.0739219],[77.5890189,13.0739659],[77.5864457,13.0750149],[77.5853566,13.0754489],[77.5849604,13.0756823],[77.5828231,13.0769694],[77.5817073,13.0776475],[77.5816344,13.0776733],[77.5818078,13.0781699],[77.5811795,13.0810554],[77.5810695,13.0814836],[77.5809573,13.0819201],[77.5799508,13.082489],[77.5782258,13.0835599],[77.5762096,13.0848187],[77.5759196,13.084778],[77.5741785,13.0845336],[77.5736234,13.0844557],[77.5727155,13.0846953],[77.5693005,13.0856194],[77.5693366,13.0857621],[77.5683119,13.0861014],[77.5673392,13.0873111],[77.5670364,13.0877396],[77.5664542,13.0884086],[77.5664195,13.0884485],[77.5651966,13.0899809],[77.5650908,13.0901254],[77.5648854,13.0905482],[77.5639807,13.0917189],[77.5620632,13.0944822],[77.5618682,13.0945081],[77.5613673,13.0945745],[77.5614302,13.0948138],[77.5614529,13.0948956],[77.5614742,13.0949622],[77.56151,13.0950552],[77.5616001,13.0952851],[77.5616318,13.0953577],[77.5616904,13.0954807],[77.5617436,13.0955824],[77.5618803,13.0958433],[77.5618946,13.0958705],[77.5619685,13.0960116],[77.5620717,13.0962104],[77.5623294,13.0967065],[77.5623989,13.0968254],[77.5626446,13.0972713],[77.5627461,13.0974556],[77.562808,13.0975755],[77.5628093,13.097578],[77.5628107,13.0975804],[77.5628123,13.0975828],[77.5628138,13.0975852],[77.5628155,13.0975875],[77.5628173,13.0975897],[77.5628368,13.0976135],[77.5628386,13.0976156],[77.5628405,13.0976178],[77.5628426,13.0976198],[77.5628446,13.0976218],[77.5628468,13.0976237],[77.562849,13.0976256],[77.5628777,13.0976485],[77.5628798,13.0976501],[77.562882,13.0976517],[77.5628843,13.0976533],[77.5628889,13.0976561],[77.5628913,13.0976574],[77.5628938,13.0976586],[77.5628963,13.0976597],[77.562917,13.0976688],[77.5629459,13.0976815],[77.5629486,13.0976826],[77.5629322,13.0977002],[77.5628955,13.0977395],[77.5628748,13.0977509],[77.5628493,13.0977637],[77.5628405,13.0977682],[77.5628305,13.0977732],[77.5627282,13.0978051],[77.5626752,13.0978217],[77.5626282,13.0978339],[77.5625413,13.0978564],[77.5625125,13.0978638],[77.5624398,13.0978826],[77.5622908,13.0979212],[77.562272,13.0979268],[77.5622368,13.0979373],[77.5621958,13.0979495],[77.5620842,13.0979828],[77.5620255,13.0980019],[77.5618896,13.098046],[77.5617948,13.0980767],[77.5617677,13.0980865],[77.5616009,13.0981467],[77.5615252,13.098174],[77.5613497,13.0982393],[77.5613361,13.0982444],[77.5612883,13.0982621],[77.5612625,13.0982718],[77.5611754,13.0983043],[77.5610492,13.0983478],[77.5609896,13.098366],[77.5609299,13.0983843],[77.5607984,13.0984309],[77.5605948,13.0985188],[77.5604164,13.0985982],[77.5604014,13.0986049],[77.5603094,13.0986386],[77.5602413,13.0986569],[77.5602172,13.0986633],[77.5600877,13.0987165],[77.5600625,13.0987269],[77.5599238,13.0987839],[77.5597805,13.0988465],[77.5595996,13.0989256],[77.5593698,13.0990179],[77.559297,13.0990553],[77.5592022,13.0991079],[77.5591536,13.0991321],[77.5590663,13.0991709],[77.5589921,13.099204],[77.5588962,13.0992456],[77.5588557,13.0992631],[77.5586731,13.0993424],[77.5584477,13.0994513],[77.5583643,13.0994944],[77.5582632,13.099548],[77.5581958,13.0995837],[77.5581726,13.0995993],[77.5581478,13.0996159],[77.5580936,13.0996632],[77.558089,13.0996672],[77.5580284,13.0997032],[77.5580098,13.0997101],[77.5579411,13.0997324],[77.5578468,13.0997624],[77.5577586,13.0997863],[77.557696,13.0998031],[77.557654,13.0998145],[77.5574954,13.0998663],[77.557381,13.0999037],[77.5573073,13.0999281],[77.5572549,13.0999558],[77.5572197,13.0999734],[77.5571732,13.0999965],[77.5571224,13.1000187],[77.5571052,13.1000229],[77.557079,13.1000258],[77.5570617,13.100026],[77.5570307,13.1000263],[77.5570003,13.1000273],[77.5569734,13.1000296],[77.5569543,13.1000334],[77.5576891,13.1021267],[77.5582411,13.103699],[77.559126,13.1062197],[77.5599932,13.1086899],[77.5601941,13.1092623],[77.5604725,13.1091639],[77.5606354,13.1091168],[77.5610026,13.109014],[77.561287,13.1089287],[77.5614367,13.1089033],[77.5615048,13.1089003],[77.5616878,13.1088924],[77.5618611,13.108905],[77.5622967,13.1089711],[77.5626808,13.1090467],[77.5627992,13.1090648],[77.562942,13.1090697],[77.5630458,13.1090732],[77.5631249,13.1090759],[77.5632456,13.1090717],[77.5634619,13.1090509],[77.5637249,13.1090255],[77.5638791,13.1090152],[77.5642102,13.1090275],[77.5646121,13.1090378],[77.5648306,13.1090398],[77.5649249,13.1090407],[77.5651439,13.1090493],[77.5651757,13.1090609],[77.5651887,13.1090787],[77.5651805,13.109169],[77.5651391,13.1094688],[77.56512,13.1096811],[77.565116,13.1098862],[77.5651242,13.1102691],[77.5651401,13.1103909],[77.56518,13.1105351],[77.5652209,13.110653],[77.5653187,13.1108546],[77.5654557,13.1111288],[77.5655384,13.1112911],[77.5655929,13.111364],[77.5657439,13.1115269],[77.5659068,13.1116756],[77.5659764,13.1117361],[77.5662304,13.1119573],[77.5662429,13.1119433],[77.5662896,13.1118909],[77.5662973,13.1118796],[77.5663203,13.1118456],[77.5665976,13.1114372],[77.5669999,13.1114891],[77.5671161,13.111504],[77.5674047,13.1115412],[77.5676181,13.1115713],[77.5679411,13.1116738],[77.5680228,13.1117011],[77.5681122,13.1117309],[77.5681952,13.1117586],[77.568244,13.1117681],[77.5684528,13.1117875],[77.5686262,13.1118044],[77.5688674,13.1118823],[77.5690117,13.1119054],[77.5691801,13.1119229],[77.5693293,13.111919],[77.5695622,13.1119124],[77.5697154,13.1119198],[77.5698497,13.1119322],[77.5699067,13.1119375],[77.5700285,13.1119487],[77.5700516,13.1119495],[77.5701173,13.1119519],[77.5705189,13.1119155],[77.5708217,13.111916],[77.5711746,13.1119235],[77.571801,13.1119286],[77.5718975,13.1119293],[77.571932,13.1119292],[77.5719321,13.1119292],[77.5732932,13.1119216],[77.5735345,13.1119107],[77.5736643,13.1119048],[77.5737211,13.1119022],[77.5741317,13.1118836],[77.5746019,13.1118623],[77.574627,13.1118611],[77.5746313,13.1120839],[77.5746338,13.1122147],[77.5746343,13.1122406],[77.5746542,13.1132862],[77.574719,13.1140621],[77.5747862,13.114866],[77.5747908,13.1150233],[77.5747928,13.1150912],[77.5747941,13.1151366],[77.5747957,13.1151902],[77.5748221,13.1160876],[77.574805,13.1163967],[77.5747776,13.1164682],[77.5743778,13.1175109],[77.5743519,13.1175784],[77.5741266,13.118166],[77.5741101,13.1182059],[77.5737918,13.1189756],[77.5736341,13.1193567],[77.5741243,13.1195695],[77.5760457,13.1204033],[77.5760476,13.1204034],[77.5761454,13.120407],[77.5766635,13.1204265],[77.5773555,13.1206951],[77.57823,13.1210344],[77.5786293,13.1211894],[77.5789362,13.1213085],[77.5791433,13.121223],[77.5792599,13.1211787],[77.5793381,13.1211971],[77.579843,13.1214311],[77.5800632,13.1215332],[77.5800656,13.1215344],[77.581382,13.1221447],[77.5826189,13.1223282],[77.5832472,13.1224215],[77.5834383,13.1224499],[77.5836998,13.1224887],[77.5843118,13.1225795],[77.5844582,13.1226012],[77.5854622,13.1227502],[77.5855374,13.1223261],[77.5856543,13.1216675]]]}},{"type":"Feature","properties":{"KGISSub_DivisionID":41,"Sub_DivisionName":"N22"},"geometry":{"type":"Polygon","coordinates":[[[77.5727155,13.0846953],[77.5736234,13.0844557],[77.5741785,13.0845336],[77.5759196,13.084778],[77.5762096,13.0848187],[77.5782258,13.0835599],[77.5799508,13.082489],[77.5809573,13.0819201],[77.5810695,13.0814836],[77.5811795,13.0810554],[77.5818078,13.0781699],[77.5816344,13.0776733],[77.5817073,13.0776475],[77.5828231,13.0769694],[77.5849604,13.0756823],[77.5853566,13.0754489],[77.5864457,13.0750149],[77.5890189,13.0739659],[77.5891269,13.0739219],[77.5891634,13.0739069],[77.5889072,13.0733389],[77.5888542,13.0732213],[77.5886648,13.0728312],[77.5883865,13.072331],[77.5879045,13.0715671],[77.5876674,13.0712769],[77.5871371,13.0707372],[77.5867195,13.0703513],[77.5863121,13.0700035],[77.5854713,13.0694364],[77.5841688,13.0685468],[77.5830706,13.0678043],[77.5818881,13.0670168],[77.5805013,13.0660822],[77.5793934,13.0653437],[77.5785938,13.0647932],[77.5773957,13.0639944],[77.5763623,13.0632895],[77.5753999,13.0626508],[77.5745374,13.0620513],[77.5741851,13.0618006],[77.5738299,13.0615478],[77.5736644,13.061385],[77.5731148,13.0608703],[77.572744,13.0604762],[77.5721981,13.0597474],[77.5720395,13.0594965],[77.5714196,13.0584088],[77.5707459,13.0572012],[77.5703445,13.0564881],[77.5693581,13.0546621],[77.5691038,13.0542095],[77.5688833,13.0538254],[77.568631,13.0533785],[77.5683846,13.0529431],[77.5682753,13.0527529],[77.5679438,13.052194],[77.5675525,13.0515095],[77.5672982,13.0510607],[77.5670776,13.050667],[77.5663961,13.0494595],[77.5659114,13.0486057],[77.5655677,13.0479952],[77.5650413,13.047073],[77.5645321,13.0461576],[77.5642048,13.0456638],[77.5639535,13.0454902],[77.5633623,13.0450816],[77.5632592,13.0450096],[77.5628308,13.0447209],[77.5626237,13.0446234],[77.5622417,13.0443487],[77.5615951,13.0439416],[77.5614274,13.0438715],[77.5613247,13.0438498],[77.5611518,13.0438314],[77.5607263,13.0438031],[77.5603471,13.0437227],[77.5601169,13.0437154],[77.5592235,13.0437147],[77.5583887,13.0437153],[77.557958,13.0437463],[77.5575709,13.0438458],[77.5574214,13.043918],[77.5573152,13.0440166],[77.5568721,13.0440377],[77.5565342,13.0440574],[77.5550393,13.0442634],[77.5549001,13.0442408],[77.554763,13.0441848],[77.5542758,13.0439841],[77.5539347,13.0438803],[77.5539337,13.0438801],[77.553781,13.0438336],[77.5533489,13.044289],[77.5525824,13.0450902],[77.5509674,13.046791],[77.5498064,13.0479811],[77.5498588,13.0481267],[77.5498598,13.0481297],[77.5505336,13.0500035],[77.5505917,13.0502372],[77.5508422,13.0520918],[77.550902,13.0525342],[77.550969,13.0532386],[77.5509285,13.0532833],[77.55084,13.0533808],[77.5504718,13.0536619],[77.5498119,13.0541492],[77.5497418,13.054201],[77.5493473,13.0544922],[77.549341,13.0544969],[77.5491597,13.0546307],[77.5489214,13.0548403],[77.548829,13.0549214],[77.5484772,13.0552308],[77.5484396,13.0552639],[77.5477987,13.0558273],[77.5476329,13.0559806],[77.5475437,13.056063],[77.5469602,13.0566025],[77.5468529,13.0567086],[77.5467973,13.0567635],[77.5467379,13.0567104],[77.5467369,13.0567094],[77.5467368,13.0567094],[77.5462386,13.0562631],[77.5461852,13.0562153],[77.5461753,13.056237],[77.5459209,13.0567944],[77.5458723,13.056901],[77.544895,13.0590427],[77.5448361,13.0591717],[77.5440132,13.0609751],[77.5440119,13.060978],[77.5439286,13.0611606],[77.5435157,13.0620849],[77.5432004,13.0627808],[77.5431448,13.0629036],[77.5431219,13.0629902],[77.543043,13.0632894],[77.5429802,13.0636047],[77.542898,13.0638948],[77.542586,13.0648368],[77.5425763,13.0648652],[77.5425433,13.0649611],[77.5424557,13.0652158],[77.5422044,13.0659672],[77.5420309,13.0664671],[77.5420152,13.0665125],[77.542015,13.066513],[77.541932,13.0667544],[77.5418383,13.0670103],[77.5417741,13.067219],[77.5416855,13.067411],[77.5415607,13.067625],[77.541479,13.0677493],[77.5413814,13.0678463],[77.5413525,13.0678719],[77.5412306,13.0679916],[77.5411604,13.0680333],[77.5410686,13.0680578],[77.540949,13.0680955],[77.5409368,13.068239],[77.5406766,13.0683146],[77.5406309,13.0683293],[77.5405047,13.0683699],[77.5402682,13.0684459],[77.5399803,13.0686972],[77.5388595,13.069142],[77.5386018,13.0692194],[77.5385356,13.0692393],[77.5364529,13.069865],[77.5362506,13.0699258],[77.5361471,13.0699569],[77.5343987,13.0704128],[77.5341343,13.0704818],[77.5328801,13.0708088],[77.5328219,13.070824],[77.5327349,13.0708957],[77.532269,13.07128],[77.5318995,13.0715848],[77.531878,13.0716026],[77.5316513,13.0717895],[77.5315296,13.07189],[77.5315165,13.0719008],[77.5315055,13.0719099],[77.5315242,13.0719297],[77.5316622,13.0720762],[77.5316645,13.0721253],[77.531667,13.0721804],[77.5316739,13.0723312],[77.5316842,13.0725588],[77.5315513,13.0726701],[77.5314662,13.0728485],[77.5314499,13.0728828],[77.5314062,13.0729744],[77.5313555,13.0730808],[77.5313386,13.073428],[77.5313192,13.073827],[77.5312633,13.0740278],[77.5312469,13.0740868],[77.5312292,13.0741507],[77.5312388,13.0741934],[77.531242,13.0742072],[77.5312556,13.0742676],[77.5313994,13.0749027],[77.531416,13.0749757],[77.5315159,13.0754171],[77.531505,13.0754442],[77.5314903,13.0754809],[77.5314113,13.0756779],[77.5313324,13.0757272],[77.5312033,13.0758077],[77.5312019,13.0758086],[77.5311408,13.0758467],[77.531002,13.0762903],[77.5309717,13.0768716],[77.5309712,13.0768805],[77.530971,13.0768853],[77.5308042,13.0777257],[77.5308041,13.0777259],[77.5308041,13.0777261],[77.530783,13.0778329],[77.530567,13.0778383],[77.5303279,13.0778741],[77.5303283,13.0781554],[77.5303283,13.0781757],[77.5303284,13.0782388],[77.5303195,13.0783556],[77.5303062,13.0785323],[77.5302918,13.0787219],[77.5302894,13.078754],[77.5302873,13.0788335],[77.5302762,13.0792554],[77.530287,13.0793463],[77.5302951,13.0794148],[77.5303115,13.079553],[77.5304124,13.0802577],[77.5304202,13.0805191],[77.5304214,13.0805576],[77.5304269,13.0807439],[77.5303992,13.0809908],[77.5302969,13.0814686],[77.5302613,13.0816418],[77.5302608,13.0816442],[77.5302482,13.0817059],[77.5302372,13.0817905],[77.5302269,13.0818706],[77.5302209,13.0819175],[77.5302342,13.0820304],[77.530239,13.0820718],[77.5302522,13.0821103],[77.5302696,13.0821608],[77.530275,13.0821766],[77.5302761,13.0821799],[77.5303,13.0822495],[77.5303005,13.0822504],[77.5303221,13.0822885],[77.5303724,13.0823768],[77.5303795,13.0823895],[77.5303928,13.0824134],[77.5304131,13.0824496],[77.5304234,13.082472],[77.5304288,13.0824837],[77.530443,13.0825143],[77.5304889,13.0826854],[77.5304894,13.0826855],[77.5307451,13.0827442],[77.5313947,13.0829493],[77.5315121,13.0829888],[77.5315649,13.083023],[77.5315908,13.0830562],[77.5316505,13.0831644],[77.5316766,13.0831925],[77.5317311,13.0832162],[77.5324132,13.0834305],[77.5326363,13.0834678],[77.5327901,13.0834842],[77.5329003,13.0835262],[77.5329972,13.0835864],[77.533195,13.0836867],[77.5337492,13.0838715],[77.5344729,13.0840976],[77.535585,13.0844838],[77.5366263,13.0848311],[77.5367485,13.0848699],[77.5367558,13.0844796],[77.5372565,13.0844662],[77.5375612,13.0844442],[77.537588,13.0851169],[77.5383173,13.0861854],[77.5387759,13.0866786],[77.5396362,13.0876141],[77.5415571,13.0890705],[77.5415935,13.0890235],[77.5418681,13.0886686],[77.5418955,13.0886331],[77.541997,13.0885019],[77.5420606,13.0884197],[77.5423787,13.0880448],[77.5424177,13.0879989],[77.542668,13.0877039],[77.5426973,13.0876734],[77.5427927,13.0875741],[77.5428225,13.0875405],[77.5428866,13.0874684],[77.5429104,13.0874472],[77.5429277,13.0874318],[77.543031,13.0873477],[77.5431324,13.0872726],[77.5431484,13.0872627],[77.5439149,13.0863662],[77.5439515,13.0863234],[77.5440252,13.0862371],[77.5446549,13.0858761],[77.5448186,13.0857124],[77.545153,13.0852414],[77.5452045,13.0851689],[77.5451875,13.0849684],[77.5451857,13.0849472],[77.545246,13.0849444],[77.5453064,13.0849416],[77.5456194,13.0849269],[77.5459106,13.0849298],[77.5463467,13.0849532],[77.546483,13.0849548],[77.5464895,13.0847651],[77.5464958,13.0844771],[77.5464987,13.0843408],[77.5464991,13.0843236],[77.5465022,13.0841799],[77.5465024,13.0841675],[77.5465053,13.0839073],[77.5465056,13.083878],[77.546508,13.0836678],[77.5465096,13.0836265],[77.5465088,13.0836163],[77.5465069,13.0836068],[77.5465046,13.0836],[77.5465024,13.0835962],[77.5464993,13.0835916],[77.5464955,13.0835877],[77.5464951,13.0835872],[77.5464898,13.0835839],[77.5464826,13.0835808],[77.5464691,13.0835775],[77.5464528,13.0835766],[77.5464383,13.0835761],[77.5464192,13.083576],[77.5464176,13.083576],[77.5463797,13.0834623],[77.5463717,13.083438],[77.5463434,13.0833521],[77.5463462,13.0833516],[77.5464248,13.0833379],[77.5465514,13.0833165],[77.5470824,13.0832267],[77.5471459,13.0832159],[77.5473117,13.0831879],[77.5474515,13.0831642],[77.5474425,13.0831215],[77.5474246,13.0830473],[77.5474234,13.0830423],[77.5473785,13.0828363],[77.5473736,13.0828137],[77.5473633,13.082766],[77.5473489,13.0827003],[77.5473302,13.0826182],[77.5472946,13.0824625],[77.5472829,13.0824111],[77.5472804,13.0823992],[77.5472466,13.0822336],[77.5472225,13.0821353],[77.5472195,13.082123],[77.5474325,13.0817552],[77.5476231,13.0814261],[77.5477272,13.0814465],[77.5478423,13.0814691],[77.5481275,13.0815264],[77.5481566,13.0815323],[77.5482874,13.0815586],[77.5487305,13.0815124],[77.5488394,13.0815011],[77.5490578,13.0814722],[77.5494212,13.0814372],[77.5495035,13.0814293],[77.5496279,13.0814198],[77.5496466,13.0814183],[77.5496876,13.0814921],[77.5496891,13.0814948],[77.5497998,13.0816939],[77.5500814,13.0822061],[77.5501106,13.0822173],[77.5501532,13.0822394],[77.5501634,13.0822465],[77.5501643,13.0822471],[77.5501923,13.0822668],[77.550249,13.0823125],[77.5503078,13.0823691],[77.5503388,13.0824065],[77.5503839,13.0824719],[77.5503881,13.0824784],[77.5505056,13.0826609],[77.550597,13.0827974],[77.5506183,13.0828309],[77.5506602,13.0828965],[77.5506994,13.082959],[77.5507314,13.0829993],[77.5508144,13.0830934],[77.5508954,13.0831747],[77.5511167,13.0833909],[77.5512231,13.0834964],[77.5512653,13.0835382],[77.5513207,13.0835967],[77.5513548,13.0836377],[77.5514174,13.0837131],[77.5514495,13.0837539],[77.5514682,13.0837778],[77.5514848,13.0837999],[77.5515127,13.0838372],[77.5516402,13.0840009],[77.5516585,13.0840216],[77.55178,13.0841583],[77.5518448,13.0842313],[77.5519905,13.0843705],[77.5520972,13.0844657],[77.5521598,13.0845137],[77.5522172,13.0845508],[77.5522853,13.0845867],[77.552327,13.0846087],[77.5523369,13.0846125],[77.552355,13.0846196],[77.552383,13.0846306],[77.5524284,13.0846423],[77.5524855,13.0846478],[77.5525633,13.0846544],[77.5526263,13.0846591],[77.5526817,13.0846662],[77.5527699,13.0846877],[77.5527986,13.0846983],[77.5528188,13.0847057],[77.5528605,13.0847252],[77.5528842,13.0847364],[77.5529241,13.0847608],[77.5529653,13.084786],[77.5530779,13.084855],[77.5531804,13.0849293],[77.5532346,13.0849686],[77.5533166,13.0850296],[77.5534156,13.0851033],[77.5535212,13.0851819],[77.5536425,13.0852656],[77.5536737,13.0852854],[77.5537153,13.0853118],[77.5537176,13.0853132],[77.5537198,13.0853144],[77.5537221,13.0853157],[77.5537245,13.0853168],[77.5538028,13.0853538],[77.5539303,13.0854073],[77.5539368,13.08541],[77.5543267,13.0855719],[77.5543791,13.0855931],[77.5545018,13.0856426],[77.554555,13.0856641],[77.5546388,13.085698],[77.5547012,13.0857232],[77.5549299,13.0858157],[77.555317,13.0859694],[77.555355,13.0859864],[77.5554198,13.0860228],[77.5554826,13.0860661],[77.5556787,13.0859759],[77.555718,13.0859578],[77.5558468,13.0854714],[77.5558756,13.0853614],[77.5558984,13.0852745],[77.555964,13.085024],[77.555971,13.0849973],[77.5560177,13.0848186],[77.5560893,13.0845726],[77.5560997,13.0845368],[77.5561671,13.0843052],[77.5562089,13.0841449],[77.5562179,13.0841105],[77.5562765,13.083886],[77.5563082,13.0837677],[77.556321,13.0837198],[77.5563301,13.0836859],[77.5564481,13.083246],[77.5564605,13.0831997],[77.5564834,13.0831115],[77.5565053,13.0830273],[77.5565688,13.0827827],[77.5565796,13.082741],[77.5565902,13.0827001],[77.5565924,13.0826926],[77.5566014,13.0826625],[77.5566512,13.0824956],[77.5566616,13.0824608],[77.5566868,13.0823766],[77.5567343,13.0821964],[77.5567969,13.0819597],[77.5568479,13.081725],[77.5568537,13.0816983],[77.556895,13.0815694],[77.5589181,13.0831642],[77.5601689,13.0841852],[77.5601694,13.0841848],[77.5601715,13.0841828],[77.5601736,13.0841808],[77.5601756,13.0841787],[77.5601774,13.0841765],[77.5601793,13.0841743],[77.560181,13.084172],[77.5601826,13.0841697],[77.5602167,13.0841194],[77.5602236,13.0841065],[77.5602551,13.084048],[77.560279,13.0839788],[77.5602799,13.0839762],[77.5602813,13.083971],[77.5602823,13.0839656],[77.5602827,13.083963],[77.5602879,13.0839233],[77.5602882,13.0839207],[77.5602884,13.083918],[77.5602885,13.0839153],[77.5602886,13.0839127],[77.5602885,13.08391],[77.5602884,13.0839074],[77.5602848,13.0838571],[77.5602755,13.0838084],[77.5603135,13.0837879],[77.5603763,13.0839786],[77.5603772,13.083981],[77.5603781,13.0839833],[77.5603791,13.0839857],[77.5603801,13.083988],[77.5603813,13.0839903],[77.5603825,13.0839925],[77.5604052,13.0840333],[77.5604408,13.084086],[77.5604424,13.0840883],[77.560444,13.0840905],[77.5604458,13.0840927],[77.5604476,13.0840948],[77.5604495,13.0840968],[77.5604812,13.0841299],[77.5604832,13.084132],[77.5604853,13.0841339],[77.5604875,13.0841359],[77.5604898,13.0841377],[77.5606813,13.084288],[77.5608313,13.084402],[77.5609532,13.0844947],[77.5611885,13.0846771],[77.5613348,13.0847949],[77.5613599,13.0848151],[77.5615378,13.0849582],[77.5615401,13.0849601],[77.5615861,13.0849971],[77.561899,13.0852491],[77.5619842,13.0853177],[77.5620782,13.0853898],[77.5621024,13.0854083],[77.5621819,13.0854693],[77.5624062,13.0856411],[77.5624502,13.0856745],[77.5626503,13.0858261],[77.5628848,13.0860141],[77.5630848,13.0861745],[77.5631103,13.0861921],[77.5630253,13.0863105],[77.5629908,13.0863534],[77.5629432,13.0864017],[77.5629002,13.0864369],[77.5628504,13.086469],[77.5627738,13.0865098],[77.5625963,13.0866095],[77.5622969,13.0867779],[77.5621952,13.0868341],[77.561919,13.086999],[77.56183,13.0870522],[77.5617905,13.0870757],[77.5611939,13.0874394],[77.5607328,13.0877188],[77.5607313,13.0877197],[77.5604102,13.087905],[77.5603145,13.0879592],[77.5602939,13.0879709],[77.5602084,13.0880274],[77.5601487,13.0880739],[77.5597713,13.0883453],[77.5593874,13.0887173],[77.5587522,13.0892803],[77.5586405,13.0893793],[77.5585311,13.089495],[77.5580771,13.0902232],[77.5579081,13.0904943],[77.5576803,13.0908566],[77.5577877,13.0909269],[77.558084,13.0911361],[77.5581553,13.091189],[77.5582504,13.0912596],[77.558374,13.0913547],[77.5584981,13.0914554],[77.5585196,13.0914733],[77.5585973,13.0915382],[77.558676,13.0916125],[77.5587791,13.0917071],[77.5587863,13.0917137],[77.5589169,13.0918334],[77.5590356,13.0919423],[77.5593482,13.092229],[77.5594906,13.0923617],[77.5595062,13.0923763],[77.559643,13.0925037],[77.5596945,13.0925517],[77.559787,13.0926367],[77.5602295,13.093043],[77.5602969,13.0931049],[77.5605562,13.093343],[77.5606111,13.0933933],[77.5610666,13.0938199],[77.5611185,13.0938728],[77.5611469,13.0939079],[77.5611875,13.0939669],[77.5612069,13.0940006],[77.5612384,13.0940615],[77.5612516,13.0940979],[77.5612603,13.094122],[77.561278,13.0941865],[77.5613053,13.0943067],[77.5613085,13.0943222],[77.5613143,13.0943498],[77.5613296,13.0944227],[77.5613389,13.094461],[77.5613553,13.0945287],[77.5613673,13.0945745],[77.5618682,13.0945081],[77.5620632,13.0944822],[77.5639807,13.0917189],[77.5648854,13.0905482],[77.5650908,13.0901254],[77.5651966,13.0899809],[77.5664195,13.0884485],[77.5664542,13.0884086],[77.5670364,13.0877396],[77.5673392,13.0873111],[77.5683119,13.0861014],[77.5693366,13.0857621],[77.5693005,13.0856194],[77.5727155,13.0846953]]]}},{"type":"Feature","properties":{"KGISSub_DivisionID":42,"Sub_DivisionName":"E13"},"geometry":{"type":"MultiPolygon","coordinates":[[[[77.7761482,12.9879207],[77.7760722,12.9872149],[77.7760561,12.9870659],[77.7759149,12.9864402],[77.7759039,12.9863915],[77.7760684,12.9858723],[77.776422,12.9855408],[77.7766622,12.9853511],[77.7766737,12.9853521],[77.7769416,12.9853769],[77.7770237,12.9852923],[77.7762035,12.9849269],[77.7762807,12.9848945],[77.7763377,12.9848863],[77.7763809,12.9848846],[77.7764082,12.9848824],[77.7764489,12.9848629],[77.7764691,12.9848403],[77.7764896,12.9847901],[77.7765067,12.9847079],[77.7765099,12.9846597],[77.7765076,12.9845459],[77.7764933,12.9844124],[77.7764527,12.9841707],[77.7764155,12.9839413],[77.7763903,12.9838264],[77.7763458,12.9837065],[77.776281,12.9834222],[77.776152,12.9828961],[77.7760728,12.9826016],[77.7760553,12.9825037],[77.7760542,12.9824651],[77.7760541,12.9824611],[77.7760598,12.9824402],[77.7760701,12.9824025],[77.7759242,12.9823454],[77.7758847,12.9823299],[77.7754556,12.982162],[77.7753492,12.9814825],[77.7749495,12.9811311],[77.7746327,12.9806947],[77.7746231,12.9805361],[77.7746996,12.9803957],[77.774806,12.9803238],[77.7758933,12.9799184],[77.7764861,12.9792237],[77.7767799,12.9788133],[77.7770285,12.9785544],[77.7772121,12.978411],[77.7773636,12.9783597],[77.7774174,12.9783715],[77.7777927,12.9785922],[77.7779949,12.978676],[77.7781838,12.9786587],[77.77825,12.9786427],[77.7783583,12.9786006],[77.7783917,12.9785813],[77.7784252,12.978562],[77.7786451,12.9775334],[77.7787481,12.9771518],[77.7782608,12.9762889],[77.7776863,12.976187],[77.7772955,12.9766204],[77.7770332,12.9765257],[77.7766783,12.9760175],[77.7767261,12.9757298],[77.7766918,12.9756288],[77.7765532,12.9754836],[77.7763466,12.9752673],[77.7762821,12.9751336],[77.7762596,12.975087],[77.776186,12.9749346],[77.7761848,12.9749261],[77.7761423,12.9746131],[77.7762417,12.9745045],[77.7765402,12.974449],[77.7765444,12.9744482],[77.7767706,12.9744062],[77.7771274,12.9739086],[77.7773016,12.9736656],[77.7780363,12.9734731],[77.7782506,12.9732909],[77.7787911,12.9728311],[77.7791805,12.9724989],[77.7792166,12.9724681],[77.779162,12.9723222],[77.7788647,12.9715279],[77.7786399,12.9709275],[77.7785761,12.9707571],[77.7786733,12.9704798],[77.778911,12.9701919],[77.7793878,12.9702295],[77.7802167,12.9701644],[77.7806735,12.9700714],[77.7809428,12.9701881],[77.781221,12.9706483],[77.7814766,12.9707948],[77.7819559,12.9708853],[77.7824436,12.9709159],[77.7830405,12.9709469],[77.7833031,12.9709605],[77.7835326,12.9707758],[77.7836474,12.9706167],[77.7839974,12.969298],[77.7843611,12.9685579],[77.7841804,12.9667899],[77.784078,12.9665626],[77.7818478,12.9661343],[77.7816908,12.9662421],[77.7815841,12.9663819],[77.7813975,12.9668162],[77.7812242,12.9669568],[77.780535,12.9671241],[77.7798825,12.9671475],[77.7793643,12.9669686],[77.778596,12.9667647],[77.7784737,12.9669944],[77.7786566,12.9677185],[77.7774506,12.968224],[77.777236,12.9681396],[77.7771733,12.9678198],[77.7766455,12.9676868],[77.7762724,12.9674518],[77.7760321,12.967311],[77.7753209,12.9669122],[77.7746012,12.9665181],[77.7745873,12.9665105],[77.7741882,12.9662934],[77.7734004,12.9660149],[77.7725938,12.9659464],[77.7725854,12.965945],[77.7723754,12.965911],[77.772106,12.9658675],[77.7719836,12.9659227],[77.7714951,12.9653614],[77.7711756,12.9649647],[77.7710009,12.9647206],[77.7706893,12.9642331],[77.7704698,12.9633943],[77.7704692,12.9633374],[77.7705169,12.963333],[77.7704754,12.9630385],[77.7702715,12.9630512],[77.770214,12.9625977],[77.769878,12.9617456],[77.7691727,12.9614329],[77.7687578,12.9614875],[77.7686765,12.9614315],[77.7682287,12.9611277],[77.7681362,12.9607574],[77.7680403,12.9605296],[77.7679618,12.9603429],[77.7676297,12.960204],[77.7672991,12.9600658],[77.7672768,12.9600128],[77.7671644,12.9597463],[77.7670975,12.9594674],[77.7669467,12.9594612],[77.7669932,12.9593596],[77.7666028,12.959216],[77.7658778,12.9595036],[77.7648807,12.9598955],[77.7648802,12.9598929],[77.764793,12.959462],[77.7645667,12.9594905],[77.764423,12.9587693],[77.7644379,12.9571742],[77.7644594,12.9564784],[77.7644537,12.9560856],[77.7644834,12.9559921],[77.7645279,12.9559343],[77.7645576,12.9559473],[77.7645992,12.9558572],[77.7646268,12.9557299],[77.7646413,12.9555805],[77.7646427,12.9555065],[77.7646628,12.9554175],[77.7646408,12.9550814],[77.7644687,12.9550286],[77.7645432,12.9548827],[77.764545,12.9537929],[77.7645699,12.9529194],[77.76456,12.9519143],[77.7646437,12.9513719],[77.7649236,12.9510778],[77.7649747,12.9503046],[77.7652865,12.9487623],[77.7652969,12.9486269],[77.7655241,12.9465928],[77.7655109,12.9454764],[77.765458,12.9451276],[77.7654198,12.944732],[77.7653227,12.9437251],[77.7652776,12.9429432],[77.7652527,12.9426572],[77.7652923,12.9418648],[77.7653869,12.9401207],[77.7654244,12.9394295],[77.765455,12.9389837],[77.7655117,12.9370163],[77.7656318,12.9368959],[77.7663212,12.9350806],[77.7656878,12.9333771],[77.7655924,12.9318039],[77.7646512,12.9287748],[77.7622884,12.9283797],[77.7613296,12.9279258],[77.7586939,12.9271034],[77.7568208,12.9263943],[77.7546479,12.9258204],[77.7542854,12.9257744],[77.7531273,12.925499],[77.7522153,12.92526],[77.7518527,12.9237994],[77.7514412,12.9221417],[77.7513287,12.9220652],[77.7475024,12.9206382],[77.7473028,12.9205574],[77.7459458,12.9200077],[77.7456854,12.9199022],[77.7456357,12.919842],[77.7455832,12.9196622],[77.7455974,12.919447],[77.7455957,12.9194048],[77.7455896,12.9192474],[77.7455749,12.919148],[77.7455133,12.9189569],[77.7454726,12.9188304],[77.7454603,12.9187486],[77.745444,12.9185982],[77.7454226,12.918401],[77.7453649,12.917588],[77.7452091,12.916352],[77.7447483,12.913804],[77.7437764,12.9139326],[77.7430553,12.9139497],[77.7423584,12.9140569],[77.7420743,12.9142351],[77.7417763,12.9142625],[77.7411583,12.9144777],[77.741092,12.9144902],[77.7407956,12.9145458],[77.7406165,12.9145126],[77.7398353,12.9144507],[77.7395233,12.9143999],[77.7392048,12.914348],[77.7389695,12.9143638],[77.7388415,12.9143377],[77.7387559,12.9143203],[77.7386166,12.9143046],[77.7375058,12.914722],[77.73735,12.9146419],[77.7372881,12.9135733],[77.7372853,12.9135003],[77.7371867,12.9134937],[77.7366829,12.9134603],[77.7365209,12.9134718],[77.7364476,12.9134707],[77.7362253,12.9134566],[77.7359847,12.9134609],[77.735714,12.9134523],[77.735587,12.9134177],[77.7354351,12.9133476],[77.7353257,12.9133217],[77.7352226,12.9132973],[77.7350154,12.9132923],[77.7347885,12.9132564],[77.7346541,12.913222],[77.7345403,12.9131589],[77.7343908,12.9130761],[77.7344183,12.9131129],[77.7344281,12.9131424],[77.7344296,12.9132033],[77.7344257,12.9132502],[77.7344232,12.9132626],[77.7344051,12.9133533],[77.7343933,12.9134269],[77.7343654,12.9136004],[77.7343497,12.9141825],[77.733871,12.9141822],[77.733867,12.9140861],[77.7330479,12.9141022],[77.732554,12.9141326],[77.73207,12.9139243],[77.7314079,12.9140043],[77.7302404,12.9142317],[77.7286688,12.9143886],[77.7279486,12.9144605],[77.7275686,12.9144129],[77.7276616,12.9138414],[77.7276595,12.9137132],[77.7276572,12.9135759],[77.7277023,12.9128181],[77.7276499,12.9125461],[77.7276328,12.9118839],[77.7276244,12.9116065],[77.72761,12.9111287],[77.7275891,12.91098],[77.7275968,12.9109304],[77.7276125,12.9108869],[77.7273355,12.9098453],[77.7269744,12.9087453],[77.7267969,12.9082071],[77.7265315,12.9074146],[77.7263479,12.9068963],[77.7262481,12.906615],[77.7262441,12.9066034],[77.7249453,12.9068213],[77.7245082,12.9069209],[77.7238849,12.9070536],[77.7230055,12.9072431],[77.7229366,12.9072649],[77.722906,12.9072746],[77.7224804,12.9074447],[77.7212754,12.9079439],[77.7209043,12.9081403],[77.7207779,12.9082072],[77.7207778,12.9082133],[77.7207653,12.9089077],[77.7205965,12.9089203],[77.7205092,12.908917],[77.7203682,12.9088979],[77.7202034,12.9088754],[77.7196582,12.9087827],[77.7196985,12.9081348],[77.718762,12.9081714],[77.7178561,12.9083741],[77.7179133,12.9088719],[77.717774,12.9089395],[77.7176393,12.9089664],[77.7172893,12.9087462],[77.7170227,12.9083952],[77.7163202,12.9076094],[77.716114,12.9073709],[77.7159491,12.9074229],[77.7158974,12.9074392],[77.7155355,12.9075674],[77.7145476,12.9079469],[77.7142282,12.9080837],[77.7139535,12.9080784],[77.7133884,12.9079418],[77.7113003,12.9078633],[77.709949,12.9079228],[77.7094872,12.9079431],[77.7089569,12.9080381],[77.7083528,12.9081463],[77.7083457,12.9084273],[77.7083308,12.9090129],[77.7083208,12.9094085],[77.7082884,12.9106849],[77.7082679,12.9114937],[77.7082626,12.9117025],[77.7082607,12.9117778],[77.7080656,12.9123238],[77.7077416,12.9135581],[77.7059438,12.9142484],[77.7057797,12.9143115],[77.704142,12.9149967],[77.7037817,12.9151119],[77.7034723,12.9151975],[77.7034721,12.9151976],[77.7034742,12.9152013],[77.7035494,12.9153323],[77.7036235,12.9154155],[77.7037206,12.9155658],[77.7037462,12.9156055],[77.7037687,12.9156398],[77.7038109,12.9157042],[77.7038493,12.9157627],[77.7040102,12.9160081],[77.7045916,12.9165876],[77.70462,12.9166158],[77.7046983,12.9166885],[77.7048341,12.9168144],[77.7052643,12.9173436],[77.7055472,12.9176767],[77.7059224,12.9181184],[77.7063579,12.9186313],[77.7067765,12.9191488],[77.7079267,12.9203825],[77.7090535,12.921802],[77.7093167,12.922132],[77.7096883,12.9227771],[77.7102213,12.92366],[77.7105727,12.9242276],[77.71113,12.92456],[77.7136145,12.9259126],[77.7145581,12.9260431],[77.7147317,12.9260672],[77.7155846,12.9263044],[77.716733,12.9265204],[77.7167331,12.9265204],[77.7167353,12.9265229],[77.7167884,12.9266079],[77.716818,12.9266414],[77.7172101,12.9270586],[77.7172196,12.9270687],[77.7173076,12.9271623],[77.7173417,12.9271986],[77.7175595,12.9274303],[77.7176777,12.927556],[77.717767,12.9276647],[77.717788,12.9276884],[77.7178957,12.9278334],[77.7179061,12.9278459],[77.7179797,12.927934],[77.7179891,12.9279465],[77.7180062,12.9279696],[77.7180108,12.927977],[77.7180163,12.9279856],[77.7180912,12.9281043],[77.7181384,12.9282069],[77.7182065,12.9283411],[77.7182214,12.928369],[77.7188473,12.929428],[77.7189196,12.9303861],[77.7189255,12.9304642],[77.7189511,12.9309201],[77.719001,12.9318156],[77.719007,12.9320551],[77.7190962,12.9330984],[77.7190142,12.9336789],[77.7187859,12.9348166],[77.7185929,12.9361242],[77.7183985,12.9368945],[77.7183359,12.9371427],[77.7179687,12.938981],[77.717947,12.9389777],[77.7179467,12.9389779],[77.7178709,12.9389671],[77.7178704,12.9389671],[77.7176036,12.9389291],[77.7175735,12.9389248],[77.7175416,12.9389174],[77.7175131,12.9389107],[77.7174903,12.9389002],[77.7174305,12.9388729],[77.7174185,12.9388674],[77.717306,12.9388066],[77.7172637,12.9387837],[77.7171828,12.9387391],[77.7171543,12.9387249],[77.7171031,12.9386992],[77.7169319,12.9386303],[77.7169318,12.9386303],[77.7168553,12.9386121],[77.7168185,12.938603],[77.7163998,12.9385021],[77.7163886,12.9384991],[77.716275,12.9384698],[77.7161383,12.9384347],[77.7159107,12.9383714],[77.7159077,12.9383704],[77.7155654,12.9382582],[77.7152784,12.9381652],[77.7151969,12.9381418],[77.715069,12.9381106],[77.714972,12.9381097],[77.7147755,12.9381439],[77.7147753,12.938144],[77.714666,12.9381634],[77.7144927,12.9381581],[77.7144766,12.9381576],[77.7144472,12.9381534],[77.7143513,12.9381396],[77.7143496,12.9381394],[77.7142167,12.9381203],[77.7140661,12.9380837],[77.7140447,12.9380785],[77.7140121,12.9380706],[77.7140113,12.9380716],[77.713643,12.9379699],[77.7134448,12.9379278],[77.7134035,12.937919],[77.7133039,12.9379188],[77.7132703,12.9379187],[77.7129886,12.937937],[77.712983,12.9379376],[77.7129756,12.9379383],[77.7128929,12.9379467],[77.7126686,12.9379694],[77.71263,12.937975],[77.7120586,12.9380584],[77.7118273,12.9380921],[77.7118764,12.9383315],[77.7118922,12.9384086],[77.7119012,12.9384526],[77.7114922,12.9387689],[77.710841,12.938919],[77.710684,12.938725],[77.7101266,12.9387331],[77.7100901,12.9387196],[77.7098619,12.938635],[77.7096773,12.9385562],[77.7096126,12.9385286],[77.7094951,12.9388679],[77.7085124,12.9391778],[77.7077768,12.9394491],[77.7074349,12.9391745],[77.707242,12.9394103],[77.707049,12.939646],[77.706968,12.939861],[77.7064304,12.9402438],[77.7062113,12.9399316],[77.7061508,12.9399563],[77.7060991,12.9399775],[77.7060306,12.9400055],[77.7057228,12.9401478],[77.7059431,12.9405907],[77.7050867,12.941086],[77.7047459,12.9414428],[77.7043925,12.9407501],[77.703521,12.9411442],[77.7032336,12.9412953],[77.7031419,12.9413541],[77.7029634,12.9414685],[77.7027849,12.9415708],[77.7023527,12.9417946],[77.7022183,12.9418708],[77.7021645,12.9419013],[77.7019425,12.9420272],[77.7019424,12.9420272],[77.7019355,12.9420312],[77.7017634,12.9421256],[77.7017561,12.9421291],[77.7016577,12.9421753],[77.7015792,12.9422093],[77.7015083,12.9422399],[77.7013785,12.942296],[77.7013523,12.9423073],[77.7012412,12.9423486],[77.7011913,12.9423672],[77.7011699,12.942375],[77.7010936,12.942403],[77.7010217,12.9424293],[77.7009781,12.9424439],[77.700892,12.9424728],[77.700781,12.9425049],[77.7007649,12.9425095],[77.7007001,12.9425249],[77.700551,12.9425378],[77.7005449,12.9425383],[77.7004934,12.9425428],[77.7001687,12.9425715],[77.7001448,12.942574],[77.7000658,12.9425826],[77.7000488,12.9425844],[77.6999538,12.9425947],[77.699887,12.9426108],[77.6998152,12.942633],[77.6997862,12.9426435],[77.6996416,12.94273],[77.6993306,12.9427768],[77.6993305,12.9427768],[77.6993204,12.9427784],[77.6991848,12.9427993],[77.6990744,12.9428162],[77.6988698,12.9428519],[77.6986392,12.9429106],[77.6985793,12.9429361],[77.6985181,12.9429674],[77.6984408,12.9430197],[77.6982898,12.9431322],[77.6982737,12.9431442],[77.6982336,12.9431865],[77.698224,12.9431966],[77.698156,12.9432765],[77.6980313,12.9434231],[77.6978162,12.943671],[77.6978034,12.9436858],[77.6976754,12.9438536],[77.6978738,12.9444421],[77.6986331,12.9466214],[77.6988117,12.947134],[77.6989875,12.9476554],[77.6990003,12.9476536],[77.6991416,12.947634],[77.6992609,12.9475509],[77.6992333,12.9474129],[77.6993228,12.9473695],[77.699217,12.9472375],[77.700209,12.9467254],[77.7004749,12.9466568],[77.701511,12.9463893],[77.7016185,12.946402],[77.7017849,12.9464216],[77.7024259,12.946292],[77.7027317,12.946224],[77.7038941,12.9455148],[77.7041505,12.9454293],[77.7043782,12.9452324],[77.7047378,12.9450279],[77.7049407,12.9449592],[77.7051548,12.9449519],[77.7053363,12.9448374],[77.7053676,12.9448384],[77.7056692,12.9448479],[77.7057946,12.9448703],[77.7058215,12.9448702],[77.7058981,12.9448699],[77.7060093,12.9448604],[77.7062132,12.9448111],[77.7066541,12.9447044],[77.7066938,12.9446887],[77.7067796,12.9446034],[77.7068614,12.9441313],[77.7070168,12.9441117],[77.7070196,12.9441112],[77.7071753,12.9440825],[77.7073323,12.9440536],[77.7076424,12.9442177],[77.707895,12.9441565],[77.7079513,12.9440772],[77.7079994,12.9440045],[77.7086353,12.9434005],[77.7093802,12.9432852],[77.7101666,12.9430739],[77.7103088,12.9431735],[77.7104316,12.9431948],[77.7106474,12.943227],[77.7111365,12.9434105],[77.7114599,12.9436838],[77.7115052,12.9437318],[77.7115506,12.94378],[77.7117006,12.943934],[77.711945,12.9441035],[77.7123529,12.9443887],[77.712426,12.9445225],[77.712683,12.9446905],[77.7126877,12.9447211],[77.7126939,12.9447252],[77.7127017,12.9448123],[77.7127085,12.9448152],[77.7128922,12.9448937],[77.7130978,12.9453429],[77.713011,12.9454471],[77.7129888,12.9454738],[77.713002,12.9455094],[77.7130431,12.9457222],[77.7130553,12.94572],[77.7132552,12.945684],[77.7133342,12.94566],[77.7135475,12.9455953],[77.7135536,12.9456072],[77.7136654,12.9458238],[77.7138788,12.9457568],[77.7140159,12.9457137],[77.7142209,12.946034],[77.7142436,12.9460695],[77.7145838,12.945936],[77.7146803,12.9458981],[77.7148771,12.9457858],[77.7149858,12.9457239],[77.7150153,12.9457133],[77.7152347,12.9456177],[77.7155467,12.9453761],[77.7156243,12.9453341],[77.7157302,12.9452934],[77.7157624,12.945281],[77.715948,12.9452097],[77.716291,12.9450791],[77.7163531,12.9450635],[77.7163524,12.9450671],[77.7163552,12.9451196],[77.716607,12.9451474],[77.7166665,12.945142],[77.7166617,12.945301],[77.7166451,12.9458449],[77.716644,12.9458797],[77.7166496,12.9461515],[77.7166707,12.947184],[77.7166443,12.947936],[77.7165635,12.9484393],[77.716535,12.9489994],[77.7164189,12.9501692],[77.7164027,12.9503542],[77.7163385,12.9511795],[77.7163213,12.9513796],[77.7163206,12.9514185],[77.7163234,12.9514968],[77.7163252,12.951592],[77.7163191,12.9516144],[77.7163014,12.9516796],[77.7163017,12.9517794],[77.7163021,12.9519068],[77.7160857,12.9531508],[77.7159174,12.9542375],[77.7158594,12.9544752],[77.7158013,12.9547131],[77.7157878,12.9548435],[77.7157392,12.955385],[77.71573,12.955401],[77.7157099,12.9554359],[77.7156786,12.9554902],[77.7156353,12.9558244],[77.715571,12.9564387],[77.7154445,12.9576487],[77.7151109,12.9584136],[77.715061,12.9585557],[77.7150485,12.9585916],[77.715009,12.958718],[77.7149722,12.9588358],[77.7149541,12.9588603],[77.7147883,12.9593328],[77.7147086,12.9597297],[77.7146476,12.9600473],[77.7146242,12.9601688],[77.7146054,12.9602669],[77.714549,12.9606455],[77.7144908,12.9606376],[77.7143342,12.9613504],[77.7141433,12.9623801],[77.7141801,12.9623882],[77.7143391,12.9624233],[77.7143632,12.9624276],[77.7151484,12.9626017],[77.7162617,12.9621064],[77.7167818,12.9618784],[77.7168229,12.9618604],[77.7172781,12.9618709],[77.7179545,12.9618275],[77.718028,12.9618196],[77.7181401,12.9617931],[77.719543,12.961651],[77.720081,12.9615856],[77.7212815,12.9613861],[77.7212787,12.9614111],[77.7212866,12.9614099],[77.7212478,12.9616842],[77.7216697,12.9616729],[77.7221646,12.9616597],[77.7222643,12.9619234],[77.723009,12.9620569],[77.7231526,12.9617367],[77.7233053,12.961396],[77.7238774,12.9614872],[77.7239688,12.9609396],[77.7240204,12.9606303],[77.7247266,12.9608202],[77.7249878,12.9608882],[77.7249915,12.960889],[77.7253512,12.9609677],[77.7260507,12.961145],[77.7265983,12.9613233],[77.726606,12.9613258],[77.7267677,12.9614005],[77.7268336,12.9614578],[77.7271892,12.9618815],[77.7271968,12.9618953],[77.7272362,12.961997],[77.7272424,12.9620847],[77.7272475,12.9622748],[77.7275963,12.9623608],[77.7278908,12.9624628],[77.7297607,12.9637981],[77.729828,12.9638311],[77.7302482,12.9637894],[77.7315707,12.9636578],[77.7323022,12.9635851],[77.7325431,12.9635611],[77.7325453,12.9635609],[77.7325459,12.9635619],[77.7325845,12.9635582],[77.7331818,12.9632649],[77.7331846,12.9632636],[77.7336756,12.9630295],[77.7337773,12.9629809],[77.7337832,12.9629781],[77.7338199,12.9629605],[77.734309,12.9627258],[77.734362,12.9627011],[77.7343857,12.96269],[77.7345117,12.9626312],[77.7345631,12.9626168],[77.7346949,12.9625798],[77.7347983,12.9625525],[77.7350214,12.9624935],[77.7350586,12.9624846],[77.7350744,12.9624808],[77.73512,12.9624749],[77.7352225,12.9624616],[77.7353329,12.9624444],[77.7356351,12.9623973],[77.735731,12.9623813],[77.7358461,12.9623781],[77.7358984,12.9623699],[77.7359362,12.962364],[77.7361148,12.9623318],[77.7364324,12.9622825],[77.7365134,12.9622673],[77.7367253,12.9622273],[77.7369494,12.962192],[77.7370227,12.9621805],[77.7371282,12.9621608],[77.7373334,12.9621226],[77.7374783,12.9620987],[77.7379128,12.9620269],[77.7384946,12.9619198],[77.7385232,12.9619151],[77.7385228,12.9619133],[77.7385215,12.9619073],[77.7384634,12.9615947],[77.73844,12.9614645],[77.7382662,12.9604964],[77.7382289,12.9602962],[77.7382273,12.9602878],[77.7381184,12.9597029],[77.7381447,12.9590735],[77.7381468,12.9590352],[77.7381559,12.9588664],[77.7381822,12.9584084],[77.7382199,12.9577506],[77.7382235,12.9576875],[77.7382264,12.9576021],[77.7382295,12.9575105],[77.7382299,12.9575001],[77.7382308,12.9574741],[77.7387912,12.9575384],[77.7391216,12.9575763],[77.7406039,12.9577463],[77.7406652,12.9577487],[77.7406658,12.9577596],[77.7406689,12.9578208],[77.7406704,12.9578504],[77.7412938,12.9579826],[77.7421317,12.9581602],[77.7421307,12.9581958],[77.7421272,12.9583205],[77.7421264,12.9583495],[77.7421254,12.9583847],[77.7421255,12.9583847],[77.7421749,12.9583859],[77.7426658,12.9583977],[77.7427948,12.9584007],[77.7432725,12.9584239],[77.7435004,12.9585158],[77.743861,12.9586611],[77.7448545,12.9585889],[77.7451673,12.9587108],[77.745277,12.9587535],[77.7454762,12.9588311],[77.7459758,12.9586951],[77.7460481,12.9586755],[77.7462526,12.9585979],[77.7463285,12.9585301],[77.7464382,12.9584904],[77.7467711,12.9583701],[77.7470085,12.9582842],[77.7472727,12.958195],[77.74728,12.9581925],[77.7472914,12.9581903],[77.7473337,12.9581819],[77.7473496,12.9581787],[77.7473632,12.9581791],[77.7478384,12.9581918],[77.7478523,12.9581922],[77.748068,12.958212],[77.749112,12.9583038],[77.7490423,12.9587565],[77.7490192,12.9589063],[77.7490085,12.9589754],[77.7490063,12.959022],[77.7489986,12.9591863],[77.7489954,12.9592532],[77.7490022,12.9599409],[77.7490042,12.9600589],[77.7490447,12.9602812],[77.7490564,12.9603456],[77.7490706,12.9604239],[77.7490938,12.9605513],[77.7490985,12.9605678],[77.749103,12.9605838],[77.7491109,12.9605911],[77.74915,12.9606134],[77.7492092,12.9606341],[77.749286,12.9606523],[77.749564,12.960659],[77.7495837,12.9606446],[77.7495949,12.960568],[77.7501798,12.9605946],[77.7501794,12.9607102],[77.750475,12.9614139],[77.7504888,12.9614467],[77.7504934,12.9614625],[77.7505141,12.9615335],[77.7505188,12.9615497],[77.7505305,12.9623395],[77.7505384,12.9630737],[77.7510662,12.9634084],[77.7510722,12.9634123],[77.7510723,12.9634122],[77.7510896,12.9634233],[77.751175,12.963478],[77.7512156,12.963504],[77.7513635,12.9635916],[77.7514952,12.9636557],[77.7515768,12.9636868],[77.7516715,12.963723],[77.7519676,12.963827],[77.7521382,12.9638805],[77.7524273,12.9639678],[77.7525813,12.9640129],[77.7526982,12.964043],[77.7528035,12.9640671],[77.7527931,12.964585],[77.752793,12.9645935],[77.7527157,12.9651548],[77.7528594,12.9651698],[77.752885,12.9651725],[77.7529422,12.9651785],[77.752923,12.9653525],[77.7527608,12.9656567],[77.7526418,12.9659222],[77.7527239,12.9662053],[77.7528215,12.966699],[77.7528668,12.9676036],[77.7533105,12.9676141],[77.7541344,12.9676009],[77.7541321,12.9677002],[77.7541319,12.9677053],[77.754163,12.9677493],[77.7541864,12.9677992],[77.7542046,12.9678687],[77.7542029,12.9679342],[77.7541529,12.9680962],[77.7541202,12.9682081],[77.754097,12.9686471],[77.7540964,12.9686586],[77.7540867,12.9687802],[77.7540625,12.9690856],[77.7540632,12.9691014],[77.7540706,12.9692727],[77.7540712,12.9692865],[77.7539162,12.9693493],[77.753622,12.9694321],[77.7536032,12.9694374],[77.7534032,12.9694897],[77.7531236,12.9695629],[77.7528217,12.9696417],[77.7526408,12.9696889],[77.7526365,12.9696896],[77.7526107,12.9696938],[77.7525745,12.9696997],[77.7525987,12.9698112],[77.7525992,12.9698134],[77.7527001,12.9702832],[77.752865,12.9708789],[77.7529103,12.9710422],[77.7529245,12.971146],[77.7529282,12.9711728],[77.752935,12.9712228],[77.7529362,12.9712315],[77.7529484,12.9713203],[77.7530629,12.9718106],[77.7530634,12.9718127],[77.7530643,12.9718153],[77.7530959,12.971912],[77.7531173,12.9719773],[77.7531924,12.972207],[77.7531997,12.9722294],[77.7533534,12.973061],[77.7533579,12.9730855],[77.7533902,12.973261],[77.7535768,12.973608],[77.7537759,12.973974],[77.7540201,12.9744228],[77.7543045,12.9748431],[77.7544002,12.9749264],[77.7544319,12.9749541],[77.7544507,12.9749934],[77.7546155,12.9753385],[77.7546288,12.9753583],[77.754759,12.975571],[77.754801,12.9756395],[77.7548551,12.9757444],[77.7553108,12.9761435],[77.7557732,12.9765486],[77.7560188,12.976918],[77.7559439,12.9770798],[77.7559318,12.977106],[77.756716,12.9773282],[77.7568173,12.9773569],[77.7572031,12.9774662],[77.7572069,12.9774861],[77.7572512,12.9777134],[77.75731,12.9780148],[77.7573561,12.9782429],[77.7573568,12.9782465],[77.757396,12.9784404],[77.7574153,12.9785362],[77.7574635,12.9787747],[77.7574684,12.9787996],[77.7575138,12.9790321],[77.7575777,12.9793592],[77.7575981,12.9794848],[77.7577018,12.9801241],[77.7577151,12.9802001],[77.7577714,12.9805222],[77.7578127,12.9807214],[77.7578695,12.9809956],[77.757879,12.9810452],[77.7579197,12.9812589],[77.757935,12.9813391],[77.7579752,12.98155],[77.7579831,12.9815917],[77.7580287,12.9818336],[77.7580908,12.9821465],[77.7581493,12.9824412],[77.758197,12.9824425],[77.7581996,12.9824425],[77.7582022,12.9824426],[77.7582136,12.9824429],[77.7583574,12.9830327],[77.7583926,12.9831757],[77.7583973,12.9831947],[77.7585934,12.9839889],[77.7586154,12.9840778],[77.7587999,12.9847964],[77.7589106,12.9851557],[77.7589316,12.9852235],[77.7589428,12.9852589],[77.7589902,12.9854075],[77.7589903,12.9854077],[77.7590812,12.9856928],[77.7591871,12.9860313],[77.7593802,12.9866579],[77.7595218,12.9871111],[77.7595574,12.9872251],[77.7596903,12.9876453],[77.7597175,12.9877312],[77.759773,12.9879128],[77.7599761,12.987905],[77.7601208,12.9879039],[77.760162,12.9879036],[77.7602465,12.9879129],[77.7603891,12.9879286],[77.7604915,12.9879429],[77.7605336,12.9879451],[77.7605515,12.9879461],[77.7605674,12.9879463],[77.7605968,12.9879465],[77.760965,12.9879395],[77.76125,12.9879387],[77.7612545,12.9879388],[77.7614529,12.9879447],[77.7615876,12.9879368],[77.7616413,12.9879337],[77.7618574,12.9879201],[77.7619791,12.9878999],[77.7620034,12.9878958],[77.7620246,12.987893],[77.7625179,12.9878182],[77.7625835,12.9878909],[77.7626641,12.9879675],[77.7626993,12.988001],[77.7627521,12.9880512],[77.7627596,12.9880583],[77.7634527,12.9879302],[77.7636242,12.9878985],[77.7639068,12.9878499],[77.7639267,12.9878465],[77.7639447,12.987844],[77.7641102,12.987821],[77.7643091,12.9877933],[77.7646849,12.9877284],[77.7649042,12.9876904],[77.7649349,12.9876745],[77.7649387,12.9876725],[77.7649937,12.9876439],[77.7652395,12.9875919],[77.7660159,12.9874274],[77.7661251,12.9874042],[77.7664738,12.9873303],[77.766483,12.9873284],[77.7668526,12.9872501],[77.7673906,12.9869974],[77.7681503,12.9868745],[77.7685693,12.9868179],[77.7687879,12.9867884],[77.769593,12.9867142],[77.7702498,12.9866536],[77.7708762,12.9867119],[77.7710194,12.9867253],[77.7711778,12.98674],[77.7716266,12.986834],[77.7717079,12.986851],[77.7718265,12.9868758],[77.7718875,12.9868886],[77.7720666,12.986926],[77.7725137,12.9870257],[77.7733108,12.9871845],[77.774118,12.9873453],[77.7738517,12.9877863],[77.7738456,12.9877965],[77.7739776,12.9878782],[77.775143,12.9878908],[77.7752245,12.9878852],[77.7757354,12.9877575],[77.775961,12.9877012],[77.7759768,12.9882309],[77.7765368,12.9886192],[77.7761482,12.9879207]]],[[[77.7478257,13.0115663],[77.7479681,13.0126186],[77.7486461,13.0123248],[77.7493242,13.0120045],[77.7497449,13.011648],[77.7497216,13.0115096],[77.7500296,13.0114039],[77.7503342,13.0112841],[77.750362,13.0112904],[77.7506883,13.0113641],[77.7512486,13.0111448],[77.7516996,13.0108999],[77.7523869,13.0106817],[77.7533962,13.0099002],[77.7537124,13.0096299],[77.754042,13.0093481],[77.7545693,13.0087578],[77.7548673,13.0088878],[77.7551792,13.009145],[77.7552168,13.009718],[77.7553583,13.0102119],[77.7557548,13.0093722],[77.7563501,13.009068],[77.7569089,13.0090512],[77.7570962,13.0090456],[77.7573912,13.008827],[77.75798,13.0085441],[77.7585332,13.0083183],[77.7587389,13.0079672],[77.7593264,13.0077506],[77.7594719,13.0076822],[77.7595969,13.0075327],[77.7596437,13.0073553],[77.7596842,13.0070489],[77.7596379,13.0068248],[77.7594418,13.0062867],[77.7594009,13.0061151],[77.7593992,13.0059621],[77.7595,13.0058224],[77.7596984,13.0056912],[77.7604134,13.0051052],[77.7607086,13.0049109],[77.7608298,13.0048475],[77.7609863,13.0048936],[77.7613636,13.0050712],[77.7617738,13.0051897],[77.7620506,13.0050352],[77.7622531,13.0048323],[77.7624742,13.0045527],[77.7626652,13.004197],[77.7628601,13.0037456],[77.7629751,13.0035627],[77.7631292,13.0033937],[77.763235,13.0032683],[77.7634559,13.0029601],[77.7635721,13.0028919],[77.7636897,13.0029032],[77.7636782,13.0028864],[77.7634838,13.0026022],[77.7634283,13.002521],[77.7631904,13.0029572],[77.7626798,13.0025332],[77.7618428,13.001942],[77.7604161,13.0016335],[77.759975,13.0009861],[77.7597837,13.0005428],[77.759743,13.0004485],[77.759529,13.0004574],[77.7591224,13.0009024],[77.7578215,13.0009013],[77.7577123,13.0008379],[77.7576653,13.0008106],[77.757762,13.0003472],[77.7575237,13.0003913],[77.7569552,13.0004966],[77.7566491,13.0003838],[77.7564781,13.0003208],[77.7564077,13.0001615],[77.7562849,12.999884],[77.7562034,12.9998045],[77.7561115,12.9997149],[77.7560729,12.9996773],[77.7557592,12.9994588],[77.7557938,12.9993349],[77.7550432,12.9980486],[77.755005,12.9979779],[77.7547673,12.9971463],[77.7546464,12.9969976],[77.7565745,12.9967543],[77.7573122,12.9968515],[77.7574548,12.9968226],[77.7583756,12.996636],[77.7583672,12.9965845],[77.7583632,12.9965603],[77.7583489,12.9964727],[77.7582663,12.9959671],[77.7582553,12.9959238],[77.7581941,12.9956842],[77.7580152,12.9952231],[77.7577993,12.9946755],[77.7577348,12.9945117],[77.7576351,12.9942305],[77.757523,12.9938664],[77.7574761,12.9935485],[77.7574558,12.9933983],[77.7574296,12.9932859],[77.7573996,12.9931568],[77.7573978,12.9931492],[77.7573762,12.9931062],[77.7573339,12.993022],[77.7573297,12.9930136],[77.7572275,12.99287],[77.7571813,12.992814],[77.7571471,12.9927674],[77.7562437,12.9916306],[77.7561585,12.9915202],[77.755534,12.9907039],[77.7552639,12.990351],[77.7552449,12.9903261],[77.7552246,12.990299],[77.7551095,12.9901205],[77.7550905,12.9900911],[77.7549454,12.9898661],[77.7548034,12.9895667],[77.7547782,12.9895124],[77.7546865,12.9892884],[77.7545592,12.9889774],[77.754447,12.9887031],[77.7540878,12.9878469],[77.7540605,12.9877817],[77.7540498,12.9877562],[77.7529274,12.9873343],[77.7525067,12.9871762],[77.7506101,12.9864499],[77.7499729,12.9862296],[77.7490496,12.9859103],[77.7490323,12.9859038],[77.7485074,12.9857195],[77.7481821,12.9855895],[77.7481273,12.9855676],[77.7480915,12.9855533],[77.7480911,12.9855531],[77.7480003,12.9855149],[77.7479108,12.9854672],[77.7479016,12.9854601],[77.7478428,12.9854146],[77.7477756,12.9853448],[77.7474978,12.9854539],[77.7462924,12.9859231],[77.7453465,12.9862466],[77.7450248,12.9863354],[77.7448714,12.9863795],[77.7446457,12.986442],[77.7441421,12.9865656],[77.7433505,12.9867575],[77.7428757,12.9868785],[77.7422579,12.9870353],[77.7415428,12.9872203],[77.7411111,12.987332],[77.7408283,12.9874056],[77.7408124,12.9874098],[77.740222,12.9875645],[77.7400998,12.9875818],[77.7395272,12.9875908],[77.7388926,12.9875902],[77.7385944,12.9875889],[77.7381698,12.9875833],[77.7374354,12.9875824],[77.7367288,12.987588],[77.736696,12.9875883],[77.736619,12.9875889],[77.736007,12.9876009],[77.7358212,12.9876072],[77.7355814,12.9876256],[77.7352448,12.9876514],[77.7351293,12.9876602],[77.7343049,12.9877808],[77.7342889,12.9877829],[77.7341433,12.988543],[77.7341433,12.9885433],[77.7335946,12.9913783],[77.7333599,12.9925908],[77.7330408,12.99327],[77.7316238,12.9962862],[77.733378,12.9966101],[77.7355309,12.9970076],[77.7359078,12.9970772],[77.7359221,12.9970799],[77.739835,12.997813],[77.7410042,12.998032],[77.7420229,12.9982229],[77.7420222,12.9983381],[77.7420112,13.000105],[77.7418478,13.0021781],[77.7418107,13.0026481],[77.7416168,13.0034339],[77.7414864,13.0039621],[77.7413611,13.0044699],[77.7412018,13.0051153],[77.7411634,13.0052916],[77.7411503,13.0059461],[77.7411546,13.0059802],[77.7411615,13.0060356],[77.741134,13.0065062],[77.7411112,13.0068856],[77.7411066,13.0069608],[77.7410956,13.0071445],[77.7410973,13.0071567],[77.7411034,13.0072002],[77.7411313,13.0072246],[77.7411477,13.007239],[77.7412261,13.0071817],[77.7412852,13.0071524],[77.7413251,13.0071437],[77.741386,13.0071402],[77.7415527,13.0071339],[77.7420878,13.0071216],[77.7426044,13.0071013],[77.7429917,13.0070875],[77.7432769,13.007088],[77.7433266,13.0070929],[77.7436354,13.0071234],[77.7440586,13.0071646],[77.7442969,13.0071841],[77.7444493,13.0071911],[77.744514,13.0071894],[77.744658,13.0071857],[77.7447123,13.0071843],[77.7450289,13.0071551],[77.7456206,13.0070941],[77.7461164,13.0070371],[77.7462305,13.0070053],[77.746446,13.0070057],[77.7471981,13.0070073],[77.7469705,13.0070962],[77.7469891,13.0080999],[77.7470695,13.0086537],[77.7470627,13.0093694],[77.7470497,13.0101229],[77.746925,13.0104384],[77.7473637,13.0116299],[77.7478257,13.0115663]]],[[[77.7479681,13.0126186],[77.7466887,13.0140978],[77.7450197,13.0144398],[77.7452753,13.014887],[77.7452479,13.0151499],[77.7454617,13.0158763],[77.7452211,13.0160565],[77.7448306,13.0161834],[77.7442887,13.0163426],[77.7440725,13.0163858],[77.7438959,13.0159934],[77.7421471,13.0167222],[77.741934,13.0163656],[77.7435197,13.0156296],[77.7435026,13.0154321],[77.7433831,13.0154406],[77.7432362,13.0149954],[77.7423155,13.0153407],[77.7414338,13.0155534],[77.7411885,13.0155875],[77.7409467,13.0155997],[77.7407612,13.0157188],[77.7406563,13.0156907],[77.740568,13.0158161],[77.7404694,13.0156853],[77.7401423,13.0158426],[77.7405358,13.0163538],[77.7406996,13.0164934],[77.7409551,13.0167794],[77.7410409,13.0169316],[77.7409873,13.0171899],[77.7409306,13.0172279],[77.7407146,13.017312],[77.7404004,13.0174875],[77.7402233,13.0176003],[77.7398949,13.0178517],[77.7397644,13.0179409],[77.7395371,13.0180435],[77.739376,13.0181512],[77.7392339,13.0183412],[77.7391192,13.0182894],[77.738964,13.0183852],[77.7387305,13.0184643],[77.738538,13.0184545],[77.738157,13.0182347],[77.7381217,13.0183078],[77.7380454,13.0184656],[77.737934,13.0189253],[77.7381542,13.0199143],[77.7389686,13.0195117],[77.7392025,13.0200337],[77.7395305,13.019991],[77.7404389,13.0195929],[77.740507,13.0191565],[77.7410407,13.0188918],[77.7413538,13.0189591],[77.7416122,13.0191526],[77.7421475,13.0190371],[77.7420628,13.018495],[77.7422087,13.0184497],[77.7429488,13.0184322],[77.7431509,13.018239],[77.7433646,13.0182549],[77.7442622,13.0178901],[77.7443344,13.01802],[77.7448473,13.0180863],[77.7460802,13.017649],[77.7462342,13.018073],[77.7466167,13.0182562],[77.7469112,13.0186533],[77.7486178,13.0185261],[77.7484818,13.017613],[77.7481282,13.0176327],[77.748016,13.0173299],[77.7485041,13.0171647],[77.7485896,13.0175105],[77.7494756,13.0173891],[77.7493126,13.0162643],[77.7500715,13.01614],[77.7507864,13.0161371],[77.7506051,13.0155344],[77.7499891,13.0155341],[77.74976,13.0154687],[77.7494922,13.0156615],[77.7491013,13.0158231],[77.7488827,13.0158875],[77.7485031,13.0159993],[77.7481279,13.0161279],[77.7479383,13.0161524],[77.7477076,13.0162373],[77.7473095,13.016318],[77.7471446,13.0163737],[77.7468346,13.0163921],[77.7467601,13.0162615],[77.7465268,13.0159114],[77.7468695,13.0157037],[77.747279,13.0154795],[77.7478374,13.015255],[77.7481218,13.0152111],[77.7483146,13.0152422],[77.7484674,13.0152936],[77.7491548,13.0151207],[77.7493303,13.0151629],[77.7497145,13.0150088],[77.7496453,13.0148638],[77.7498246,13.0145704],[77.7500524,13.0143958],[77.7499292,13.0142514],[77.7506866,13.0139372],[77.750756,13.0135225],[77.750985,13.0133739],[77.7513407,13.0130977],[77.7510252,13.0129464],[77.7512811,13.0127467],[77.7512121,13.0124924],[77.7511213,13.0125292],[77.7509884,13.0127426],[77.7507527,13.0128113],[77.7501335,13.0128906],[77.7499015,13.0122298],[77.7496304,13.0127692],[77.7495519,13.0128256],[77.7489775,13.0130146],[77.7483282,13.0136987],[77.7480948,13.0137374],[77.7480238,13.0132261],[77.7479681,13.0126186]]],[[[77.7692235,13.0064604],[77.7691021,13.006341],[77.7690681,13.0063505],[77.7689425,13.006395],[77.7689074,13.0064049],[77.7688673,13.006403],[77.7688309,13.0063837],[77.7688021,13.0063455],[77.7687697,13.0062845],[77.7687015,13.0061423],[77.7686391,13.0060123],[77.7685921,13.0059166],[77.7685165,13.0057805],[77.7684292,13.0056167],[77.7683702,13.0054954],[77.7683042,13.0054071],[77.7682329,13.0053221],[77.7681774,13.005271],[77.7681364,13.0052404],[77.7680677,13.0051889],[77.7679979,13.0051393],[77.7679938,13.0051404],[77.7679935,13.0051334],[77.7679466,13.0051036],[77.7677964,13.0051198],[77.7662163,13.0055275],[77.766234,13.005596],[77.7662661,13.0057197],[77.7665965,13.0068152],[77.7667514,13.0075298],[77.7685371,13.0070741],[77.7692639,13.0068627],[77.7692235,13.0064604]]],[[[77.7645689,13.0061625],[77.7644172,13.0059047],[77.7639818,13.0062485],[77.7640284,13.0063958],[77.7641742,13.0067564],[77.764371,13.0072439],[77.7645776,13.0077212],[77.7647452,13.0080819],[77.7648253,13.0083027],[77.7648926,13.008566],[77.7649712,13.0089585],[77.7650227,13.0092213],[77.7653005,13.0091679],[77.7656327,13.0091065],[77.7653308,13.0082048],[77.7654418,13.0080819],[77.7651806,13.007554],[77.7651156,13.0074227],[77.7647981,13.0066546],[77.7646557,13.0063101],[77.7645689,13.0061625]]],[[[77.7380152,13.017645],[77.7391953,13.0169721],[77.7402261,13.0164637],[77.7400685,13.0160575],[77.7396591,13.0162083],[77.7396901,13.0163032],[77.7393108,13.0164683],[77.739125,13.0165655],[77.739013,13.0166637],[77.7386802,13.0168851],[77.7381155,13.0171767],[77.7376569,13.0173123],[77.7377929,13.01825],[77.737821,13.0184419],[77.7379952,13.0181304],[77.7382579,13.0179744],[77.7380152,13.017645]]],[[[77.7487757,13.0191872],[77.7486544,13.0189526],[77.7473651,13.0190303],[77.7471019,13.0189759],[77.7471308,13.01923],[77.7471226,13.0195036],[77.7478819,13.0195008],[77.7486603,13.0194979],[77.7488178,13.0194576],[77.7487757,13.0191872]]],[[[77.7670842,13.0046513],[77.7669361,13.0046434],[77.7668541,13.004651],[77.7665547,13.0046969],[77.7660484,13.0047751],[77.7660309,13.0047814],[77.7659766,13.0048007],[77.7660061,13.0048412],[77.7660303,13.0049035],[77.7661273,13.0052178],[77.766372,13.0051629],[77.7674634,13.0049337],[77.7675497,13.0049049],[77.7675749,13.0048976],[77.7674935,13.004853],[77.767333,13.0047668],[77.7671351,13.0046683],[77.7670842,13.0046513]]]]}},{"type":"Feature","properties":{"KGISSub_DivisionID":43,"Sub_DivisionName":"N23"},"geometry":{"type":"MultiPolygon","coordinates":[[[[77.642214,13.1055058],[77.6423801,13.1054742],[77.6425247,13.1055025],[77.6438035,13.1057525],[77.6499285,13.1049069],[77.6504431,13.1048054],[77.6495445,13.1027493],[77.6495601,13.1024714],[77.6491196,13.1016304],[77.6490701,13.1010732],[77.6488423,13.1005199],[77.648681,13.1000878],[77.6485166,13.0996473],[77.6483959,13.0993239],[77.648226,13.0988686],[77.6479398,13.0982978],[77.6476439,13.0978852],[77.6476171,13.0978479],[77.6475314,13.0977284],[77.6473457,13.0970351],[77.6467339,13.0950869],[77.6461192,13.0939306],[77.6458096,13.0932234],[77.645522,13.0925662],[77.6452555,13.0919708],[77.6450894,13.0915998],[77.6450557,13.0915286],[77.6450539,13.0915249],[77.6450393,13.0914957],[77.6450393,13.0914956],[77.6447939,13.091006],[77.644762,13.0909387],[77.6447354,13.0908826],[77.6447235,13.0908614],[77.6442679,13.0900483],[77.6442507,13.0900148],[77.6431975,13.0880159],[77.6427326,13.086858],[77.6427744,13.0868477],[77.6428395,13.0868318],[77.6431567,13.0867542],[77.6436958,13.0866378],[77.6440932,13.0865859],[77.6449953,13.0864868],[77.6454629,13.0864361],[77.6457324,13.0863944],[77.6461309,13.0863382],[77.6465242,13.0861468],[77.6465944,13.0854256],[77.6466087,13.0852784],[77.6465959,13.0852582],[77.646456,13.0850385],[77.6462293,13.0846823],[77.6458447,13.0840552],[77.6453589,13.0833168],[77.6452456,13.0831823],[77.6451291,13.0830439],[77.6447044,13.0825396],[77.6446504,13.0824266],[77.644566,13.0822503],[77.6445435,13.0822235],[77.6443262,13.0818311],[77.6442456,13.0817091],[77.6441298,13.0815337],[77.6441214,13.0815211],[77.6441143,13.0815102],[77.644063,13.0814326],[77.6437711,13.0809907],[77.6432295,13.0800449],[77.6427464,13.0791931],[77.642697,13.079106],[77.6426554,13.0790326],[77.6420676,13.0778697],[77.6417008,13.077546],[77.6416465,13.0774061],[77.641578,13.0772294],[77.6414924,13.0771816],[77.6414178,13.0771399],[77.6411162,13.0770466],[77.6411037,13.0770427],[77.6409494,13.076995],[77.6408349,13.0769947],[77.6405904,13.076994],[77.6405184,13.0769937],[77.6402761,13.076993],[77.6396317,13.076696],[77.6395591,13.0766678],[77.6393944,13.0764694],[77.6390925,13.0761809],[77.6389055,13.0760023],[77.63887,13.0759684],[77.6388481,13.0759474],[77.6384254,13.0754253],[77.6382378,13.0751936],[77.6383262,13.0751817],[77.6391633,13.0750689],[77.639488,13.0750252],[77.6395061,13.0750227],[77.639504,13.0749819],[77.6394824,13.0745166],[77.6394717,13.0742868],[77.6394656,13.0740819],[77.6394619,13.0738724],[77.6394598,13.0737588],[77.6394535,13.0734099],[77.6394493,13.0731757],[77.6394623,13.0725916],[77.6394795,13.0718247],[77.6394751,13.0718027],[77.6394475,13.0716641],[77.6394397,13.0714742],[77.6394441,13.0714302],[77.639468,13.0711917],[77.6394678,13.0711713],[77.6394618,13.070675],[77.639513,13.0699038],[77.6395272,13.0696892],[77.6394599,13.0694078],[77.6393951,13.0691369],[77.6391138,13.0679604],[77.6390348,13.0676299],[77.6390037,13.0675194],[77.6388308,13.0669047],[77.6387412,13.0665859],[77.6386699,13.0662129],[77.638656,13.0661403],[77.638605,13.0658736],[77.6385982,13.0658382],[77.6385348,13.0653779],[77.6384281,13.0642854],[77.6384036,13.0638416],[77.6383948,13.0636825],[77.6383817,13.0634448],[77.6383451,13.0627823],[77.6382966,13.0622003],[77.6382744,13.0619329],[77.6382685,13.0618622],[77.6381878,13.0608943],[77.638183,13.060749],[77.6381813,13.0606962],[77.6381619,13.0601103],[77.6381564,13.0599427],[77.6381544,13.0598835],[77.6381277,13.0590753],[77.6382469,13.0584311],[77.6383198,13.057914],[77.6383364,13.0577957],[77.6383378,13.0577861],[77.6383171,13.0564796],[77.638316,13.0564105],[77.6382966,13.0551898],[77.6382289,13.0549784],[77.6382103,13.0548943],[77.6381534,13.0546372],[77.6382216,13.0545996],[77.6382953,13.054559],[77.6383392,13.0545349],[77.6383129,13.0543284],[77.6381205,13.0538046],[77.6380248,13.0533324],[77.6380183,13.0533003],[77.6380061,13.0532022],[77.637975,13.0529519],[77.6379331,13.0526154],[77.6378344,13.0519414],[77.6378094,13.0517709],[77.6378012,13.0517147],[77.6378008,13.0517096],[77.6378674,13.0516974],[77.6383987,13.0516003],[77.6384513,13.0515907],[77.6384072,13.0513991],[77.6383649,13.0512156],[77.6383425,13.0510955],[77.6382388,13.0505405],[77.6382373,13.0505322],[77.6382072,13.0503713],[77.6381848,13.0502515],[77.6381514,13.0500929],[77.6381475,13.0500748],[77.6382528,13.0500639],[77.6382764,13.0500614],[77.638331,13.0500558],[77.6383316,13.0500557],[77.638407,13.0500479],[77.6384001,13.0500058],[77.6383818,13.0499451],[77.6383131,13.0497973],[77.6382221,13.0495976],[77.6381783,13.0494808],[77.6381069,13.0492907],[77.6380593,13.0490003],[77.6380216,13.0487424],[77.6379887,13.0485177],[77.6379789,13.0484502],[77.6379196,13.0478924],[77.6377683,13.0471936],[77.6377293,13.0471531],[77.6376555,13.0469287],[77.6376673,13.0468858],[77.6375484,13.0466147],[77.6374258,13.0463256],[77.637348,13.0461186],[77.6373477,13.046118],[77.63731,13.0460177],[77.6372586,13.045881],[77.6372376,13.045825],[77.6371691,13.0454282],[77.6371239,13.0451659],[77.6370817,13.0448016],[77.6370763,13.0446928],[77.6370755,13.0446763],[77.6370652,13.0444689],[77.6370794,13.0444683],[77.6370821,13.0444682],[77.6371517,13.0444652],[77.6371525,13.0444568],[77.6371646,13.0443303],[77.6371617,13.0442614],[77.6371496,13.0439715],[77.6371495,13.04397],[77.6370155,13.0439248],[77.6369336,13.0438972],[77.6368692,13.0439075],[77.6358518,13.0440709],[77.6358107,13.0440827],[77.6352889,13.0442326],[77.6348147,13.0443688],[77.6337122,13.0447547],[77.6327848,13.0451949],[77.6326712,13.0452488],[77.632146,13.0455294],[77.6319932,13.045611],[77.631641,13.0460177],[77.6314326,13.0462583],[77.6312888,13.0464244],[77.6309153,13.0466434],[77.6307194,13.0467583],[77.6304967,13.046889],[77.6303527,13.0470225],[77.6297282,13.047222],[77.629367,13.0473322],[77.6289904,13.0474233],[77.62863,13.0474905],[77.628566,13.0473782],[77.6285605,13.0473687],[77.6282795,13.0468763],[77.6280401,13.0464702],[77.6279798,13.0463679],[77.6277567,13.0459852],[77.6276343,13.0457797],[77.6275977,13.0457182],[77.6275233,13.0455933],[77.627402,13.0454452],[77.6273577,13.0454675],[77.6272837,13.0455049],[77.6272793,13.0455071],[77.6270088,13.0456866],[77.6268346,13.0457982],[77.6266646,13.045907],[77.6266632,13.0459079],[77.6265119,13.0460048],[77.6258869,13.0464381],[77.6258824,13.0465859],[77.6258336,13.0466344],[77.6257773,13.0467006],[77.6257633,13.046717],[77.6256908,13.0467059],[77.6255881,13.0466834],[77.6253348,13.0466682],[77.6253192,13.0466719],[77.6252128,13.0466968],[77.6251289,13.0467808],[77.6250695,13.0468353],[77.6249842,13.0469136],[77.624864,13.047034],[77.6247443,13.0472139],[77.6244184,13.0474197],[77.6242716,13.0473259],[77.6240532,13.0473519],[77.6237747,13.0474501],[77.6236294,13.0474187],[77.6236164,13.0474159],[77.623507,13.047417],[77.6233012,13.0474906],[77.6232301,13.0474874],[77.6232034,13.0474924],[77.6230197,13.0475271],[77.622974,13.0475334],[77.6227995,13.0475575],[77.6225685,13.0475237],[77.6225595,13.0475224],[77.6224639,13.0475421],[77.622301,13.0475532],[77.6218612,13.0476516],[77.6218111,13.0476654],[77.6216127,13.0477199],[77.6210965,13.0478567],[77.6207825,13.048076],[77.62059,13.0480028],[77.6203027,13.0480245],[77.6199004,13.0480474],[77.6195343,13.0481062],[77.6189852,13.0482087],[77.6188007,13.0482545],[77.6183287,13.0483717],[77.6179681,13.0482956],[77.6179276,13.048403],[77.6180884,13.048419],[77.6182754,13.0484758],[77.6182826,13.0485936],[77.6182538,13.0485932],[77.6182044,13.0485943],[77.6181897,13.0485947],[77.617981,13.0486029],[77.6178886,13.0486111],[77.6176578,13.0486316],[77.617368,13.0486499],[77.617253,13.0486579],[77.6172162,13.0486605],[77.61719,13.0486623],[77.6168642,13.0486851],[77.6161085,13.0487409],[77.6158804,13.0487598],[77.615869,13.0487248],[77.6158643,13.0486998],[77.6158403,13.0484591],[77.6158376,13.0484287],[77.6156179,13.0481133],[77.6152453,13.0480906],[77.6152125,13.0480899],[77.6152007,13.0480912],[77.6150227,13.0481118],[77.6145978,13.048382],[77.6136171,13.0481524],[77.613617,13.0481523],[77.6136169,13.0481523],[77.6134546,13.0481143],[77.61295,13.0479911],[77.6124609,13.0478716],[77.6122169,13.0479251],[77.611614,13.0475934],[77.6112341,13.0472684],[77.6110106,13.0470771],[77.6107582,13.04696],[77.6104248,13.0469192],[77.6104247,13.0469192],[77.6102552,13.0468985],[77.6101031,13.0468819],[77.6094193,13.0468072],[77.6092577,13.0467825],[77.608481,13.0466637],[77.6076574,13.0464592],[77.6073867,13.0464408],[77.6073443,13.0471117],[77.6073493,13.0472675],[77.6073494,13.0472724],[77.6073567,13.0475019],[77.60736,13.047606],[77.6073664,13.0478065],[77.6073773,13.0481503],[77.6073777,13.0481605],[77.6073808,13.0482601],[77.6073859,13.0483103],[77.607387,13.0483318],[77.6073913,13.0484088],[77.6074004,13.0484806],[77.6074118,13.0485772],[77.6074127,13.0485846],[77.6074176,13.0486259],[77.6074178,13.0486275],[77.6074184,13.0486331],[77.6074377,13.0487954],[77.6074391,13.0488076],[77.6074409,13.0488222],[77.6074416,13.0488319],[77.607454,13.048988],[77.6074543,13.0489908],[77.6074556,13.0490074],[77.6074558,13.0490105],[77.6074639,13.0491124],[77.6074664,13.049144],[77.6074991,13.0496387],[77.6075085,13.0497618],[77.607514,13.049834],[77.607523,13.0499524],[77.6075322,13.0500731],[77.6075474,13.05029],[77.6075486,13.050306],[77.6075557,13.0504077],[77.6075627,13.0505101],[77.6075643,13.0505339],[77.6075702,13.0506212],[77.6075795,13.0507583],[77.60759,13.05087],[77.6075969,13.0509423],[77.6075989,13.050964],[77.6076199,13.0511858],[77.6076251,13.0512442],[77.6076265,13.0512607],[77.6076306,13.0513066],[77.6076343,13.0513483],[77.6076371,13.0513813],[77.607613,13.0513929],[77.6074868,13.051452],[77.6074236,13.0514802],[77.6073982,13.0514936],[77.6073746,13.0515072],[77.6073488,13.0515251],[77.6073252,13.0515444],[77.6072931,13.0515751],[77.607266,13.0515994],[77.6072467,13.0516201],[77.6072347,13.0516353],[77.6072311,13.05164],[77.6072183,13.0516578],[77.6071928,13.0516976],[77.6071508,13.0517638],[77.6070688,13.0518763],[77.6070386,13.0519178],[77.607027,13.0519337],[77.6069901,13.0519842],[77.6069566,13.0520302],[77.6069191,13.0520815],[77.6069017,13.0521053],[77.6068638,13.0521598],[77.6068167,13.052223],[77.6067546,13.0522991],[77.6066918,13.0523797],[77.6066678,13.0524126],[77.6066486,13.0524383],[77.6066428,13.0524444],[77.6066359,13.0524517],[77.6066251,13.0524631],[77.606613,13.0524752],[77.6065958,13.0524886],[77.6065805,13.0524994],[77.6065613,13.052511],[77.6065377,13.0525238],[77.6065174,13.0525335],[77.6065109,13.0525366],[77.606484,13.0525495],[77.6064514,13.052563],[77.6064328,13.0525707],[77.6064092,13.0525805],[77.6063821,13.0525903],[77.6063503,13.0526018],[77.6061206,13.0526789],[77.6061148,13.0526783],[77.606109,13.0526784],[77.6061033,13.0526792],[77.6060978,13.0526803],[77.6059655,13.0527141],[77.6058543,13.0527417],[77.6058538,13.0527419],[77.6057922,13.0527572],[77.6056998,13.0527802],[77.6056597,13.0527906],[77.605562,13.0528161],[77.6054536,13.0528444],[77.6052701,13.0528923],[77.6052546,13.0528966],[77.6051382,13.0529292],[77.6051204,13.0529341],[77.605017,13.0529631],[77.6049249,13.0529912],[77.6048391,13.0530174],[77.6047912,13.0530306],[77.6047481,13.0530447],[77.6046299,13.0530892],[77.6044403,13.0531606],[77.6043204,13.0532086],[77.604252,13.0532354],[77.6041019,13.0532944],[77.6040229,13.0533253],[77.6037828,13.0534196],[77.6037559,13.0534293],[77.603752,13.0534307],[77.6037306,13.0534388],[77.6036607,13.0534652],[77.6035305,13.0535144],[77.6034889,13.0535293],[77.6034662,13.0535374],[77.6033422,13.0535816],[77.6031742,13.0536415],[77.6030424,13.0536885],[77.6029202,13.0537339],[77.6028996,13.0537418],[77.6028149,13.0537741],[77.6027934,13.0537828],[77.6027289,13.0538089],[77.6027254,13.0538103],[77.6026669,13.053837],[77.6026383,13.0538506],[77.6025927,13.0538731],[77.6025829,13.0538784],[77.6025294,13.0539076],[77.6025226,13.0539109],[77.6024657,13.0539356],[77.6023168,13.0539929],[77.602198,13.0540345],[77.6021453,13.0540512],[77.6021012,13.0540665],[77.6021005,13.0540667],[77.6020933,13.0540697],[77.6020702,13.0540805],[77.6020595,13.054086],[77.602055,13.0540886],[77.6020485,13.0540929],[77.6020387,13.0541002],[77.6020293,13.0541095],[77.6020258,13.0541133],[77.6020221,13.0541175],[77.6020187,13.0541217],[77.6020142,13.054128],[77.6020134,13.0541293],[77.6020107,13.0541339],[77.6020074,13.0541408],[77.6020041,13.0541485],[77.601999,13.0541615],[77.6019913,13.0541868],[77.6019856,13.0542102],[77.6019793,13.0542401],[77.601955,13.0542464],[77.6019191,13.0542557],[77.6018799,13.0542658],[77.6003105,13.0546724],[77.5997377,13.0547959],[77.5996436,13.054821],[77.5988794,13.0550947],[77.5989607,13.0552983],[77.5989898,13.0553708],[77.5990542,13.0553402],[77.5990553,13.0553397],[77.59913,13.0553041],[77.5994562,13.055798],[77.5997509,13.056244],[77.6003433,13.0570333],[77.6009001,13.0577377],[77.6010441,13.0579219],[77.6010529,13.0579361],[77.6010629,13.0579524],[77.6011689,13.058125],[77.6015555,13.0586103],[77.6016113,13.0586804],[77.6017065,13.0587998],[77.6020249,13.0590559],[77.6021272,13.0591504],[77.6026753,13.0595479],[77.6027683,13.0597658],[77.6027681,13.060231],[77.602937,13.0602456],[77.6029764,13.060262],[77.6030064,13.0602883],[77.6030632,13.0603659],[77.6031845,13.0604595],[77.603269,13.0605097],[77.6033078,13.0605395],[77.6036765,13.0604431],[77.6038454,13.0604194],[77.6046663,13.0605505],[77.6047346,13.0607679],[77.6047114,13.0609659],[77.6049147,13.0609924],[77.6050107,13.0610751],[77.6050119,13.0611259],[77.605015,13.0612544],[77.6050589,13.0612748],[77.6052563,13.0613666],[77.6053898,13.0614287],[77.6053938,13.0614549],[77.6054027,13.0616066],[77.6053517,13.0617717],[77.6053013,13.0619351],[77.6056141,13.0620764],[77.6060056,13.0622531],[77.6061365,13.0622823],[77.6061512,13.0622856],[77.6061358,13.06242],[77.6061005,13.0625684],[77.6060993,13.0625732],[77.6059763,13.0630897],[77.6061271,13.0631209],[77.6061344,13.0630944],[77.6061475,13.0630474],[77.6066046,13.0631498],[77.606563,13.0633724],[77.6067004,13.0635185],[77.6066468,13.0637737],[77.6072954,13.0641326],[77.6075706,13.0641633],[77.6078668,13.0641963],[77.6080065,13.0642119],[77.6081955,13.0642329],[77.6082044,13.0646118],[77.6083456,13.0660528],[77.608306,13.0660574],[77.6083174,13.0662134],[77.6083587,13.0662769],[77.6083897,13.06635],[77.6085045,13.0670754],[77.609623,13.0666801],[77.6115485,13.0661593],[77.6115456,13.0660887],[77.6115456,13.0660885],[77.6115279,13.0656516],[77.6118174,13.0653549],[77.6120955,13.0650699],[77.6126092,13.0645277],[77.6126627,13.0644712],[77.6134551,13.0639319],[77.6145965,13.0631931],[77.6146629,13.0631501],[77.6151198,13.0628543],[77.6151214,13.0628534],[77.6153868,13.0626763],[77.6160383,13.0622417],[77.6164085,13.0622716],[77.6181419,13.0625644],[77.6183043,13.0625918],[77.619047,13.0626288],[77.6190527,13.0628498],[77.6190527,13.0628503],[77.6190538,13.0628938],[77.6201381,13.063291],[77.6202631,13.0633417],[77.6211471,13.0637935],[77.6213716,13.0638856],[77.6222102,13.0642293],[77.6222872,13.0642609],[77.6225503,13.0645626],[77.6231774,13.0652818],[77.6233217,13.0654219],[77.6237576,13.0658876],[77.6239901,13.0661061],[77.624039,13.0661602],[77.6244001,13.0665756],[77.6244968,13.0666811],[77.6249241,13.067036],[77.6249376,13.0670472],[77.6254326,13.0676987],[77.6259369,13.0684303],[77.6260133,13.0685439],[77.6260899,13.0686578],[77.626123,13.068707],[77.6265399,13.0693269],[77.6269695,13.0700268],[77.6269746,13.0700533],[77.6270168,13.0702755],[77.6270253,13.070413],[77.6270576,13.070509],[77.6271497,13.0707657],[77.6274625,13.0715262],[77.6275225,13.0716722],[77.6275619,13.071768],[77.6277277,13.0721712],[77.6279579,13.0721961],[77.628088,13.0721898],[77.6282387,13.0721759],[77.6284456,13.0721553],[77.6289593,13.0720848],[77.6293256,13.0720503],[77.6294287,13.072041],[77.6299628,13.0720038],[77.6301178,13.0719952],[77.6304155,13.0719752],[77.6307582,13.0719443],[77.631352,13.0718873],[77.631617,13.0718675],[77.632383,13.0718166],[77.6325394,13.0723825],[77.6327617,13.0731139],[77.6328592,13.0735158],[77.6330449,13.0742601],[77.6330568,13.0742729],[77.6331891,13.0752697],[77.633695,13.0752302],[77.6336951,13.0752302],[77.6336992,13.0752299],[77.6337151,13.0763672],[77.6336924,13.0763706],[77.6334284,13.07641],[77.6330592,13.0764653],[77.6329296,13.0764798],[77.6327802,13.0764966],[77.6321493,13.0765838],[77.6316901,13.0766295],[77.6312364,13.0766899],[77.630746,13.0767746],[77.6306878,13.0767674],[77.6289409,13.0769714],[77.6287661,13.077052],[77.6286261,13.0771165],[77.6278328,13.077482],[77.6264155,13.0781131],[77.6255185,13.0781366],[77.6252516,13.0781993],[77.6251673,13.0782192],[77.6246245,13.0783468],[77.6244676,13.0783939],[77.624331,13.078522],[77.6239276,13.0786865],[77.6235726,13.0796348],[77.6227813,13.0803781],[77.6227032,13.0810439],[77.6226802,13.0813671],[77.6226725,13.0814757],[77.6226483,13.0818149],[77.6225992,13.0818841],[77.6226091,13.0819515],[77.6226063,13.0820221],[77.6225855,13.0820854],[77.6225955,13.082288],[77.6226173,13.0823222],[77.6226421,13.0830176],[77.6226939,13.0837073],[77.6227067,13.0838779],[77.6227272,13.0846711],[77.6227673,13.0859571],[77.6227686,13.0859986],[77.6231318,13.0863716],[77.6240222,13.087286],[77.6240466,13.0872597],[77.6240779,13.0872495],[77.6241476,13.0872436],[77.6242534,13.0877208],[77.6245313,13.0883874],[77.6259412,13.0888007],[77.6259878,13.0888275],[77.6260102,13.0888586],[77.6260343,13.088892],[77.6260447,13.088944],[77.6260478,13.0890262],[77.6260573,13.0892755],[77.6260644,13.0893586],[77.6261277,13.0901012],[77.6261979,13.0903164],[77.6262257,13.0903394],[77.6262649,13.0903717],[77.6262776,13.0904829],[77.6263785,13.0912563],[77.6265679,13.09233],[77.6265746,13.0923837],[77.6266599,13.0930702],[77.6272319,13.0943516],[77.627266,13.0943384],[77.6272709,13.0943365],[77.627337,13.0945002],[77.6274305,13.0947321],[77.6275092,13.0949382],[77.6275152,13.0950256],[77.627524,13.0951557],[77.627543,13.0952234],[77.6275786,13.0951999],[77.6276646,13.0954529],[77.6278712,13.0958966],[77.6278921,13.0959416],[77.6279666,13.0961015],[77.6282483,13.0967437],[77.6283323,13.0969375],[77.6285859,13.0974861],[77.6287476,13.0978062],[77.6290703,13.0985154],[77.6290876,13.0985534],[77.6291363,13.0986807],[77.6291476,13.098777],[77.6291423,13.0988384],[77.6291805,13.0988485],[77.6292562,13.0989139],[77.6294142,13.0992705],[77.6296869,13.0998739],[77.6297773,13.1000956],[77.6297853,13.1001274],[77.6299775,13.1002459],[77.6299883,13.1002526],[77.6304979,13.1005919],[77.6313508,13.1011312],[77.6323758,13.1017793],[77.6324507,13.1021882],[77.6324574,13.1022243],[77.6326544,13.1021924],[77.6330179,13.1021209],[77.6333069,13.102064],[77.6337146,13.1019778],[77.6347659,13.1017152],[77.6348275,13.1016998],[77.6348307,13.101699],[77.6348363,13.1016976],[77.634858,13.1016922],[77.63503,13.1021395],[77.6357077,13.1032217],[77.636318,13.1041963],[77.6364066,13.1043377],[77.6366964,13.1048329],[77.6369632,13.1055986],[77.636991,13.1062513],[77.6369977,13.1063695],[77.6384291,13.1062533],[77.6399865,13.1059445],[77.6405643,13.105819],[77.642214,13.1055058]]],[[[77.5719373,13.1358502],[77.5722396,13.1357891],[77.5723523,13.136114],[77.5723843,13.1362513],[77.572556,13.1362439],[77.5725673,13.1362435],[77.5726528,13.1362486],[77.5727889,13.1363241],[77.5734255,13.1360885],[77.5735189,13.1363876],[77.5736715,13.1369497],[77.5738207,13.1377273],[77.5738406,13.137858],[77.5739273,13.1384259],[77.5739659,13.1386789],[77.5739982,13.1390709],[77.5739856,13.1395218],[77.5739552,13.1396381],[77.5739342,13.1397276],[77.5739717,13.1401283],[77.5740054,13.1404889],[77.5740399,13.1409993],[77.5740274,13.141203],[77.5743995,13.1413356],[77.57438,13.1414424],[77.57425,13.1415615],[77.5751419,13.1416376],[77.5751768,13.141645],[77.5752118,13.1416524],[77.5756067,13.141736],[77.5760804,13.1418411],[77.5767251,13.1419844],[77.5772697,13.1421027],[77.5773271,13.1421151],[77.5777931,13.1423039],[77.5782405,13.1424542],[77.5786587,13.1425163],[77.5791954,13.1425662],[77.5799996,13.1426598],[77.581214,13.1413358],[77.5813975,13.1411575],[77.5822882,13.1402926],[77.5823838,13.1401998],[77.5828635,13.1382811],[77.5829193,13.1381439],[77.5829237,13.1381284],[77.5829245,13.1381254],[77.5829298,13.1381069],[77.5831139,13.1376669],[77.5831918,13.1374739],[77.5832483,13.1373251],[77.5834551,13.1367809],[77.5836102,13.1364624],[77.5837211,13.1357374],[77.5838259,13.1352997],[77.5840334,13.135192],[77.5840856,13.1345213],[77.5843376,13.1340402],[77.5845651,13.1337137],[77.5847834,13.1332577],[77.5848995,13.1330904],[77.5851447,13.1327916],[77.5855274,13.1326503],[77.5858534,13.1326291],[77.5858265,13.1327503],[77.5857107,13.133273],[77.5857557,13.1332744],[77.5867627,13.1333075],[77.5881518,13.1333091],[77.5884798,13.1333095],[77.5911727,13.1332293],[77.5913142,13.1332173],[77.5965346,13.1327762],[77.5996635,13.1317744],[77.5999162,13.1308456],[77.5993305,13.1277683],[77.5992026,13.1270415],[77.599191,13.126513],[77.5992032,13.126366],[77.5993077,13.1251042],[77.5992619,13.1249382],[77.5992579,13.1243855],[77.5992491,13.124203],[77.5992622,13.1240598],[77.5992638,13.1240422],[77.5992621,13.1239794],[77.599246,13.1233539],[77.599223,13.1230383],[77.5991761,13.1223957],[77.5991851,13.1221268],[77.5991886,13.1220208],[77.5991849,13.1219812],[77.5991658,13.1217738],[77.5991829,13.1196539],[77.5994839,13.1195259],[77.5997685,13.1194048],[77.6005778,13.1192453],[77.6005706,13.1192194],[77.6005622,13.1191729],[77.6005516,13.1191012],[77.6005508,13.1190274],[77.6005506,13.1189524],[77.6005565,13.1188915],[77.6005606,13.1188336],[77.6005619,13.1188152],[77.6006023,13.1182483],[77.6006059,13.1182166],[77.6006098,13.1181925],[77.6006147,13.1181764],[77.6006202,13.1181581],[77.6006432,13.1180816],[77.6006437,13.1180802],[77.6006515,13.1180541],[77.6006527,13.1180502],[77.6006633,13.1180151],[77.6006682,13.117974],[77.600667,13.1179484],[77.6006649,13.1179058],[77.6006649,13.1179048],[77.6006618,13.1178386],[77.6006556,13.1177072],[77.6006555,13.1177065],[77.6006545,13.1176857],[77.6006488,13.1175634],[77.6006478,13.1175434],[77.600634,13.1175346],[77.6005319,13.11747],[77.6001004,13.1171966],[77.5997082,13.1169481],[77.5991345,13.1165847],[77.5989281,13.1158256],[77.5987206,13.1150626],[77.5986983,13.1149807],[77.5984974,13.1143885],[77.5982262,13.1145312],[77.5981346,13.1145794],[77.5960072,13.1156986],[77.5957297,13.1158471],[77.5948336,13.1163268],[77.5948155,13.1163322],[77.5945788,13.1164029],[77.5943537,13.1164712],[77.5939753,13.1165859],[77.5938199,13.1166331],[77.5934727,13.1167439],[77.5934406,13.1167601],[77.5934173,13.1167819],[77.5934101,13.1167949],[77.5934066,13.1168108],[77.5934049,13.116832],[77.5934047,13.1168347],[77.5934046,13.1168351],[77.593404,13.1168432],[77.5934067,13.1169703],[77.5934033,13.1170048],[77.5933955,13.1170308],[77.5933825,13.1170511],[77.5933569,13.1170724],[77.5932851,13.1171127],[77.5929419,13.1173051],[77.5924064,13.1176224],[77.5923557,13.1176512],[77.5922496,13.1177113],[77.5922199,13.1177282],[77.5918907,13.1179149],[77.5913418,13.1182238],[77.5913138,13.1182399],[77.5913007,13.1182474],[77.5907442,13.1185676],[77.5904578,13.1187298],[77.5903909,13.1187676],[77.5902379,13.1188543],[77.5900157,13.1189723],[77.5899538,13.1190051],[77.5899168,13.1190248],[77.5881261,13.1174456],[77.5867917,13.1162687],[77.5866364,13.1161317],[77.5865441,13.1160498],[77.586201,13.1180564],[77.5859598,13.1196189],[77.5856543,13.1216675],[77.5855374,13.1223261],[77.5854622,13.1227502],[77.5844582,13.1226012],[77.5843118,13.1225795],[77.5836998,13.1224887],[77.5834383,13.1224499],[77.5832472,13.1224215],[77.5826189,13.1223282],[77.581382,13.1221447],[77.5800656,13.1215344],[77.5800632,13.1215332],[77.579843,13.1214311],[77.5793381,13.1211971],[77.5792599,13.1211787],[77.5791433,13.121223],[77.5789362,13.1213085],[77.5786293,13.1211894],[77.57823,13.1210344],[77.5773555,13.1206951],[77.5766635,13.1204265],[77.5761454,13.120407],[77.5760476,13.1204034],[77.5760457,13.1204033],[77.5741243,13.1195695],[77.5736341,13.1193567],[77.5737918,13.1189756],[77.5741101,13.1182059],[77.5741266,13.118166],[77.5743519,13.1175784],[77.5743778,13.1175109],[77.5747776,13.1164682],[77.574805,13.1163967],[77.5748221,13.1160876],[77.5747957,13.1151902],[77.5747941,13.1151366],[77.5747928,13.1150912],[77.5747908,13.1150233],[77.5747862,13.114866],[77.574719,13.1140621],[77.5746542,13.1132862],[77.5746343,13.1122406],[77.5746338,13.1122147],[77.5746313,13.1120839],[77.574627,13.1118611],[77.5746019,13.1118623],[77.5741317,13.1118836],[77.5737211,13.1119022],[77.5736643,13.1119048],[77.5735345,13.1119107],[77.5732932,13.1119216],[77.5719321,13.1119292],[77.571932,13.1119292],[77.5718975,13.1119293],[77.571801,13.1119286],[77.5711746,13.1119235],[77.5708217,13.111916],[77.5705189,13.1119155],[77.5701173,13.1119519],[77.5700516,13.1119495],[77.5700285,13.1119487],[77.5699067,13.1119375],[77.5698497,13.1119322],[77.5697154,13.1119198],[77.5695622,13.1119124],[77.5693293,13.111919],[77.5691801,13.1119229],[77.5690117,13.1119054],[77.5688674,13.1118823],[77.5686262,13.1118044],[77.5684528,13.1117875],[77.568244,13.1117681],[77.5681952,13.1117586],[77.5681122,13.1117309],[77.5680228,13.1117011],[77.5679411,13.1116738],[77.5676181,13.1115713],[77.5674047,13.1115412],[77.5671161,13.111504],[77.5669999,13.1114891],[77.5665976,13.1114372],[77.5663203,13.1118456],[77.5662973,13.1118796],[77.5662896,13.1118909],[77.5662429,13.1119433],[77.5662304,13.1119573],[77.566033,13.1121684],[77.5655145,13.1124094],[77.5649408,13.1126753],[77.5643129,13.1130024],[77.5641258,13.1130963],[77.5633089,13.1133986],[77.5628844,13.1135534],[77.5627519,13.1135752],[77.5626914,13.1135852],[77.5621486,13.1137175],[77.5618963,13.1137812],[77.5618091,13.1138032],[77.5616389,13.1138461],[77.5616063,13.1138544],[77.5618309,13.1144835],[77.5620979,13.1150846],[77.5622009,13.1153109],[77.5622426,13.1153974],[77.562284,13.1155087],[77.5623193,13.1156069],[77.5623285,13.1156408],[77.562355,13.1157606],[77.5623726,13.1158638],[77.5623767,13.1158846],[77.5623785,13.1159203],[77.5623794,13.1159602],[77.5623821,13.1160295],[77.5623927,13.1161001],[77.5623932,13.1161034],[77.5624137,13.11624],[77.5624465,13.116463],[77.5625407,13.1166707],[77.5627501,13.1176769],[77.562839,13.1180319],[77.5629865,13.1186206],[77.5631189,13.1193853],[77.563264,13.1205159],[77.5633907,13.1209392],[77.5638683,13.1218747],[77.5642865,13.1229458],[77.5647423,13.124113],[77.5649712,13.1246623],[77.5655076,13.1260077],[77.567371,13.1255191],[77.5683923,13.1252513],[77.5684482,13.1252366],[77.5684674,13.1252355],[77.5684752,13.1252351],[77.5685075,13.1252304],[77.5686314,13.1252082],[77.5690101,13.1251269],[77.569254,13.1250711],[77.5695771,13.1249972],[77.5695797,13.1250162],[77.5696088,13.1252278],[77.5698801,13.1269068],[77.5699389,13.1274432],[77.5704404,13.1294861],[77.5707176,13.1308183],[77.570868,13.131039],[77.5713164,13.133296],[77.5713717,13.1338803],[77.5718388,13.1352633],[77.5719259,13.1357818],[77.5719373,13.1358502]]],[[[77.6195904,13.1309318],[77.6250288,13.1281575],[77.6259812,13.1275321],[77.6261796,13.127522],[77.6272631,13.1271488],[77.6300735,13.1261806],[77.6302628,13.1261169],[77.6305795,13.1260102],[77.6308286,13.1256511],[77.631282,13.124938],[77.6316116,13.124424],[77.6321203,13.1235014],[77.6324576,13.1229781],[77.6327733,13.1224637],[77.63338,13.121475],[77.6335993,13.1211149],[77.6339597,13.1205361],[77.6342094,13.1201399],[77.634454,13.1197566],[77.6347632,13.1193139],[77.6351811,13.118708],[77.6353481,13.1184797],[77.6354237,13.1183764],[77.6386074,13.1134368],[77.6386073,13.1134366],[77.6385709,13.1133551],[77.6384789,13.1133059],[77.6377164,13.1130376],[77.637357,13.1129493],[77.6364021,13.1127045],[77.6356232,13.1125021],[77.6345702,13.1121318],[77.6344052,13.1120738],[77.6343079,13.1120396],[77.6342401,13.1120322],[77.6342395,13.1120321],[77.6341865,13.1120263],[77.6341129,13.1120183],[77.6332863,13.1119281],[77.6306085,13.1111786],[77.630131,13.1110449],[77.6301223,13.1110425],[77.6301203,13.1110419],[77.6296592,13.1105213],[77.6296036,13.1104537],[77.6293765,13.1102335],[77.6292722,13.1101325],[77.6292582,13.1101189],[77.6287245,13.1095373],[77.6285462,13.1092895],[77.6282733,13.1089745],[77.6282382,13.1089026],[77.6282226,13.108883],[77.6280922,13.1087356],[77.6279666,13.1085211],[77.6278637,13.1083809],[77.6276947,13.1083109],[77.6276739,13.1082754],[77.6276425,13.1082218],[77.6275944,13.1081649],[77.6274835,13.1080549],[77.6274669,13.10805],[77.6274137,13.1080341],[77.6273869,13.1080175],[77.6273774,13.1080116],[77.6273511,13.1079953],[77.6272769,13.1078921],[77.6271782,13.1077214],[77.6270819,13.1075594],[77.6269872,13.1073059],[77.6269281,13.1071475],[77.626856,13.1069546],[77.6268108,13.1068642],[77.6267514,13.1067453],[77.6266626,13.1066506],[77.6260515,13.1058494],[77.6260647,13.1058034],[77.6260648,13.105635],[77.6260649,13.1054843],[77.6260402,13.1053423],[77.6260352,13.1053178],[77.6259967,13.1051323],[77.6260173,13.1051267],[77.6260814,13.1051092],[77.6262387,13.1050662],[77.626459,13.1049316],[77.6265029,13.1049033],[77.6265032,13.1049031],[77.6269189,13.104915],[77.6269271,13.1049152],[77.6279852,13.1049452],[77.6294256,13.1049287],[77.6295423,13.1049274],[77.6292498,13.1039294],[77.6291734,13.1036688],[77.6290971,13.1030678],[77.6290269,13.102514],[77.628516,13.102584],[77.6280171,13.1026706],[77.6278797,13.1026909],[77.6273621,13.1027675],[77.6271453,13.1027996],[77.6270441,13.1028155],[77.6265841,13.102888],[77.6262498,13.1029402],[77.6255824,13.1030446],[77.623627,13.1034129],[77.6230336,13.1035126],[77.6226544,13.1035547],[77.6223343,13.1035748],[77.6223351,13.1036395],[77.6223375,13.1038231],[77.6223395,13.1039862],[77.6223429,13.1041342],[77.622345,13.1041926],[77.6223478,13.1042987],[77.6223459,13.1046663],[77.6224027,13.1048402],[77.6224082,13.1048572],[77.6224286,13.1049198],[77.6224711,13.1050499],[77.6225466,13.1052812],[77.62257,13.1053846],[77.6227715,13.1062772],[77.6228061,13.1065164],[77.6229204,13.1073058],[77.6226706,13.1073337],[77.6222161,13.1074576],[77.6219713,13.107547],[77.6215165,13.1076401],[77.6209148,13.1078151],[77.6212145,13.1085162],[77.6220084,13.1102054],[77.6211071,13.110293],[77.6205783,13.1103233],[77.6198127,13.1103671],[77.6179578,13.1105245],[77.6179196,13.1105279],[77.6179195,13.1105279],[77.6158595,13.1107121],[77.6131202,13.1106254],[77.6127491,13.1106136],[77.6127021,13.1110617],[77.6127027,13.1111086],[77.6120337,13.111152],[77.6119361,13.1111199],[77.6118973,13.1111203],[77.6117415,13.1111241],[77.6112968,13.1111329],[77.6109083,13.111134],[77.6105476,13.1111333],[77.6103595,13.1111252],[77.6103255,13.1111255],[77.6103245,13.1111255],[77.6103003,13.1111258],[77.6103478,13.1112333],[77.6105248,13.1116023],[77.6106148,13.1118105],[77.6106488,13.1119177],[77.6108081,13.1123392],[77.6108786,13.1125476],[77.610932,13.1127574],[77.6109988,13.1128488],[77.6115253,13.1140768],[77.6116631,13.1147339],[77.6116985,13.1149029],[77.6117225,13.1150171],[77.6118006,13.1154838],[77.6118301,13.1156485],[77.6119736,13.1163431],[77.6119797,13.1163726],[77.6119944,13.1164593],[77.6120149,13.1165805],[77.6120173,13.1165944],[77.6121542,13.1174018],[77.6117909,13.1174743],[77.611826,13.117909],[77.6118609,13.1181841],[77.6119177,13.1186323],[77.6118604,13.1186399],[77.6117996,13.1186479],[77.6118038,13.1187099],[77.6121191,13.1208508],[77.6122065,13.1209726],[77.6124404,13.1212868],[77.6125249,13.1217772],[77.6125795,13.122004],[77.6126728,13.1223912],[77.6128843,13.12313],[77.6129374,13.1233099],[77.6130177,13.1232936],[77.6130852,13.1234471],[77.6131641,13.1236201],[77.6132869,13.1238891],[77.6133935,13.1241228],[77.6135197,13.1243237],[77.6135256,13.1243347],[77.6143426,13.1270434],[77.6147258,13.1285051],[77.6149637,13.1289957],[77.6157056,13.1309712],[77.6174578,13.1309498],[77.6195904,13.1309318]]],[[[77.5559669,13.10028],[77.5561305,13.1002401],[77.5561389,13.10024],[77.55616,13.1002388],[77.5562317,13.1002387],[77.5562465,13.1002386],[77.5562683,13.1002373],[77.5563017,13.1002269],[77.5563208,13.1002199],[77.5563938,13.1001881],[77.556467,13.1001605],[77.5564845,13.1001551],[77.5565283,13.1001433],[77.5565865,13.1001352],[77.5566275,13.1001286],[77.5566584,13.1001228],[77.5566847,13.1001143],[77.556768,13.1000859],[77.5568647,13.1000512],[77.5569543,13.1000334],[77.5569734,13.1000296],[77.5570003,13.1000273],[77.5570307,13.1000263],[77.5570617,13.100026],[77.557079,13.1000258],[77.5571052,13.1000229],[77.5571224,13.1000187],[77.5571732,13.0999965],[77.5572197,13.0999734],[77.5572549,13.0999558],[77.5573073,13.0999281],[77.557381,13.0999037],[77.5574954,13.0998663],[77.557654,13.0998145],[77.557696,13.0998031],[77.5577586,13.0997863],[77.5578468,13.0997624],[77.5579411,13.0997324],[77.5580098,13.0997101],[77.5580284,13.0997032],[77.558089,13.0996672],[77.5580936,13.0996632],[77.5581478,13.0996159],[77.5581726,13.0995993],[77.5581958,13.0995837],[77.5582632,13.099548],[77.5583643,13.0994944],[77.5584477,13.0994513],[77.5586731,13.0993424],[77.5588557,13.0992631],[77.5588962,13.0992456],[77.5589921,13.099204],[77.5590663,13.0991709],[77.5591536,13.0991321],[77.5592022,13.0991079],[77.559297,13.0990553],[77.5593698,13.0990179],[77.5595996,13.0989256],[77.5597805,13.0988465],[77.5599238,13.0987839],[77.5600625,13.0987269],[77.5600877,13.0987165],[77.5602172,13.0986633],[77.5602413,13.0986569],[77.5603094,13.0986386],[77.5604014,13.0986049],[77.5604164,13.0985982],[77.5605948,13.0985188],[77.5607984,13.0984309],[77.5609299,13.0983843],[77.5609896,13.098366],[77.5610492,13.0983478],[77.5611754,13.0983043],[77.5612625,13.0982718],[77.5612883,13.0982621],[77.5613361,13.0982444],[77.5613497,13.0982393],[77.5615252,13.098174],[77.5616009,13.0981467],[77.5617677,13.0980865],[77.5617948,13.0980767],[77.5618896,13.098046],[77.5620255,13.0980019],[77.5620842,13.0979828],[77.5621958,13.0979495],[77.5622368,13.0979373],[77.562272,13.0979268],[77.5622908,13.0979212],[77.5624398,13.0978826],[77.5625125,13.0978638],[77.5625413,13.0978564],[77.5626282,13.0978339],[77.5626752,13.0978217],[77.5627282,13.0978051],[77.5628305,13.0977732],[77.5628405,13.0977682],[77.5628493,13.0977637],[77.5628748,13.0977509],[77.5628955,13.0977395],[77.5629322,13.0977002],[77.5629486,13.0976826],[77.5629459,13.0976815],[77.562917,13.0976688],[77.5628963,13.0976597],[77.5628938,13.0976586],[77.5628913,13.0976574],[77.5628889,13.0976561],[77.5628843,13.0976533],[77.562882,13.0976517],[77.5628798,13.0976501],[77.5628777,13.0976485],[77.562849,13.0976256],[77.5628468,13.0976237],[77.5628446,13.0976218],[77.5628426,13.0976198],[77.5628405,13.0976178],[77.5628386,13.0976156],[77.5628368,13.0976135],[77.5628173,13.0975897],[77.5628155,13.0975875],[77.5628138,13.0975852],[77.5628123,13.0975828],[77.5628107,13.0975804],[77.5628093,13.097578],[77.562808,13.0975755],[77.5627461,13.0974556],[77.5626446,13.0972713],[77.5623989,13.0968254],[77.5623294,13.0967065],[77.5620717,13.0962104],[77.5619685,13.0960116],[77.5618946,13.0958705],[77.5618803,13.0958433],[77.5617436,13.0955824],[77.5616904,13.0954807],[77.5616318,13.0953577],[77.5616001,13.0952851],[77.56151,13.0950552],[77.5614742,13.0949622],[77.5614529,13.0948956],[77.5614302,13.0948138],[77.5613673,13.0945745],[77.5613553,13.0945287],[77.5613389,13.094461],[77.5613296,13.0944227],[77.5613143,13.0943498],[77.5613085,13.0943222],[77.5613053,13.0943067],[77.561278,13.0941865],[77.5612603,13.094122],[77.5612516,13.0940979],[77.5612384,13.0940615],[77.5612069,13.0940006],[77.5611875,13.0939669],[77.5611469,13.0939079],[77.5611185,13.0938728],[77.5610666,13.0938199],[77.5606111,13.0933933],[77.5605562,13.093343],[77.5602969,13.0931049],[77.5602295,13.093043],[77.559787,13.0926367],[77.5596945,13.0925517],[77.559643,13.0925037],[77.5595062,13.0923763],[77.5594906,13.0923617],[77.5593482,13.092229],[77.5590356,13.0919423],[77.5589169,13.0918334],[77.5587863,13.0917137],[77.5587791,13.0917071],[77.558676,13.0916125],[77.5585973,13.0915382],[77.5585196,13.0914733],[77.5584981,13.0914554],[77.558374,13.0913547],[77.5582504,13.0912596],[77.5581553,13.091189],[77.558084,13.0911361],[77.5577877,13.0909269],[77.5576803,13.0908566],[77.5579081,13.0904943],[77.5580771,13.0902232],[77.5585311,13.089495],[77.5586405,13.0893793],[77.5587522,13.0892803],[77.5593874,13.0887173],[77.5597713,13.0883453],[77.5601487,13.0880739],[77.5602084,13.0880274],[77.5602939,13.0879709],[77.5603145,13.0879592],[77.5604102,13.087905],[77.5607313,13.0877197],[77.5607328,13.0877188],[77.5611939,13.0874394],[77.5617905,13.0870757],[77.56183,13.0870522],[77.561919,13.086999],[77.5621952,13.0868341],[77.5622969,13.0867779],[77.5625963,13.0866095],[77.5627738,13.0865098],[77.5628504,13.086469],[77.5629002,13.0864369],[77.5629432,13.0864017],[77.5629908,13.0863534],[77.5630253,13.0863105],[77.5631103,13.0861921],[77.5630848,13.0861745],[77.5628848,13.0860141],[77.5626503,13.0858261],[77.5624502,13.0856745],[77.5624062,13.0856411],[77.5621819,13.0854693],[77.5621024,13.0854083],[77.5620782,13.0853898],[77.5619842,13.0853177],[77.561899,13.0852491],[77.5615861,13.0849971],[77.5615401,13.0849601],[77.5615378,13.0849582],[77.5613599,13.0848151],[77.5613348,13.0847949],[77.5611885,13.0846771],[77.5609532,13.0844947],[77.5608313,13.084402],[77.5606813,13.084288],[77.5604898,13.0841377],[77.5604875,13.0841359],[77.5604853,13.0841339],[77.5604832,13.084132],[77.5604812,13.0841299],[77.5604495,13.0840968],[77.5604476,13.0840948],[77.5604458,13.0840927],[77.560444,13.0840905],[77.5604424,13.0840883],[77.5604408,13.084086],[77.5604052,13.0840333],[77.5603825,13.0839925],[77.5603813,13.0839903],[77.5603801,13.083988],[77.5603791,13.0839857],[77.5603781,13.0839833],[77.5603772,13.083981],[77.5603763,13.0839786],[77.5603135,13.0837879],[77.5602755,13.0838084],[77.5602848,13.0838571],[77.5602884,13.0839074],[77.5602885,13.08391],[77.5602886,13.0839127],[77.5602885,13.0839153],[77.5602884,13.083918],[77.5602882,13.0839207],[77.5602879,13.0839233],[77.5602827,13.083963],[77.5602823,13.0839656],[77.5602813,13.083971],[77.5602799,13.0839762],[77.560279,13.0839788],[77.5602551,13.084048],[77.5602236,13.0841065],[77.5602167,13.0841194],[77.5601826,13.0841697],[77.560181,13.084172],[77.5601793,13.0841743],[77.5601774,13.0841765],[77.5601756,13.0841787],[77.5601736,13.0841808],[77.5601715,13.0841828],[77.5601694,13.0841848],[77.5601689,13.0841852],[77.5589181,13.0831642],[77.556895,13.0815694],[77.5568537,13.0816983],[77.5568479,13.081725],[77.5567969,13.0819597],[77.5567343,13.0821964],[77.5566868,13.0823766],[77.5566616,13.0824608],[77.5566512,13.0824956],[77.5566014,13.0826625],[77.5565924,13.0826926],[77.5565902,13.0827001],[77.5565796,13.082741],[77.5565688,13.0827827],[77.5565053,13.0830273],[77.5564834,13.0831115],[77.5564605,13.0831997],[77.5564481,13.083246],[77.5563301,13.0836859],[77.556321,13.0837198],[77.5563082,13.0837677],[77.5562765,13.083886],[77.5562179,13.0841105],[77.5562089,13.0841449],[77.5561671,13.0843052],[77.5560997,13.0845368],[77.5560893,13.0845726],[77.5560177,13.0848186],[77.555971,13.0849973],[77.555964,13.085024],[77.5558984,13.0852745],[77.5558756,13.0853614],[77.5558468,13.0854714],[77.555718,13.0859578],[77.5556787,13.0859759],[77.5554826,13.0860661],[77.5554198,13.0860228],[77.555355,13.0859864],[77.555317,13.0859694],[77.5549299,13.0858157],[77.5547012,13.0857232],[77.5546388,13.085698],[77.554555,13.0856641],[77.5545018,13.0856426],[77.5543791,13.0855931],[77.5543267,13.0855719],[77.5539368,13.08541],[77.5539303,13.0854073],[77.5538028,13.0853538],[77.5537245,13.0853168],[77.5537221,13.0853157],[77.5537198,13.0853144],[77.5537176,13.0853132],[77.5537153,13.0853118],[77.5536737,13.0852854],[77.5536425,13.0852656],[77.5535212,13.0851819],[77.5534156,13.0851033],[77.5533166,13.0850296],[77.5532346,13.0849686],[77.5531804,13.0849293],[77.5530779,13.084855],[77.5529653,13.084786],[77.5529241,13.0847608],[77.5528842,13.0847364],[77.5528605,13.0847252],[77.5528188,13.0847057],[77.5527986,13.0846983],[77.5527699,13.0846877],[77.5526817,13.0846662],[77.5526263,13.0846591],[77.5525633,13.0846544],[77.5524855,13.0846478],[77.5524284,13.0846423],[77.552383,13.0846306],[77.552355,13.0846196],[77.5523369,13.0846125],[77.552327,13.0846087],[77.5522853,13.0845867],[77.5522172,13.0845508],[77.5521598,13.0845137],[77.5520972,13.0844657],[77.5519905,13.0843705],[77.5518448,13.0842313],[77.55178,13.0841583],[77.5516585,13.0840216],[77.5516402,13.0840009],[77.5515127,13.0838372],[77.5514848,13.0837999],[77.5514682,13.0837778],[77.5514495,13.0837539],[77.5514174,13.0837131],[77.5513548,13.0836377],[77.5513207,13.0835967],[77.5512653,13.0835382],[77.5512231,13.0834964],[77.5511167,13.0833909],[77.5508954,13.0831747],[77.5508144,13.0830934],[77.5507314,13.0829993],[77.5506994,13.082959],[77.5506602,13.0828965],[77.5506183,13.0828309],[77.550597,13.0827974],[77.5505056,13.0826609],[77.5503881,13.0824784],[77.5503839,13.0824719],[77.5503388,13.0824065],[77.5503078,13.0823691],[77.550249,13.0823125],[77.5501923,13.0822668],[77.5501643,13.0822471],[77.5501634,13.0822465],[77.5501532,13.0822394],[77.5501106,13.0822173],[77.5500814,13.0822061],[77.5497998,13.0816939],[77.5496891,13.0814948],[77.5496876,13.0814921],[77.5496466,13.0814183],[77.5496279,13.0814198],[77.5495035,13.0814293],[77.5494212,13.0814372],[77.5490578,13.0814722],[77.5488394,13.0815011],[77.5487305,13.0815124],[77.5482874,13.0815586],[77.5481566,13.0815323],[77.5481275,13.0815264],[77.5478423,13.0814691],[77.5477272,13.0814465],[77.5476231,13.0814261],[77.5474325,13.0817552],[77.5472195,13.082123],[77.5472225,13.0821353],[77.5472466,13.0822336],[77.5472804,13.0823992],[77.5472829,13.0824111],[77.5472946,13.0824625],[77.5473302,13.0826182],[77.5473489,13.0827003],[77.5473633,13.082766],[77.5473736,13.0828137],[77.5473785,13.0828363],[77.5474234,13.0830423],[77.5474246,13.0830473],[77.5474425,13.0831215],[77.5474515,13.0831642],[77.5473117,13.0831879],[77.5471459,13.0832159],[77.5470824,13.0832267],[77.5465514,13.0833165],[77.5464248,13.0833379],[77.5463462,13.0833516],[77.5463434,13.0833521],[77.5463717,13.083438],[77.5463797,13.0834623],[77.5464176,13.083576],[77.5464192,13.083576],[77.5464383,13.0835761],[77.5464528,13.0835766],[77.5464691,13.0835775],[77.5464826,13.0835808],[77.5464898,13.0835839],[77.5464951,13.0835872],[77.5464955,13.0835877],[77.5464993,13.0835916],[77.5465024,13.0835962],[77.5465046,13.0836],[77.5465069,13.0836068],[77.5465088,13.0836163],[77.5465096,13.0836265],[77.546508,13.0836678],[77.5465056,13.083878],[77.5465053,13.0839073],[77.5465024,13.0841675],[77.5465022,13.0841799],[77.5464991,13.0843236],[77.5464987,13.0843408],[77.5464958,13.0844771],[77.5464895,13.0847651],[77.546483,13.0849548],[77.5463467,13.0849532],[77.5459106,13.0849298],[77.5456194,13.0849269],[77.5453064,13.0849416],[77.545246,13.0849444],[77.5451857,13.0849472],[77.5451875,13.0849684],[77.5452045,13.0851689],[77.545153,13.0852414],[77.5448186,13.0857124],[77.5446549,13.0858761],[77.5440252,13.0862371],[77.5439515,13.0863234],[77.5439149,13.0863662],[77.5431484,13.0872627],[77.5431324,13.0872726],[77.543031,13.0873477],[77.5429277,13.0874318],[77.5429104,13.0874472],[77.5428866,13.0874684],[77.5428225,13.0875405],[77.5427927,13.0875741],[77.5426973,13.0876734],[77.542668,13.0877039],[77.5424177,13.0879989],[77.5423787,13.0880448],[77.5420606,13.0884197],[77.541997,13.0885019],[77.5418955,13.0886331],[77.5418681,13.0886686],[77.5415935,13.0890235],[77.5415571,13.0890705],[77.5408163,13.0900279],[77.5408323,13.0902538],[77.5408304,13.090277],[77.5408157,13.0904603],[77.5408154,13.0904785],[77.5408145,13.090541],[77.5408174,13.0911244],[77.5408126,13.0911964],[77.5408037,13.0913299],[77.5407792,13.0915394],[77.5407761,13.0915725],[77.5407759,13.0915745],[77.5407622,13.0917189],[77.5407495,13.0918288],[77.5407418,13.0918946],[77.540737,13.0919549],[77.5407335,13.0919989],[77.5407306,13.092058],[77.5407306,13.0920583],[77.5407304,13.0920825],[77.5407296,13.0921956],[77.5407302,13.0922542],[77.5407348,13.0923623],[77.54074,13.0924378],[77.5407479,13.0924892],[77.5407625,13.0925607],[77.5407994,13.0927314],[77.5408006,13.0927371],[77.5408094,13.0927773],[77.5408133,13.092795],[77.5408385,13.0929099],[77.5408654,13.0930322],[77.5408723,13.0930631],[77.5409074,13.0932101],[77.5409098,13.0932331],[77.5409103,13.0932547],[77.5409102,13.0932728],[77.5409079,13.0932875],[77.5409068,13.0932914],[77.5409058,13.0932953],[77.540901,13.0933053],[77.5408926,13.0933174],[77.5408625,13.0933427],[77.540695,13.0934359],[77.5405271,13.0935258],[77.5405115,13.0935341],[77.5402623,13.0936675],[77.5402323,13.0936851],[77.5402028,13.0937036],[77.5401739,13.0937229],[77.5401138,13.0937606],[77.5401058,13.0937662],[77.540098,13.0937719],[77.5400904,13.0937779],[77.540083,13.093784],[77.5400757,13.0937904],[77.5400376,13.0938257],[77.540033,13.0938313],[77.5400286,13.0938371],[77.5400244,13.093843],[77.5400204,13.0938491],[77.5400166,13.0938553],[77.5400131,13.0938616],[77.5400098,13.093868],[77.5400067,13.0938745],[77.5400038,13.0938812],[77.5400012,13.0938879],[77.5399988,13.0938947],[77.5399966,13.0939016],[77.5399947,13.0939086],[77.5399931,13.0939156],[77.5399916,13.0939226],[77.5399905,13.0939298],[77.5399896,13.0939369],[77.5399889,13.0939441],[77.5399885,13.0939513],[77.5399884,13.0939569],[77.5397745,13.0940378],[77.539726,13.0940569],[77.5395147,13.0941353],[77.5393314,13.0942039],[77.5393303,13.0942044],[77.5393477,13.0942189],[77.5409618,13.0955612],[77.5409688,13.0955808],[77.5409872,13.095609],[77.5410007,13.0956262],[77.5410108,13.0956382],[77.5410218,13.0956483],[77.54104,13.0956602],[77.5410544,13.095669],[77.5410813,13.0956819],[77.5411034,13.0956906],[77.5411244,13.0956965],[77.5411292,13.0956978],[77.5411431,13.0957003],[77.5411719,13.0957054],[77.5412348,13.0957141],[77.5413278,13.0957204],[77.5414933,13.0957334],[77.5415925,13.095738],[77.541701,13.0957383],[77.5417441,13.095736],[77.5418175,13.0957268],[77.5419491,13.0957057],[77.5419976,13.095699],[77.5420174,13.0956962],[77.5420806,13.0956875],[77.5423063,13.0956423],[77.5423364,13.0956342],[77.5423374,13.0956361],[77.5423396,13.0956409],[77.5423398,13.0956408],[77.5424602,13.0959095],[77.5425744,13.0961611],[77.5426287,13.0962806],[77.5427808,13.0966153],[77.5428985,13.0968802],[77.54295,13.0970051],[77.5430344,13.09721],[77.5431329,13.0974467],[77.5430944,13.0974643],[77.5430723,13.0974744],[77.543756,13.0991803],[77.5445516,13.1013193],[77.5447772,13.1013126],[77.5467731,13.1012534],[77.5468302,13.1012471],[77.5469251,13.1012368],[77.5475678,13.1011289],[77.5479126,13.1010834],[77.5485228,13.1010628],[77.5495996,13.1010265],[77.5500401,13.1009749],[77.5513625,13.1008631],[77.5525386,13.1006865],[77.5542336,13.1004618],[77.5553543,13.1004121],[77.5554712,13.1004032],[77.5554959,13.1003968],[77.5556613,13.1003541],[77.5559669,13.10028]]]]}}]}
